year_film,year_ceremony,ceremony,category,name,film,winner
1999,2000,72,ACTOR IN A LEADING ROLE,Russell Crowe,The Insider,False
1999,2000,72,ACTOR IN A LEADING ROLE,Richard Farnsworth,The Straight Story,False
1999,2000,72,ACTOR IN A LEADING ROLE,Sean Penn,Sweet and Lowdown,False
1999,2000,72,ACTOR IN A LEADING ROLE,Kevin Spacey,American Beauty,True
1999,2000,72,ACTOR IN A LEADING ROLE,Denzel Washington,The Hurricane,False
1999,2000,72,ACTOR IN A SUPPORTING ROLE,Michael Caine,The Cider House Rules,True
1999,2000,72,ACTOR IN A SUPPORTING ROLE,Tom Cruise,Magnolia,False
1999,2000,72,ACTOR IN A SUPPORTING ROLE,Michael Clarke Duncan,The Green Mile,False
1999,2000,72,ACTOR IN A SUPPORTING ROLE,Jude Law,The Talented Mr. Ripley,False
1999,2000,72,ACTOR IN A SUPPORTING ROLE,Haley Joel Osment,The Sixth Sense,False
1999,2000,72,ACTRESS IN A LEADING ROLE,Annette Bening,American Beauty,False
1999,2000,72,ACTRESS IN A LEADING ROLE,Janet McTeer,Tumbleweeds,False
1999,2000,72,ACTRESS IN A LEADING ROLE,Julianne Moore,The End of the Affair,False
1999,2000,72,ACTRESS IN A LEADING ROLE,Meryl Streep,Music of the Heart,False
1999,2000,72,ACTRESS IN A LEADING ROLE,Hilary Swank,Boys Don't Cry,True
1999,2000,72,ACTRESS IN A SUPPORTING ROLE,Toni Collette,The Sixth Sense,False
1999,2000,72,ACTRESS IN A SUPPORTING ROLE,Angelina Jolie,"Girl, Interrupted",True
1999,2000,72,ACTRESS IN A SUPPORTING ROLE,Catherine Keener,Being John Malkovich,False
1999,2000,72,ACTRESS IN A SUPPORTING ROLE,Samantha Morton,Sweet and Lowdown,False
1999,2000,72,ACTRESS IN A SUPPORTING ROLE,Chloë Sevigny,Boys Don't Cry,False
1999,2000,72,ART DIRECTION,Art Direction:  Luciana Arrighi;  Set Decoration:  Ian Whittaker,Anna and the King,False
1999,2000,72,ART DIRECTION,Art Direction:  David Gropman;  Set Decoration:  Beth Rubino,The Cider House Rules,False
1999,2000,72,ART DIRECTION,Art Direction:  Rick Heinrichs;  Set Decoration:  Peter Young,Sleepy Hollow,True
1999,2000,72,ART DIRECTION,Art Direction:  Roy Walker;  Set Decoration:  Bruno Cesari,The Talented Mr. Ripley,False
1999,2000,72,ART DIRECTION,"Art Direction:  Eve Stewart;  Set Decoration:  Eve Stewart, John Bush",Topsy-Turvy,False
1999,2000,72,CINEMATOGRAPHY,Conrad L. Hall,American Beauty,True
1999,2000,72,CINEMATOGRAPHY,Roger Pratt,The End of the Affair,False
1999,2000,72,CINEMATOGRAPHY,Dante Spinotti,The Insider,False
1999,2000,72,CINEMATOGRAPHY,Emmanuel Lubezki,Sleepy Hollow,False
1999,2000,72,CINEMATOGRAPHY,Robert Richardson,Snow Falling on Cedars,False
1999,2000,72,COSTUME DESIGN,Jenny Beavan,Anna and the King,False
1999,2000,72,COSTUME DESIGN,Colleen Atwood,Sleepy Hollow,False
1999,2000,72,COSTUME DESIGN,"Ann Roth, Gary Jones",The Talented Mr. Ripley,False
1999,2000,72,COSTUME DESIGN,Milena Canonero,Titus,False
1999,2000,72,COSTUME DESIGN,Lindy Hemming,Topsy-Turvy,True
1999,2000,72,DIRECTING,Sam Mendes,American Beauty,True
1999,2000,72,DIRECTING,Spike Jonze,Being John Malkovich,False
1999,2000,72,DIRECTING,Lasse Hallström,The Cider House Rules,False
1999,2000,72,DIRECTING,Michael Mann,The Insider,False
1999,2000,72,DIRECTING,M. Night Shyamalan,The Sixth Sense,False
1999,2000,72,DOCUMENTARY (Feature),"Wim Wenders, Ulrich Felsberg",Buena Vista Social Club,False
1999,2000,72,DOCUMENTARY (Feature),"Roko Belic, Adrian Belic",Genghis Blues,False
1999,2000,72,DOCUMENTARY (Feature),"Nanette Burstein, Brett Morgen",On the Ropes,False
1999,2000,72,DOCUMENTARY (Feature),"Arthur Cohn, Kevin Macdonald",One Day in September,True
1999,2000,72,DOCUMENTARY (Feature),"Paola di Florio, Lilibet Foster",Speaking in Strings,False
1999,2000,72,DOCUMENTARY (Short Subject),Bert Van Bork,Eyewitness,False
1999,2000,72,DOCUMENTARY (Short Subject),"Susan Hannah Hadary, William A. Whiteford",King Gimp,True
1999,2000,72,DOCUMENTARY (Short Subject),"Simeon Soffer, Jonathan Stack",The Wildest Show in the South: The Angola Prison Rodeo,False
1999,2000,72,FILM EDITING,"Tariq Anwar, Christopher Greenbury",American Beauty,False
1999,2000,72,FILM EDITING,Lisa Zeno Churgin,The Cider House Rules,False
1999,2000,72,FILM EDITING,"William Goldenberg, Paul Rubell, David Rosenbloom",The Insider,False
1999,2000,72,FILM EDITING,Zach Staenberg,The Matrix,True
1999,2000,72,FILM EDITING,Andrew Mondshein,The Sixth Sense,False
1999,2000,72,FOREIGN LANGUAGE FILM,Spain,All about My Mother,True
1999,2000,72,FOREIGN LANGUAGE FILM,Nepal,Caravan,False
1999,2000,72,FOREIGN LANGUAGE FILM,France,East-West,False
1999,2000,72,FOREIGN LANGUAGE FILM,United Kingdom,Solomon and Gaenor,False
1999,2000,72,FOREIGN LANGUAGE FILM,Sweden,Under the Sun,False
1999,2000,72,MAKEUP,"Michèle Burke, Mike Smithson",Austin Powers: The Spy Who Shagged Me,False
1999,2000,72,MAKEUP,Greg Cannom,Bicentennial Man,False
1999,2000,72,MAKEUP,Rick Baker,Life,False
1999,2000,72,MAKEUP,"Christine Blundell, Trefor Proud",Topsy-Turvy,True
1999,2000,72,MUSIC (Original Score),Thomas Newman,American Beauty,False
1999,2000,72,MUSIC (Original Score),John Williams,Angela's Ashes,False
1999,2000,72,MUSIC (Original Score),Rachel Portman,The Cider House Rules,False
1999,2000,72,MUSIC (Original Score),John Corigliano,The Red Violin,True
1999,2000,72,MUSIC (Original Score),Gabriel Yared,The Talented Mr. Ripley,False
1999,2000,72,MUSIC (Original Song),Music and Lyric by Trey Parker and Marc Shaiman,"South Park: Bigger, Longer & Uncut",False
1999,2000,72,MUSIC (Original Song),Music and Lyric by Diane Warren,Music of the Heart,False
1999,2000,72,MUSIC (Original Song),Music and Lyric by Aimee Mann,Magnolia,False
1999,2000,72,MUSIC (Original Song),Music and Lyric by Randy Newman,Toy Story 2,False
1999,2000,72,MUSIC (Original Song),Music and Lyric by Phil Collins,Tarzan,True
1999,2000,72,BEST PICTURE,"Bruce Cohen and Dan Jinks, Producers",American Beauty,True
1999,2000,72,BEST PICTURE,"Richard N. Gladstein, Producer",The Cider House Rules,False
1999,2000,72,BEST PICTURE,"David Valdes and Frank Darabont, Producers",The Green Mile,False
1999,2000,72,BEST PICTURE,"Michael Mann and Pieter Jan Brugge, Producers",The Insider,False
1999,2000,72,BEST PICTURE,"Frank Marshall, Kathleen Kennedy and Barry Mendel, Producers",The Sixth Sense,False
1999,2000,72,SHORT FILM (Animated),Peter Peake,Humdrum,False
1999,2000,72,SHORT FILM (Animated),Torill Kove,My Grandmother Ironed the King's Shirts,False
1999,2000,72,SHORT FILM (Animated),Alexander Petrov,The Old Man and the Sea,True
1999,2000,72,SHORT FILM (Animated),Paul Driessen,3 Misses,False
1999,2000,72,SHORT FILM (Animated),"Wendy Tilby, Amanda Forbis",When the Day Breaks,False
1999,2000,72,SHORT FILM (Live Action),"Henrik Ruben Genz, Michael W. Horsten","Bror, Min Bror (Teis and Nico)",False
1999,2000,72,SHORT FILM (Live Action),"Mehdi Norowzian, Steve Wax",Killing Joe,False
1999,2000,72,SHORT FILM (Live Action),"Marc-Andreas Bochert, Gabriele Lins",Kleingeld (Small Change),False
1999,2000,72,SHORT FILM (Live Action),Marcus Olsson,Major and Minor Miracles,False
1999,2000,72,SHORT FILM (Live Action),"Barbara Schock, Tammy Tiehel",My Mother Dreams the Satan's Disciples in New York,True
1999,2000,72,SOUND,"Robert J. Litt, Elliot Tyson, Michael Herbick, Willie D. Burton",The Green Mile,False
1999,2000,72,SOUND,"Andy Nelson, Doug Hemphill, Lee Orloff",The Insider,False
1999,2000,72,SOUND,"John Reitz, Gregg Rudloff, David Campbell, David Lee",The Matrix,True
1999,2000,72,SOUND,"Leslie Shatz, Chris Carpenter, Rick Kline, Chris Munro",The Mummy,False
1999,2000,72,SOUND,"Gary Rydstrom, Tom Johnson, Shawn Murphy, John Midgley",Star Wars Episode I: The Phantom Menace,False
1999,2000,72,SOUND EFFECTS EDITING,"Ren Klyce, Richard Hymns",Fight Club,False
1999,2000,72,SOUND EFFECTS EDITING,Dane A. Davis,The Matrix,True
1999,2000,72,SOUND EFFECTS EDITING,"Ben Burtt, Tom Bellfort",Star Wars Episode I: The Phantom Menace,False
1999,2000,72,VISUAL EFFECTS,"John Gaeta, Janek Sirrs, Steve Courtley, Jon Thum",The Matrix,True
1999,2000,72,VISUAL EFFECTS,"John Knoll, Dennis Muren, Scott Squires, Rob Coleman",Star Wars Episode I: The Phantom Menace,False
1999,2000,72,VISUAL EFFECTS,"John Dykstra, Jerome Chen, Henry F. Anderson III, Eric Allard",Stuart Little,False
1999,2000,72,WRITING (Screenplay Based on Material Previously Produced or Published),John Irving,The Cider House Rules,True
1999,2000,72,WRITING (Screenplay Based on Material Previously Produced or Published),"Alexander Payne, Jim Taylor",Election,False
1999,2000,72,WRITING (Screenplay Based on Material Previously Produced or Published),Frank Darabont,The Green Mile,False
1999,2000,72,WRITING (Screenplay Based on Material Previously Produced or Published),"Eric Roth, Michael Mann",The Insider,False
1999,2000,72,WRITING (Screenplay Based on Material Previously Produced or Published),Anthony Minghella,The Talented Mr. Ripley,False
1999,2000,72,WRITING (Screenplay Written Directly for the Screen),Alan Ball,American Beauty,True
1999,2000,72,WRITING (Screenplay Written Directly for the Screen),Charlie Kaufman,Being John Malkovich,False
1999,2000,72,WRITING (Screenplay Written Directly for the Screen),Paul Thomas Anderson,Magnolia,False
1999,2000,72,WRITING (Screenplay Written Directly for the Screen),M. Night Shyamalan,The Sixth Sense,False
1999,2000,72,WRITING (Screenplay Written Directly for the Screen),Mike Leigh,Topsy-Turvy,False
1999,2000,72,HONORARY AWARD, Andrzej Wajda in recognition of five decades of extraordinary film direction.,,True
1999,2000,72,IRVING G. THALBERG MEMORIAL AWARD,Warren Beatty,,True
2000,2001,73,ACTOR IN A LEADING ROLE,Javier Bardem,Before Night Falls,False
2000,2001,73,ACTOR IN A LEADING ROLE,Russell Crowe,Gladiator,True
2000,2001,73,ACTOR IN A LEADING ROLE,Tom Hanks,Cast Away,False
2000,2001,73,ACTOR IN A LEADING ROLE,Ed Harris,Pollock,False
2000,2001,73,ACTOR IN A LEADING ROLE,Geoffrey Rush,Quills,False
2000,2001,73,ACTOR IN A SUPPORTING ROLE,Jeff Bridges,The Contender,False
2000,2001,73,ACTOR IN A SUPPORTING ROLE,Willem Dafoe,Shadow of the Vampire,False
2000,2001,73,ACTOR IN A SUPPORTING ROLE,Benicio Del Toro,Traffic,True
2000,2001,73,ACTOR IN A SUPPORTING ROLE,Albert Finney,Erin Brockovich,False
2000,2001,73,ACTOR IN A SUPPORTING ROLE,Joaquin Phoenix,Gladiator,False
2000,2001,73,ACTRESS IN A LEADING ROLE,Joan Allen,The Contender,False
2000,2001,73,ACTRESS IN A LEADING ROLE,Juliette Binoche,Chocolat,False
2000,2001,73,ACTRESS IN A LEADING ROLE,Ellen Burstyn,Requiem for a Dream,False
2000,2001,73,ACTRESS IN A LEADING ROLE,Laura Linney,You Can Count on Me,False
2000,2001,73,ACTRESS IN A LEADING ROLE,Julia Roberts,Erin Brockovich,True
2000,2001,73,ACTRESS IN A SUPPORTING ROLE,Judi Dench,Chocolat,False
2000,2001,73,ACTRESS IN A SUPPORTING ROLE,Marcia Gay Harden,Pollock,True
2000,2001,73,ACTRESS IN A SUPPORTING ROLE,Kate Hudson,Almost Famous,False
2000,2001,73,ACTRESS IN A SUPPORTING ROLE,Frances McDormand,Almost Famous,False
2000,2001,73,ACTRESS IN A SUPPORTING ROLE,Julie Walters,Billy Elliot,False
2000,2001,73,ART DIRECTION,Tim Yip,"Crouching Tiger, Hidden Dragon",True
2000,2001,73,ART DIRECTION,Art Direction:  Michael Corenblith;  Set Decoration:  Merideth Boswell,Dr. Seuss' How the Grinch Stole Christmas,False
2000,2001,73,ART DIRECTION,Art Direction:  Arthur Max;  Set Decoration:  Crispian Sallis,Gladiator,False
2000,2001,73,ART DIRECTION,Art Direction:  Martin Childs;  Set Decoration:  Jill Quertier,Quills,False
2000,2001,73,ART DIRECTION,Art Direction:  Jean Rabasse;  Set Decoration:  Françoise Benoît-Fresco,Vatel,False
2000,2001,73,CINEMATOGRAPHY,Peter Pau,"Crouching Tiger, Hidden Dragon",True
2000,2001,73,CINEMATOGRAPHY,John Mathieson,Gladiator,False
2000,2001,73,CINEMATOGRAPHY,Lajos Koltai,Malèna,False
2000,2001,73,CINEMATOGRAPHY,Roger Deakins,"O Brother, Where Art Thou?",False
2000,2001,73,CINEMATOGRAPHY,Caleb Deschanel,The Patriot,False
2000,2001,73,COSTUME DESIGN,Tim Yip,"Crouching Tiger, Hidden Dragon",False
2000,2001,73,COSTUME DESIGN,Rita Ryack,Dr. Seuss' How the Grinch Stole Christmas,False
2000,2001,73,COSTUME DESIGN,Janty Yates,Gladiator,True
2000,2001,73,COSTUME DESIGN,Anthony Powell,102 Dalmatians,False
2000,2001,73,COSTUME DESIGN,Jacqueline West,Quills,False
2000,2001,73,DIRECTING,Stephen Daldry,Billy Elliot,False
2000,2001,73,DIRECTING,Ang Lee,"Crouching Tiger, Hidden Dragon",False
2000,2001,73,DIRECTING,Steven Soderbergh,Erin Brockovich,False
2000,2001,73,DIRECTING,Ridley Scott,Gladiator,False
2000,2001,73,DIRECTING,Steven Soderbergh,Traffic,True
2000,2001,73,DOCUMENTARY (Feature),"Mark Jonathan Harris, Deborah Oppenheimer",Into the Arms of Strangers: Stories of the Kindertransport,True
2000,2001,73,DOCUMENTARY (Feature),Tod Lending,Legacy,False
2000,2001,73,DOCUMENTARY (Feature),"Frances Reid, Deborah Hoffmann",Long Night's Journey into Day,False
2000,2001,73,DOCUMENTARY (Feature),"Barak Goodman, Daniel Anker",Scottsboro: An American Tragedy,False
2000,2001,73,DOCUMENTARY (Feature),"Josh Aronson, Roger Weisberg",Sound and Fury,False
2000,2001,73,DOCUMENTARY (Short Subject),Tracy Seretean,Big Mama,True
2000,2001,73,DOCUMENTARY (Short Subject),"Chuck Braverman, Steve Kalafer",Curtain Call,False
2000,2001,73,DOCUMENTARY (Short Subject),"Greg MacGillivray, Alec Lorimore",Dolphins,False
2000,2001,73,DOCUMENTARY (Short Subject),Daniel Raim,The Man on Lincoln's Nose,False
2000,2001,73,DOCUMENTARY (Short Subject),"Eric Simonson, Leelai Demoz",On Tiptoe: Gentle Steps to Freedom,False
2000,2001,73,FILM EDITING,"Joe Hutshing, Saar Klein",Almost Famous,False
2000,2001,73,FILM EDITING,Tim Squyres,"Crouching Tiger, Hidden Dragon",False
2000,2001,73,FILM EDITING,Pietro Scalia,Gladiator,False
2000,2001,73,FILM EDITING,Stephen Mirrione,Traffic,True
2000,2001,73,FILM EDITING,Dede Allen,Wonder Boys,False
2000,2001,73,FOREIGN LANGUAGE FILM,Mexico,Amores Perros,False
2000,2001,73,FOREIGN LANGUAGE FILM,Taiwan,"Crouching Tiger, Hidden Dragon",True
2000,2001,73,FOREIGN LANGUAGE FILM,Czech Republic,Divided We Fall,False
2000,2001,73,FOREIGN LANGUAGE FILM,Belgium,Everybody Famous!,False
2000,2001,73,FOREIGN LANGUAGE FILM,France,The Taste of Others,False
2000,2001,73,MAKEUP,"Michèle Burke, Edouard Henriques",The Cell,False
2000,2001,73,MAKEUP,"Rick Baker, Gail Ryan",Dr. Seuss' How the Grinch Stole Christmas,True
2000,2001,73,MAKEUP,"Ann Buchanan, Amber Sibley",Shadow of the Vampire,False
2000,2001,73,MUSIC (Original Score),Rachel Portman,Chocolat,False
2000,2001,73,MUSIC (Original Score),Tan Dun,"Crouching Tiger, Hidden Dragon",True
2000,2001,73,MUSIC (Original Score),Hans Zimmer,Gladiator,False
2000,2001,73,MUSIC (Original Score),Ennio Morricone,Malèna,False
2000,2001,73,MUSIC (Original Score),John Williams,The Patriot,False
2000,2001,73,MUSIC (Original Song),Music and Lyric by Randy Newman,Meet the Parents,False
2000,2001,73,MUSIC (Original Song),Music by Björk; Lyric by Lars von Trier and Sjon Sigurdsson,Dancer in the Dark,False
2000,2001,73,MUSIC (Original Song),Music by Jorge Calandrelli and Tan Dun; Lyric by James Schamus,"Crouching Tiger, Hidden Dragon",False
2000,2001,73,MUSIC (Original Song),Music by Sting and David Hartley; Lyric by Sting,The Emperor's New Groove,False
2000,2001,73,MUSIC (Original Song),Music and Lyric by Bob Dylan,Wonder Boys,True
2000,2001,73,BEST PICTURE,"David Brown, Kit Golden and Leslie Holleran, Producers",Chocolat,False
2000,2001,73,BEST PICTURE,"Bill Kong, Hsu Li Kong and Ang Lee, Producers","Crouching Tiger, Hidden Dragon",False
2000,2001,73,BEST PICTURE,"Danny DeVito, Michael Shamberg and Stacey Sher, Producers",Erin Brockovich,False
2000,2001,73,BEST PICTURE,"Douglas Wick, David Franzoni and Branko Lustig, Producers",Gladiator,True
2000,2001,73,BEST PICTURE,"Edward Zwick, Marshall Herskovitz and Laura Bickford, Producers",Traffic,False
2000,2001,73,SHORT FILM (Animated),Michael Dudok de Wit,Father and Daughter,True
2000,2001,73,SHORT FILM (Animated),"Steffen Schäffler, Annette Schäffler",The Periwig-Maker,False
2000,2001,73,SHORT FILM (Animated),Don Hertzfeldt,Rejected,False
2000,2001,73,SHORT FILM (Live Action),"Peter Riegert, Ericka Frederick",By Courier,False
2000,2001,73,SHORT FILM (Live Action),"Joan Stein, Christina Lazaridi",One Day Crossing,False
2000,2001,73,SHORT FILM (Live Action),Florian Gallenberger,Quiero Ser (I want to be...),True
2000,2001,73,SHORT FILM (Live Action),"Gail Lerner, Colin Campbell",Seraglio,False
2000,2001,73,SHORT FILM (Live Action),Paulo Machline,A Soccer Story (Uma Historia de Futebol),False
2000,2001,73,SOUND,"Randy Thom, Tom Johnson, Dennis Sands, William B. Kaplan",Cast Away,False
2000,2001,73,SOUND,"Scott Millan, Bob Beemer, Ken Weston",Gladiator,True
2000,2001,73,SOUND,"Kevin O'Connell, Greg P. Russell, Lee Orloff",The Patriot,False
2000,2001,73,SOUND,"John Reitz, Gregg Rudloff, David Campbell, Keith A. Wester",The Perfect Storm,False
2000,2001,73,SOUND,"Steve Maslow, Gregg Landaker, Rick Kline, Ivan Sharrock",U-571,False
2000,2001,73,SOUND EDITING,"Alan Robert Murray, Bub Asman",Space Cowboys,False
2000,2001,73,SOUND EDITING,Jon Johnson,U-571,True
2000,2001,73,VISUAL EFFECTS,"John Nelson, Neil Corbould, Tim Burke, Rob Harvey",Gladiator,True
2000,2001,73,VISUAL EFFECTS,"Scott E. Anderson, Craig Hayes, Scott Stokdyk, Stan Parks",Hollow Man,False
2000,2001,73,VISUAL EFFECTS,"Stefen Fangmeier, Habib Zargarpour, John Frazier, Walt Conti",The Perfect Storm,False
2000,2001,73,WRITING (Screenplay Based on Material Previously Produced or Published),Screenplay by Robert Nelson Jacobs,Chocolat,False
2000,2001,73,WRITING (Screenplay Based on Material Previously Produced or Published),Written by Wang Hui Ling and James Schamus and Tsai Kuo Jung,"Crouching Tiger, Hidden Dragon",False
2000,2001,73,WRITING (Screenplay Based on Material Previously Produced or Published),Written by Ethan Coen & Joel Coen,"O Brother, Where Art Thou?",False
2000,2001,73,WRITING (Screenplay Based on Material Previously Produced or Published),Screenplay by Stephen Gaghan,Traffic,True
2000,2001,73,WRITING (Screenplay Based on Material Previously Produced or Published),Screenplay by Steve Kloves,Wonder Boys,False
2000,2001,73,WRITING (Screenplay Written Directly for the Screen),Written by Cameron Crowe,Almost Famous,True
2000,2001,73,WRITING (Screenplay Written Directly for the Screen),Written by Lee Hall,Billy Elliot,False
2000,2001,73,WRITING (Screenplay Written Directly for the Screen),Written by Susannah Grant,Erin Brockovich,False
2000,2001,73,WRITING (Screenplay Written Directly for the Screen),Screenplay by David Franzoni and John Logan and William Nicholson;  Story by David Franzoni,Gladiator,False
2000,2001,73,WRITING (Screenplay Written Directly for the Screen),Written by Kenneth Lonergan,You Can Count on Me,False
2000,2001,73,HONORARY AWARD, Jack Cardiff,,True
2000,2001,73,HONORARY AWARD, Ernest Lehman,,True
2000,2001,73,IRVING G. THALBERG MEMORIAL AWARD,Dino De Laurentiis,,True
2001,2002,74,ACTOR IN A LEADING ROLE,Russell Crowe,A Beautiful Mind,False
2001,2002,74,ACTOR IN A LEADING ROLE,Sean Penn,I Am Sam,False
2001,2002,74,ACTOR IN A LEADING ROLE,Will Smith,Ali,False
2001,2002,74,ACTOR IN A LEADING ROLE,Denzel Washington,Training Day,True
2001,2002,74,ACTOR IN A LEADING ROLE,Tom Wilkinson,In the Bedroom,False
2001,2002,74,ACTOR IN A SUPPORTING ROLE,Jim Broadbent,Iris,True
2001,2002,74,ACTOR IN A SUPPORTING ROLE,Ethan Hawke,Training Day,False
2001,2002,74,ACTOR IN A SUPPORTING ROLE,Ben Kingsley,Sexy Beast,False
2001,2002,74,ACTOR IN A SUPPORTING ROLE,Ian McKellen,The Lord of the Rings: The Fellowship of the Ring,False
2001,2002,74,ACTOR IN A SUPPORTING ROLE,Jon Voight,Ali,False
2001,2002,74,ACTRESS IN A LEADING ROLE,Halle Berry,Monster's Ball,True
2001,2002,74,ACTRESS IN A LEADING ROLE,Judi Dench,Iris,False
2001,2002,74,ACTRESS IN A LEADING ROLE,Nicole Kidman,Moulin Rouge,False
2001,2002,74,ACTRESS IN A LEADING ROLE,Sissy Spacek,In the Bedroom,False
2001,2002,74,ACTRESS IN A LEADING ROLE,Renée Zellweger,Bridget Jones's Diary,False
2001,2002,74,ACTRESS IN A SUPPORTING ROLE,Jennifer Connelly,A Beautiful Mind,True
2001,2002,74,ACTRESS IN A SUPPORTING ROLE,Helen Mirren,Gosford Park,False
2001,2002,74,ACTRESS IN A SUPPORTING ROLE,Maggie Smith,Gosford Park,False
2001,2002,74,ACTRESS IN A SUPPORTING ROLE,Marisa Tomei,In the Bedroom,False
2001,2002,74,ACTRESS IN A SUPPORTING ROLE,Kate Winslet,Iris,False
2001,2002,74,ANIMATED FEATURE FILM,"Steve Oedekerk, John A. Davis",Jimmy Neutron: Boy Genius,False
2001,2002,74,ANIMATED FEATURE FILM,"Pete Docter, John Lasseter","Monsters, Inc.",False
2001,2002,74,ANIMATED FEATURE FILM,Aron Warner,Shrek,True
2001,2002,74,ART DIRECTION,Art Direction:  Aline Bonetto; Set Decoration:  Marie-Laure Valla,Amélie,False
2001,2002,74,ART DIRECTION,Art Direction:  Stephen Altman; Set Decoration:  Anna Pinnock,Gosford Park,False
2001,2002,74,ART DIRECTION,Art Direction:  Stuart Craig; Set Decoration:  Stephenie McMillan,Harry Potter and the Sorcerer's Stone,False
2001,2002,74,ART DIRECTION,Art Direction:  Grant Major; Set Decoration:  Dan Hennah,The Lord of the Rings: The Fellowship of the Ring,False
2001,2002,74,ART DIRECTION,Art Direction:  Catherine Martin; Set Decoration:  Brigitte Broch,Moulin Rouge,True
2001,2002,74,CINEMATOGRAPHY,Bruno Delbonnel,Amélie,False
2001,2002,74,CINEMATOGRAPHY,Slawomir Idziak,Black Hawk Down,False
2001,2002,74,CINEMATOGRAPHY,Andrew Lesnie,The Lord of the Rings: The Fellowship of the Ring,True
2001,2002,74,CINEMATOGRAPHY,Roger Deakins,The Man Who Wasn't There,False
2001,2002,74,CINEMATOGRAPHY,Donald M. McAlpine,Moulin Rouge,False
2001,2002,74,COSTUME DESIGN,Milena Canonero,The Affair of the Necklace,False
2001,2002,74,COSTUME DESIGN,Jenny Beavan,Gosford Park,False
2001,2002,74,COSTUME DESIGN,Judianna Makovsky,Harry Potter and the Sorcerer's Stone,False
2001,2002,74,COSTUME DESIGN,"Ngila Dickson, Richard Taylor",The Lord of the Rings: The Fellowship of the Ring,False
2001,2002,74,COSTUME DESIGN,"Catherine Martin, Angus Strathie",Moulin Rouge,True
2001,2002,74,DIRECTING,Ron Howard,A Beautiful Mind,True
2001,2002,74,DIRECTING,Ridley Scott,Black Hawk Down,False
2001,2002,74,DIRECTING,Robert Altman,Gosford Park,False
2001,2002,74,DIRECTING,Peter Jackson,The Lord of the Rings: The Fellowship of the Ring,False
2001,2002,74,DIRECTING,David Lynch,Mulholland Drive,False
2001,2002,74,DOCUMENTARY (Feature),Edet Belzberg,Children Underground,False
2001,2002,74,DOCUMENTARY (Feature),"Susan Froemke, Deborah Dickson",LaLee's Kin: The Legacy of Cotton,False
2001,2002,74,DOCUMENTARY (Feature),"Jean-Xavier de Lestrade, Denis Poncet",Murder on a Sunday Morning,True
2001,2002,74,DOCUMENTARY (Feature),"Justine Shapiro, B.Z. Goldberg",Promises,False
2001,2002,74,DOCUMENTARY (Feature),Christian Frei,War Photographer,False
2001,2002,74,DOCUMENTARY (Short Subject),Lianne Klapper McNally,Artists and Orphans: A True Drama,False
2001,2002,74,DOCUMENTARY (Short Subject),"Freida Lee Mock, Jessica Sanders",Sing!,False
2001,2002,74,DOCUMENTARY (Short Subject),"Sarah Kernochan, Lynn Appelle",Thoth,True
2001,2002,74,FILM EDITING,"Mike Hill, Dan Hanley",A Beautiful Mind,False
2001,2002,74,FILM EDITING,Pietro Scalia,Black Hawk Down,True
2001,2002,74,FILM EDITING,John Gilbert,The Lord of the Rings: The Fellowship of the Ring,False
2001,2002,74,FILM EDITING,Dody Dorn,Memento,False
2001,2002,74,FILM EDITING,Jill Bilcock,Moulin Rouge,False
2001,2002,74,FOREIGN LANGUAGE FILM,France,Amélie,False
2001,2002,74,FOREIGN LANGUAGE FILM,Norway,Elling,False
2001,2002,74,FOREIGN LANGUAGE FILM,India,Lagaan,False
2001,2002,74,FOREIGN LANGUAGE FILM,Bosnia & Herzegovina,No Man's Land,True
2001,2002,74,FOREIGN LANGUAGE FILM,Argentina,Son of the Bride,False
2001,2002,74,MAKEUP,"Greg Cannom, Colleen Callaghan",A Beautiful Mind,False
2001,2002,74,MAKEUP,"Peter Owen, Richard Taylor",The Lord of the Rings: The Fellowship of the Ring,True
2001,2002,74,MAKEUP,"Maurizio Silvi, Aldo Signoretti",Moulin Rouge,False
2001,2002,74,MUSIC (Original Score),John Williams,A.I. Artificial Intelligence,False
2001,2002,74,MUSIC (Original Score),James Horner,A Beautiful Mind,False
2001,2002,74,MUSIC (Original Score),John Williams,Harry Potter and the Sorcerer's Stone,False
2001,2002,74,MUSIC (Original Score),Howard Shore,The Lord of the Rings: The Fellowship of the Ring,True
2001,2002,74,MUSIC (Original Score),Randy Newman,"Monsters, Inc.",False
2001,2002,74,MUSIC (Original Song),Music and Lyric by Randy Newman,"Monsters, Inc.",True
2001,2002,74,MUSIC (Original Song),"Music and Lyric by Enya, Nicky Ryan and Roma Ryan",The Lord of the Rings: The Fellowship of the Ring,False
2001,2002,74,MUSIC (Original Song),Music and Lyric by Diane Warren,Pearl Harbor,False
2001,2002,74,MUSIC (Original Song),Music and Lyric by Sting,Kate & Leopold,False
2001,2002,74,MUSIC (Original Song),Music and Lyric by Paul McCartney,Vanilla Sky,False
2001,2002,74,BEST PICTURE,"Brian Grazer and Ron Howard, Producers",A Beautiful Mind,True
2001,2002,74,BEST PICTURE,"Robert Altman, Bob Balaban and David Levy, Producers",Gosford Park,False
2001,2002,74,BEST PICTURE,"Graham Leader, Ross Katz and Todd Field, Producers",In the Bedroom,False
2001,2002,74,BEST PICTURE,"Peter Jackson, Fran Walsh and Barrie M. Osborne, Producers",The Lord of the Rings: The Fellowship of the Ring,False
2001,2002,74,BEST PICTURE,"Martin Brown, Baz Luhrmann and Fred Baron, Producers",Moulin Rouge,False
2001,2002,74,SHORT FILM (Animated),"Ruairi Robinson, Seamus Byrne",Fifty Percent Grey,False
2001,2002,74,SHORT FILM (Animated),Ralph Eggleston,For the Birds,True
2001,2002,74,SHORT FILM (Animated),"Cathal Gaffney, Darragh O'Connell",Give Up Yer Aul Sins,False
2001,2002,74,SHORT FILM (Animated),Cordell Barker,Strange Invaders,False
2001,2002,74,SHORT FILM (Animated),Joseph E. Merideth,Stubble Trouble,False
2001,2002,74,SHORT FILM (Live Action),"Ray McKinnon, Lisa Blount",the accountant,True
2001,2002,74,SHORT FILM (Live Action),Virgil Widrich,Copy Shop,False
2001,2002,74,SHORT FILM (Live Action),Johannes Kiefer,Gregor's Greatest Invention,False
2001,2002,74,SHORT FILM (Live Action),"Slawomir Fabicki, Bogumil Godfrejow",A Man Thing (Meska Sprawa),False
2001,2002,74,SHORT FILM (Live Action),"Kalman Apple, Shameela Bakhsh",Speed for Thespians,False
2001,2002,74,SOUND,"Vincent Arnardi, Guillaume Leriche, Jean Umansky",Amélie,False
2001,2002,74,SOUND,"Michael Minkler, Myron Nettinga, Chris Munro",Black Hawk Down,True
2001,2002,74,SOUND,"Christopher Boyes, Michael Semanick, Gethin Creagh, Hammond Peek",The Lord of the Rings: The Fellowship of the Ring,False
2001,2002,74,SOUND,"Andy Nelson, Anna Behlmer, Roger Savage, Guntis Sics",Moulin Rouge,False
2001,2002,74,SOUND,"Kevin O'Connell, Greg P. Russell, Peter J. Devlin",Pearl Harbor,False
2001,2002,74,SOUND EDITING,"Gary Rydstrom, Michael Silvers","Monsters, Inc.",False
2001,2002,74,SOUND EDITING,"George Watters II, Christopher Boyes",Pearl Harbor,True
2001,2002,74,VISUAL EFFECTS,"Dennis Muren, Scott Farrar, Stan Winston, Michael Lantieri",A.I. Artificial Intelligence,False
2001,2002,74,VISUAL EFFECTS,"Jim Rygiel, Randall William Cook, Richard Taylor, Mark Stetson",The Lord of the Rings: The Fellowship of the Ring,True
2001,2002,74,VISUAL EFFECTS,"Eric Brevig, John Frazier, Ed Hirsh, Ben Snow",Pearl Harbor,False
2001,2002,74,WRITING (Screenplay Based on Material Previously Produced or Published),Written by Akiva Goldsman,A Beautiful Mind,True
2001,2002,74,WRITING (Screenplay Based on Material Previously Produced or Published),Written by Daniel Clowes & Terry Zwigoff,Ghost World,False
2001,2002,74,WRITING (Screenplay Based on Material Previously Produced or Published),Screenplay by Rob Festinger and Todd Field,In the Bedroom,False
2001,2002,74,WRITING (Screenplay Based on Material Previously Produced or Published),"Screenplay by Fran Walsh, Philippa Boyens, Peter Jackson",The Lord of the Rings: The Fellowship of the Ring,False
2001,2002,74,WRITING (Screenplay Based on Material Previously Produced or Published),Written by Ted Elliott & Terry Rossio and Joe Stillman and Roger S.H. Schulman,Shrek,False
2001,2002,74,WRITING (Screenplay Written Directly for the Screen),Screenplay by Guillaume Laurant and Jean-Pierre Jeunet; Dialogue by Guillaume Laurant,Amélie,False
2001,2002,74,WRITING (Screenplay Written Directly for the Screen),Written by Julian Fellowes,Gosford Park,True
2001,2002,74,WRITING (Screenplay Written Directly for the Screen),Screenplay by Christopher Nolan; Story by Jonathan Nolan,Memento,False
2001,2002,74,WRITING (Screenplay Written Directly for the Screen),Written by Milo Addica & Will Rokos,Monster's Ball,False
2001,2002,74,WRITING (Screenplay Written Directly for the Screen),Written by Wes Anderson & Owen Wilson,The Royal Tenenbaums,False
2001,2002,74,JEAN HERSHOLT HUMANITARIAN AWARD,Arthur Hiller,,True
2001,2002,74,HONORARY AWARD, Sidney Poitier in recognition of his remarkable accomplishments as an artist and as a human being.,,True
2001,2002,74,HONORARY AWARD, Robert Redford:  Actor,,True
2002,2003,75,ACTOR IN A LEADING ROLE,Adrien Brody,The Pianist,True
2002,2003,75,ACTOR IN A LEADING ROLE,Nicolas Cage,Adaptation,False
2002,2003,75,ACTOR IN A LEADING ROLE,Michael Caine,The Quiet American,False
2002,2003,75,ACTOR IN A LEADING ROLE,Daniel Day-Lewis,Gangs of New York,False
2002,2003,75,ACTOR IN A LEADING ROLE,Jack Nicholson,About Schmidt,False
2002,2003,75,ACTOR IN A SUPPORTING ROLE,Chris Cooper,Adaptation,True
2002,2003,75,ACTOR IN A SUPPORTING ROLE,Ed Harris,The Hours,False
2002,2003,75,ACTOR IN A SUPPORTING ROLE,Paul Newman,Road to Perdition,False
2002,2003,75,ACTOR IN A SUPPORTING ROLE,John C. Reilly,Chicago,False
2002,2003,75,ACTOR IN A SUPPORTING ROLE,Christopher Walken,Catch Me If You Can,False
2002,2003,75,ACTRESS IN A LEADING ROLE,Salma Hayek,Frida,False
2002,2003,75,ACTRESS IN A LEADING ROLE,Nicole Kidman,The Hours,True
2002,2003,75,ACTRESS IN A LEADING ROLE,Diane Lane,Unfaithful,False
2002,2003,75,ACTRESS IN A LEADING ROLE,Julianne Moore,Far from Heaven,False
2002,2003,75,ACTRESS IN A LEADING ROLE,Renée Zellweger,Chicago,False
2002,2003,75,ACTRESS IN A SUPPORTING ROLE,Kathy Bates,About Schmidt,False
2002,2003,75,ACTRESS IN A SUPPORTING ROLE,Julianne Moore,The Hours,False
2002,2003,75,ACTRESS IN A SUPPORTING ROLE,Queen Latifah,Chicago,False
2002,2003,75,ACTRESS IN A SUPPORTING ROLE,Meryl Streep,Adaptation,False
2002,2003,75,ACTRESS IN A SUPPORTING ROLE,Catherine Zeta-Jones,Chicago,True
2002,2003,75,ANIMATED FEATURE FILM,Chris Wedge,Ice Age,False
2002,2003,75,ANIMATED FEATURE FILM,Chris Sanders,Lilo & Stitch,False
2002,2003,75,ANIMATED FEATURE FILM,Jeffrey Katzenberg,Spirit: Stallion of the Cimarron,False
2002,2003,75,ANIMATED FEATURE FILM,Hayao Miyazaki,Spirited Away,True
2002,2003,75,ANIMATED FEATURE FILM,Ron Clements,Treasure Planet,False
2002,2003,75,ART DIRECTION,Art Direction:  John Myhre; Set Decoration:  Gordon Sim,Chicago,True
2002,2003,75,ART DIRECTION,Art Direction:  Felipe Fernandez del Paso; Set Decoration:  Hania Robledo,Frida,False
2002,2003,75,ART DIRECTION,Art Direction:  Dante Ferretti; Set Decoration:  Francesca Lo Schiavo,Gangs of New York,False
2002,2003,75,ART DIRECTION,Art Direction:  Grant Major; Set Decoration:  Dan Hennah and Alan Lee,The Lord of the Rings: The Two Towers,False
2002,2003,75,ART DIRECTION,Art Direction:  Dennis Gassner; Set Decoration:  Nancy Haigh,Road to Perdition,False
2002,2003,75,CINEMATOGRAPHY,Dion Beebe,Chicago,False
2002,2003,75,CINEMATOGRAPHY,Edward Lachman,Far from Heaven,False
2002,2003,75,CINEMATOGRAPHY,Michael Ballhaus,Gangs of New York,False
2002,2003,75,CINEMATOGRAPHY,Pawel Edelman,The Pianist,False
2002,2003,75,CINEMATOGRAPHY,Conrad L. Hall,Road to Perdition,True
2002,2003,75,COSTUME DESIGN,Colleen Atwood,Chicago,True
2002,2003,75,COSTUME DESIGN,Julie Weiss,Frida,False
2002,2003,75,COSTUME DESIGN,Sandy Powell,Gangs of New York,False
2002,2003,75,COSTUME DESIGN,Ann Roth,The Hours,False
2002,2003,75,COSTUME DESIGN,Anna Sheppard,The Pianist,False
2002,2003,75,DIRECTING,Rob Marshall,Chicago,False
2002,2003,75,DIRECTING,Martin Scorsese,Gangs of New York,False
2002,2003,75,DIRECTING,Stephen Daldry,The Hours,False
2002,2003,75,DIRECTING,Roman Polanski,The Pianist,True
2002,2003,75,DIRECTING,Pedro Almodóvar,Talk to Her,False
2002,2003,75,DOCUMENTARY (Feature),"Michael Moore, Michael Donovan",Bowling for Columbine,True
2002,2003,75,DOCUMENTARY (Feature),"Gail Dolgin, Vicente Franco",Daughter from Danang,False
2002,2003,75,DOCUMENTARY (Feature),"Malcolm Clarke, Stuart Sender",Prisoner of Paradise,False
2002,2003,75,DOCUMENTARY (Feature),"Jeffrey Blitz, Sean Welch",Spellbound,False
2002,2003,75,DOCUMENTARY (Feature),Jacques Perrin,Winged Migration,False
2002,2003,75,DOCUMENTARY (Short Subject),Alice Elliott,The Collector of Bedford Street,False
2002,2003,75,DOCUMENTARY (Short Subject),"Robert Hudson, Bobby Houston",Mighty Times: The Legacy of Rosa Parks,False
2002,2003,75,DOCUMENTARY (Short Subject),"Bill Guttentag, Robert David Port",Twin Towers,True
2002,2003,75,DOCUMENTARY (Short Subject),"Roger Weisberg, Murray Nossel",Why Can't We Be a Family Again?,False
2002,2003,75,FILM EDITING,Martin Walsh,Chicago,True
2002,2003,75,FILM EDITING,Thelma Schoonmaker,Gangs of New York,False
2002,2003,75,FILM EDITING,Peter Boyle,The Hours,False
2002,2003,75,FILM EDITING,Michael Horton,The Lord of the Rings: The Two Towers,False
2002,2003,75,FILM EDITING,Hervé de Luze,The Pianist,False
2002,2003,75,FOREIGN LANGUAGE FILM,Mexico,El Crimen del Padre Amaro,False
2002,2003,75,FOREIGN LANGUAGE FILM,People's Republic of China,Hero,False
2002,2003,75,FOREIGN LANGUAGE FILM,Finland,The Man without a Past,False
2002,2003,75,FOREIGN LANGUAGE FILM,Germany,Nowhere in Africa,True
2002,2003,75,FOREIGN LANGUAGE FILM,The Netherlands,Zus & Zo,False
2002,2003,75,MAKEUP,"John Jackson, Beatrice De Alba",Frida,True
2002,2003,75,MAKEUP,"John M. Elliott, Jr., Barbara Lorenz",The Time Machine,False
2002,2003,75,MUSIC (Original Score),John Williams,Catch Me If You Can,False
2002,2003,75,MUSIC (Original Score),Elmer Bernstein,Far from Heaven,False
2002,2003,75,MUSIC (Original Score),Elliot Goldenthal,Frida,True
2002,2003,75,MUSIC (Original Score),Philip Glass,The Hours,False
2002,2003,75,MUSIC (Original Score),Thomas Newman,Road to Perdition,False
2002,2003,75,MUSIC (Original Song),Music by Elliot Goldenthal; Lyric by Julie Taymor,Frida,False
2002,2003,75,MUSIC (Original Song),Music and Lyric by Paul Simon,The Wild Thornberrys Movie,False
2002,2003,75,MUSIC (Original Song),"Music and Lyric by Bono, The Edge, Adam Clayton and Larry Mullen",Gangs of New York,False
2002,2003,75,MUSIC (Original Song),Music by John Kander; Lyric by Fred Ebb,Chicago,False
2002,2003,75,MUSIC (Original Song),"Music by Eminem, Jeff Bass and Luis Resto; Lyric by Eminem",8 Mile,True
2002,2003,75,BEST PICTURE,"Martin Richards, Producer",Chicago,True
2002,2003,75,BEST PICTURE,"Alberto Grimaldi and Harvey Weinstein, Producers",Gangs of New York,False
2002,2003,75,BEST PICTURE,"Scott Rudin and Robert Fox, Producers",The Hours,False
2002,2003,75,BEST PICTURE,"Barrie M. Osborne, Fran Walsh and Peter Jackson, Producers",The Lord of the Rings: The Two Towers,False
2002,2003,75,BEST PICTURE,"Roman Polanski, Robert Benmussa and Alain Sarde, Producers",The Pianist,False
2002,2003,75,SHORT FILM (Animated),Tomek Baginski,The Cathedral,False
2002,2003,75,SHORT FILM (Animated),Eric Armstrong,The ChubbChubbs!,True
2002,2003,75,SHORT FILM (Animated),"Chris Stenner, Heidi Wittlinger",Das Rad,False
2002,2003,75,SHORT FILM (Animated),"Pete Docter, Roger Gould",Mike's New Car,False
2002,2003,75,SHORT FILM (Animated),Koji Yamamura,Mt. Head,False
2002,2003,75,SHORT FILM (Live Action),"Dirk Beliën, Anja Daelemans",Fait D'Hiver,False
2002,2003,75,SHORT FILM (Live Action),"Philippe Orreindy, Thomas Gaudin",I'll Wait for the Next One... (J'Attendrai Le Suivant...),False
2002,2003,75,SHORT FILM (Live Action),"Steven Pasvolsky, Joe Weatherstone",Inja (Dog),False
2002,2003,75,SHORT FILM (Live Action),"Lexi Alexander, Alexander Buono",Johnny Flynton,False
2002,2003,75,SHORT FILM (Live Action),"Martin Strange-Hansen, Mie Andreasen",This Charming Man (Der Er En Yndig Mand),True
2002,2003,75,SOUND,"Michael Minkler, Dominick Tavella, David Lee",Chicago,True
2002,2003,75,SOUND,"Tom Fleischman, Eugene Gearty, Ivan Sharrock",Gangs of New York,False
2002,2003,75,SOUND,"Christopher Boyes, Michael Semanick, Michael Hedges, Hammond Peek",The Lord of the Rings: The Two Towers,False
2002,2003,75,SOUND,"Scott Millan, Bob Beemer, John Patrick Pritchett",Road to Perdition,False
2002,2003,75,SOUND,"Kevin O'Connell, Greg P. Russell, Ed Novick",Spider-Man,False
2002,2003,75,SOUND EDITING,"Ethan Van der Ryn, Michael Hopkins",The Lord of the Rings: The Two Towers,True
2002,2003,75,SOUND EDITING,"Richard Hymns, Gary Rydstrom",Minority Report,False
2002,2003,75,SOUND EDITING,Scott A. Hecker,Road to Perdition,False
2002,2003,75,VISUAL EFFECTS,"Jim Rygiel, Joe Letteri, Randall William Cook, Alex Funke",The Lord of the Rings: The Two Towers,True
2002,2003,75,VISUAL EFFECTS,"John Dykstra, Scott Stokdyk, Anthony LaMolinara, John Frazier",Spider-Man,False
2002,2003,75,VISUAL EFFECTS,"Rob Coleman, Pablo Helman, John Knoll, Ben Snow",Star Wars Episode II Attack of the Clones,False
2002,2003,75,WRITING (Adapted Screenplay),Screenplay by Peter Hedges and Chris Weitz & Paul Weitz,About a Boy,False
2002,2003,75,WRITING (Adapted Screenplay),Screenplay by Charlie Kaufman and Donald Kaufman,Adaptation,False
2002,2003,75,WRITING (Adapted Screenplay),Screenplay by Bill Condon,Chicago,False
2002,2003,75,WRITING (Adapted Screenplay),Screenplay by David Hare,The Hours,False
2002,2003,75,WRITING (Adapted Screenplay),Screenplay by Ronald Harwood,The Pianist,True
2002,2003,75,WRITING (Original Screenplay),Written by Todd Haynes,Far from Heaven,False
2002,2003,75,WRITING (Original Screenplay),Screenplay by Jay Cocks and Steve Zaillian and Kenneth Lonergan; Story by Jay Cocks,Gangs of New York,False
2002,2003,75,WRITING (Original Screenplay),Written by Nia Vardalos,My Big Fat Greek Wedding,False
2002,2003,75,WRITING (Original Screenplay),Written by Pedro Almodóvar,Talk to Her,True
2002,2003,75,WRITING (Original Screenplay),Written by Carlos Cuarón and Alfonso Cuarón,Y Tu Mamá También,False
2002,2003,75,HONORARY AWARD, Peter O'ole,,True
2003,2004,76,ACTOR IN A LEADING ROLE,Johnny Depp,Pirates of the Caribbean: The Curse of the Black Pearl,False
2003,2004,76,ACTOR IN A LEADING ROLE,Ben Kingsley,House of Sand and Fog,False
2003,2004,76,ACTOR IN A LEADING ROLE,Jude Law,Cold Mountain,False
2003,2004,76,ACTOR IN A LEADING ROLE,Bill Murray,Lost in Translation,False
2003,2004,76,ACTOR IN A LEADING ROLE,Sean Penn,Mystic River,True
2003,2004,76,ACTOR IN A SUPPORTING ROLE,Alec Baldwin,The Cooler,False
2003,2004,76,ACTOR IN A SUPPORTING ROLE,Benicio Del Toro,21 Grams,False
2003,2004,76,ACTOR IN A SUPPORTING ROLE,Djimon Hounsou,In America,False
2003,2004,76,ACTOR IN A SUPPORTING ROLE,Tim Robbins,Mystic River,True
2003,2004,76,ACTOR IN A SUPPORTING ROLE,Ken Watanabe,The Last Samurai,False
2003,2004,76,ACTRESS IN A LEADING ROLE,Keisha Castle-Hughes,Whale Rider,False
2003,2004,76,ACTRESS IN A LEADING ROLE,Diane Keaton,Something's Gotta Give,False
2003,2004,76,ACTRESS IN A LEADING ROLE,Samantha Morton,In America,False
2003,2004,76,ACTRESS IN A LEADING ROLE,Charlize Theron,Monster,True
2003,2004,76,ACTRESS IN A LEADING ROLE,Naomi Watts,21 Grams,False
2003,2004,76,ACTRESS IN A SUPPORTING ROLE,Shohreh Aghdashloo,House of Sand and Fog,False
2003,2004,76,ACTRESS IN A SUPPORTING ROLE,Patricia Clarkson,Pieces of April,False
2003,2004,76,ACTRESS IN A SUPPORTING ROLE,Marcia Gay Harden,Mystic River,False
2003,2004,76,ACTRESS IN A SUPPORTING ROLE,Holly Hunter,Thirteen,False
2003,2004,76,ACTRESS IN A SUPPORTING ROLE,Renée Zellweger,Cold Mountain,True
2003,2004,76,ANIMATED FEATURE FILM,Aaron Blaise and Robert Walker,Brother Bear,False
2003,2004,76,ANIMATED FEATURE FILM,Andrew Stanton,Finding Nemo,True
2003,2004,76,ANIMATED FEATURE FILM,Sylvain Chomet,The Triplets of Belleville,False
2003,2004,76,ART DIRECTION,Art Direction: Ben Van Os; Set Decoration: Cecile Heideman,Girl with a Pearl Earring,False
2003,2004,76,ART DIRECTION,Art Direction: Lilly Kilvert; Set Decoration: Gretchen Rau,The Last Samurai,False
2003,2004,76,ART DIRECTION,Art Direction: Grant Major; Set Decoration: Dan Hennah and Alan Lee,The Lord of the Rings: The Return of the King,True
2003,2004,76,ART DIRECTION,Art Direction: William Sandell; Set Decoration: Robert Gould,Master and Commander: The Far Side of the World,False
2003,2004,76,ART DIRECTION,Art Direction: Jeannine Oppewall; Set Decoration: Leslie Pope,Seabiscuit,False
2003,2004,76,CINEMATOGRAPHY,Cesar Charlone,City of God,False
2003,2004,76,CINEMATOGRAPHY,John Seale,Cold Mountain,False
2003,2004,76,CINEMATOGRAPHY,Eduardo Serra,Girl with a Pearl Earring,False
2003,2004,76,CINEMATOGRAPHY,Russell Boyd,Master and Commander: The Far Side of the World,True
2003,2004,76,CINEMATOGRAPHY,John Schwartzman,Seabiscuit,False
2003,2004,76,COSTUME DESIGN,Dien van Straalen,Girl with a Pearl Earring,False
2003,2004,76,COSTUME DESIGN,Ngila Dickson,The Last Samurai,False
2003,2004,76,COSTUME DESIGN,Ngila Dickson and Richard Taylor,The Lord of the Rings: The Return of the King,True
2003,2004,76,COSTUME DESIGN,Wendy Stites,Master and Commander: The Far Side of the World,False
2003,2004,76,COSTUME DESIGN,Judianna Makovsky,Seabiscuit,False
2003,2004,76,DIRECTING,Fernando Meirelles,City of God,False
2003,2004,76,DIRECTING,Peter Jackson,The Lord of the Rings: The Return of the King,True
2003,2004,76,DIRECTING,Sofia Coppola,Lost in Translation,False
2003,2004,76,DIRECTING,Peter Weir,Master and Commander: The Far Side of the World,False
2003,2004,76,DIRECTING,Clint Eastwood,Mystic River,False
2003,2004,76,DOCUMENTARY (Feature),Carlos Bosch and Josep Maria Domenech,Balseros,False
2003,2004,76,DOCUMENTARY (Feature),Andrew Jarecki and Marc Smerling,Capturing the Friedmans,False
2003,2004,76,DOCUMENTARY (Feature),Errol Morris and Michael Williams,The Fog of War,True
2003,2004,76,DOCUMENTARY (Feature),Nathaniel Kahn and Susan R. Behr,My Architect,False
2003,2004,76,DOCUMENTARY (Feature),Sam Green and Bill Siegel,The Weather Underground,False
2003,2004,76,DOCUMENTARY (Short Subject),Sandy McLeod and Gini Reticker,Asylum,False
2003,2004,76,DOCUMENTARY (Short Subject),Maryann DeLeo,Chernobyl Heart,True
2003,2004,76,DOCUMENTARY (Short Subject),Katja Esson,Ferry Tales,False
2003,2004,76,FILM EDITING,Daniel Rezende,City of God,False
2003,2004,76,FILM EDITING,Walter Murch,Cold Mountain,False
2003,2004,76,FILM EDITING,Jamie Selkirk,The Lord of the Rings: The Return of the King,True
2003,2004,76,FILM EDITING,Lee Smith,Master and Commander: The Far Side of the World,False
2003,2004,76,FILM EDITING,William Goldenberg,Seabiscuit,False
2003,2004,76,FOREIGN LANGUAGE FILM,Canada,The Barbarian Invasions,True
2003,2004,76,FOREIGN LANGUAGE FILM,Sweden,Evil,False
2003,2004,76,FOREIGN LANGUAGE FILM,Japan,The Twilight Samurai,False
2003,2004,76,FOREIGN LANGUAGE FILM,The Netherlands,Twin Sisters,False
2003,2004,76,FOREIGN LANGUAGE FILM,Czech Republic,Zelary,False
2003,2004,76,MAKEUP,Richard Taylor and Peter King,The Lord of the Rings: The Return of the King,True
2003,2004,76,MAKEUP,Edouard Henriques III and Yolanda Toussieng,Master and Commander: The Far Side of the World,False
2003,2004,76,MAKEUP,Ve Neill and Martin Samuel,Pirates of the Caribbean: The Curse of the Black Pearl,False
2003,2004,76,MUSIC (Original Score),Danny Elfman,Big Fish,False
2003,2004,76,MUSIC (Original Score),Gabriel Yared,Cold Mountain,False
2003,2004,76,MUSIC (Original Score),Thomas Newman,Finding Nemo,False
2003,2004,76,MUSIC (Original Score),James Horner,House of Sand and Fog,False
2003,2004,76,MUSIC (Original Score),Howard Shore,The Lord of the Rings: The Return of the King,True
2003,2004,76,MUSIC (Original Song),Music by Benoît Charest; Lyric by Sylvain Chomet,The Triplets of Belleville,False
2003,2004,76,MUSIC (Original Song),Music and Lyric by Fran Walsh and Howard Shore and Annie Lennox,The Lord of the Rings: The Return of the King,True
2003,2004,76,MUSIC (Original Song),Music and Lyric by Michael McKean and Annette O'Toole,A Mighty Wind,False
2003,2004,76,MUSIC (Original Song),Music and Lyric by T Bone Burnett and Elvis Costello,Cold Mountain,False
2003,2004,76,MUSIC (Original Song),Music and Lyric by Sting,Cold Mountain,False
2003,2004,76,BEST PICTURE,"Barrie M. Osborne, Peter Jackson and Fran Walsh, Producers",The Lord of the Rings: The Return of the King,True
2003,2004,76,BEST PICTURE,"Ross Katz and Sofia Coppola, Producers",Lost in Translation,False
2003,2004,76,BEST PICTURE,"Samuel Goldwyn, Jr., Peter Weir and Duncan Henderson, Producers",Master and Commander: The Far Side of the World,False
2003,2004,76,BEST PICTURE,"Robert Lorenz, Judie G. Hoyt and Clint Eastwood, Producers",Mystic River,False
2003,2004,76,BEST PICTURE,"Kathleen Kennedy, Frank Marshall and Gary Ross, Producers",Seabiscuit,False
2003,2004,76,SHORT FILM (Animated),Bud Luckey,Boundin',False
2003,2004,76,SHORT FILM (Animated),Dominique Monfery and Roy Edward Disney,Destino,False
2003,2004,76,SHORT FILM (Animated),Carlos Saldanha and John C. Donkin,Gone Nutty,False
2003,2004,76,SHORT FILM (Animated),Adam Elliot,Harvie Krumpet,True
2003,2004,76,SHORT FILM (Animated),Chris Hinton,Nibbles,False
2003,2004,76,SHORT FILM (Live Action),Florian Baxmeyer,Die Rote Jacke (The Red Jacket),False
2003,2004,76,SHORT FILM (Live Action),Bobby Garabedian and William Zabka,Most (The Bridge),False
2003,2004,76,SHORT FILM (Live Action),Lionel Bailliu,Squash,False
2003,2004,76,SHORT FILM (Live Action),Stefan Arsenijevi¿,(A) Torzija [(A) Torsion],False
2003,2004,76,SHORT FILM (Live Action),Aaron Schneider and Andrew J. Sacks,Two Soldiers,True
2003,2004,76,SOUND EDITING,Gary Rydstrom and Michael Silvers,Finding Nemo,False
2003,2004,76,SOUND EDITING,Richard King,Master and Commander: The Far Side of the World,True
2003,2004,76,SOUND EDITING,Christopher Boyes and George Watters II,Pirates of the Caribbean: The Curse of the Black Pearl,False
2003,2004,76,SOUND MIXING,"Andy Nelson, Anna Behlmer and Jeff Wexler",The Last Samurai,False
2003,2004,76,SOUND MIXING,"Christopher Boyes, Michael Semanick, Michael Hedges and Hammond Peek",The Lord of the Rings: The Return of the King,True
2003,2004,76,SOUND MIXING,"Paul Massey, D.M. Hemphill and Arthur Rochester",Master and Commander: The Far Side of the World,False
2003,2004,76,SOUND MIXING,"Christopher Boyes, David Parker, David Campbell and Lee Orloff",Pirates of the Caribbean: The Curse of the Black Pearl,False
2003,2004,76,SOUND MIXING,"Andy Nelson, Anna Behlmer and Tod A. Maitland",Seabiscuit,False
2003,2004,76,VISUAL EFFECTS,"Jim Rygiel, Joe Letteri, Randall William Cook and Alex Funke",The Lord of the Rings: The Return of the King,True
2003,2004,76,VISUAL EFFECTS,"Dan Sudick, Stefen Fangmeier, Nathan McGuinness and Robert Stromberg",Master and Commander: The Far Side of the World,False
2003,2004,76,VISUAL EFFECTS,"John Knoll, Hal Hickel, Charles Gibson and Terry Frazee",Pirates of the Caribbean: The Curse of the Black Pearl,False
2003,2004,76,WRITING (Adapted Screenplay),Written by Robert Pulcini & Shari Springer Berman,American Splendor,False
2003,2004,76,WRITING (Adapted Screenplay),Screenplay by Braulio Mantovani,City of God,False
2003,2004,76,WRITING (Adapted Screenplay),"Screenplay by Fran Walsh, Philippa Boyens & Peter Jackson",The Lord of the Rings: The Return of the King,True
2003,2004,76,WRITING (Adapted Screenplay),Screenplay by Brian Helgeland,Mystic River,False
2003,2004,76,WRITING (Adapted Screenplay),Written for the Screen by Gary Ross,Seabiscuit,False
2003,2004,76,WRITING (Original Screenplay),Written by Denys Arcand,The Barbarian Invasions,False
2003,2004,76,WRITING (Original Screenplay),Written by Steven Knight,Dirty Pretty Things,False
2003,2004,76,WRITING (Original Screenplay),"Screenplay by Andrew Stanton, Bob Peterson and David Reynolds; Original Story by Andrew Stanton",Finding Nemo,False
2003,2004,76,WRITING (Original Screenplay),Written by Jim Sheridan & Naomi Sheridan & Kirsten Sheridan,In America,False
2003,2004,76,WRITING (Original Screenplay),Written by Sofia Coppola,Lost in Translation,True
2003,2004,76,HONORARY AWARD, Blake Edwards in recognition of his writing,,True
2004,2005,77,ACTOR IN A LEADING ROLE,Don Cheadle,Hotel Rwanda,False
2004,2005,77,ACTOR IN A LEADING ROLE,Johnny Depp,Finding Neverland,False
2004,2005,77,ACTOR IN A LEADING ROLE,Leonardo DiCaprio,The Aviator,False
2004,2005,77,ACTOR IN A LEADING ROLE,Clint Eastwood,Million Dollar Baby,False
2004,2005,77,ACTOR IN A LEADING ROLE,Jamie Foxx,Ray,True
2004,2005,77,ACTOR IN A SUPPORTING ROLE,Alan Alda,The Aviator,False
2004,2005,77,ACTOR IN A SUPPORTING ROLE,Thomas Haden Church,Sideways,False
2004,2005,77,ACTOR IN A SUPPORTING ROLE,Jamie Foxx,Collateral,False
2004,2005,77,ACTOR IN A SUPPORTING ROLE,Morgan Freeman,Million Dollar Baby,True
2004,2005,77,ACTOR IN A SUPPORTING ROLE,Clive Owen,Closer,False
2004,2005,77,ACTRESS IN A LEADING ROLE,Annette Bening,Being Julia,False
2004,2005,77,ACTRESS IN A LEADING ROLE,Catalina Sandino Moreno,Maria Full of Grace,False
2004,2005,77,ACTRESS IN A LEADING ROLE,Imelda Staunton,Vera Drake,False
2004,2005,77,ACTRESS IN A LEADING ROLE,Hilary Swank,Million Dollar Baby,True
2004,2005,77,ACTRESS IN A LEADING ROLE,Kate Winslet,Eternal Sunshine of the Spotless Mind,False
2004,2005,77,ACTRESS IN A SUPPORTING ROLE,Cate Blanchett,The Aviator,True
2004,2005,77,ACTRESS IN A SUPPORTING ROLE,Laura Linney,Kinsey,False
2004,2005,77,ACTRESS IN A SUPPORTING ROLE,Virginia Madsen,Sideways,False
2004,2005,77,ACTRESS IN A SUPPORTING ROLE,Sophie Okonedo,Hotel Rwanda,False
2004,2005,77,ACTRESS IN A SUPPORTING ROLE,Natalie Portman,Closer,False
2004,2005,77,ANIMATED FEATURE FILM,Brad Bird,The Incredibles,True
2004,2005,77,ANIMATED FEATURE FILM,Bill Damaschke,Shark Tale,False
2004,2005,77,ANIMATED FEATURE FILM,Andrew Adamson,Shrek 2,False
2004,2005,77,ART DIRECTION,Art Direction: Dante Ferretti; Set Decoration: Francesca Lo Schiavo,The Aviator,True
2004,2005,77,ART DIRECTION,Art Direction: Gemma Jackson; Set Decoration: Trisha Edwards,Finding Neverland,False
2004,2005,77,ART DIRECTION,Art Direction: Rick Heinrichs; Set Decoration: Cheryl Carasik,Lemony Snicket's A Series of Unfortunate Events,False
2004,2005,77,ART DIRECTION,Art Direction: Anthony Pratt; Set Decoration: Celia Bobak,The Phantom of the Opera,False
2004,2005,77,ART DIRECTION,Art Direction: Aline Bonetto,A Very Long Engagement,False
2004,2005,77,CINEMATOGRAPHY,Robert Richardson,The Aviator,True
2004,2005,77,CINEMATOGRAPHY,Zhao Xiaoding,House of Flying Daggers,False
2004,2005,77,CINEMATOGRAPHY,Caleb Deschanel,The Passion of the Christ,False
2004,2005,77,CINEMATOGRAPHY,John Mathieson,The Phantom of the Opera,False
2004,2005,77,CINEMATOGRAPHY,Bruno Delbonnel,A Very Long Engagement,False
2004,2005,77,COSTUME DESIGN,Sandy Powell,The Aviator,True
2004,2005,77,COSTUME DESIGN,Alexandra Byrne,Finding Neverland,False
2004,2005,77,COSTUME DESIGN,Colleen Atwood,Lemony Snicket's A Series of Unfortunate Events,False
2004,2005,77,COSTUME DESIGN,Sharen Davis,Ray,False
2004,2005,77,COSTUME DESIGN,Bob Ringwood,Troy,False
2004,2005,77,DIRECTING,Martin Scorsese,The Aviator,False
2004,2005,77,DIRECTING,Clint Eastwood,Million Dollar Baby,True
2004,2005,77,DIRECTING,Taylor Hackford,Ray,False
2004,2005,77,DIRECTING,Alexander Payne,Sideways,False
2004,2005,77,DIRECTING,Mike Leigh,Vera Drake,False
2004,2005,77,DOCUMENTARY (Feature),Ross Kauffman and Zana Briski,Born into Brothels,True
2004,2005,77,DOCUMENTARY (Feature),Luigi Falorni and Byambasuren Davaa,The Story of the Weeping Camel,False
2004,2005,77,DOCUMENTARY (Feature),Morgan Spurlock,Super Size Me,False
2004,2005,77,DOCUMENTARY (Feature),Lauren Lazin and Karolyn Ali,Tupac: Resurrection,False
2004,2005,77,DOCUMENTARY (Feature),Kirby Dick and Eddie Schmidt,Twist of Faith,False
2004,2005,77,DOCUMENTARY (Short Subject),Gerardine Wurzburg,Autism Is a World,False
2004,2005,77,DOCUMENTARY (Short Subject),Hanna Polak and Andrzej Celinski,The Children of Leningradsky,False
2004,2005,77,DOCUMENTARY (Short Subject),Hubert Davis and Erin Faith Young,Hardwood,False
2004,2005,77,DOCUMENTARY (Short Subject),Robert Hudson and Bobby Houston,Mighty Times: The Children's March,True
2004,2005,77,DOCUMENTARY (Short Subject),Oren Jacoby and Steve Kalafer,Sister Rose's Passion,False
2004,2005,77,FILM EDITING,Thelma Schoonmaker,The Aviator,True
2004,2005,77,FILM EDITING,Jim Miller and Paul Rubell,Collateral,False
2004,2005,77,FILM EDITING,Matt Chesse,Finding Neverland,False
2004,2005,77,FILM EDITING,Joel Cox,Million Dollar Baby,False
2004,2005,77,FILM EDITING,Paul Hirsch,Ray,False
2004,2005,77,FOREIGN LANGUAGE FILM,Sweden,As It Is in Heaven,False
2004,2005,77,FOREIGN LANGUAGE FILM,France,The Chorus (Les Choristes),False
2004,2005,77,FOREIGN LANGUAGE FILM,Germany,Downfall,False
2004,2005,77,FOREIGN LANGUAGE FILM,Spain,The Sea Inside,True
2004,2005,77,FOREIGN LANGUAGE FILM,South Africa,Yesterday,False
2004,2005,77,MAKEUP,Valli O'Reilly and Bill Corso,Lemony Snicket's A Series of Unfortunate Events,True
2004,2005,77,MAKEUP,Keith Vanderlaan and Christien Tinsley,The Passion of the Christ,False
2004,2005,77,MAKEUP,Jo Allen and Manuel García,The Sea Inside,False
2004,2005,77,MUSIC (Original Score),Jan A.P. Kaczmarek,Finding Neverland,True
2004,2005,77,MUSIC (Original Score),John Williams,Harry Potter and the Prisoner of Azkaban,False
2004,2005,77,MUSIC (Original Score),Thomas Newman,Lemony Snicket's A Series of Unfortunate Events,False
2004,2005,77,MUSIC (Original Score),John Debney,The Passion of the Christ,False
2004,2005,77,MUSIC (Original Score),James Newton Howard,The Village,False
2004,2005,77,MUSIC (Original Song),"Music by Adam Duritz, Charles Gillingham, Jim Bogios, David Immergluck, Matthew Malley and David Bryson; Lyric by Adam Duritz and Daniel Vickrey",Shrek 2,False
2004,2005,77,MUSIC (Original Song),Music and Lyric by Jorge Drexler,The Motorcycle Diaries,True
2004,2005,77,MUSIC (Original Song),Music and Lyric by Glen Ballard and Alan Silvestri,The Polar Express,False
2004,2005,77,MUSIC (Original Song),Music by Andrew Lloyd Webber; Lyric by Charles Hart,The Phantom of the Opera,False
2004,2005,77,MUSIC (Original Song),Music by Bruno Coulais; Lyric by Christophe Barratier,The Chorus (Les Choristes),False
2004,2005,77,BEST PICTURE,"Michael Mann and Graham King, Producers",The Aviator,False
2004,2005,77,BEST PICTURE,"Richard N. Gladstein and Nellie Bellflower, Producers",Finding Neverland,False
2004,2005,77,BEST PICTURE,"Clint Eastwood, Albert S. Ruddy and Tom Rosenberg, Producers",Million Dollar Baby,True
2004,2005,77,BEST PICTURE,"Taylor Hackford, Stuart Benjamin and Howard Baldwin, Producers",Ray,False
2004,2005,77,BEST PICTURE,"Michael London, Producer",Sideways,False
2004,2005,77,SHORT FILM (Animated),Sejong Park and Andrew Gregory,Birthday Boy,False
2004,2005,77,SHORT FILM (Animated),Jeff Fowler and Tim Miller,Gopher Broke,False
2004,2005,77,SHORT FILM (Animated),Bill Plympton,Guard Dog,False
2004,2005,77,SHORT FILM (Animated),Mike Gabriel and Baker Bloodworth,Lorenzo,False
2004,2005,77,SHORT FILM (Animated),Chris Landreth,Ryan,True
2004,2005,77,SHORT FILM (Live Action),Gary McKendry,Everything in This Country Must,False
2004,2005,77,SHORT FILM (Live Action),Ashvin Kumar,Little Terrorist,False
2004,2005,77,SHORT FILM (Live Action),Nacho Vigalondo,7:35 in the Morning (7:35 de la Mañana),False
2004,2005,77,SHORT FILM (Live Action),Taika Waititi and Ainsley Gardiner,"Two Cars, One Night",False
2004,2005,77,SHORT FILM (Live Action),Andrea Arnold,Wasp,True
2004,2005,77,SOUND EDITING,Michael Silvers and Randy Thom,The Incredibles,True
2004,2005,77,SOUND EDITING,Randy Thom and Dennis Leonard,The Polar Express,False
2004,2005,77,SOUND EDITING,Paul N.J. Ottosson,Spider-Man 2,False
2004,2005,77,SOUND MIXING,Tom Fleischman and Petur Hliddal,The Aviator,False
2004,2005,77,SOUND MIXING,"Randy Thom, Gary A. Rizzo and Doc Kane",The Incredibles,False
2004,2005,77,SOUND MIXING,"Randy Thom, Tom Johnson, Dennis Sands and William B. Kaplan",The Polar Express,False
2004,2005,77,SOUND MIXING,"Scott Millan, Greg Orloff, Bob Beemer and Steve Cantamessa",Ray,True
2004,2005,77,SOUND MIXING,"Kevin O'Connell, Greg P. Russell, Jeffrey J. Haboush and Joseph Geisinger",Spider-Man 2,False
2004,2005,77,VISUAL EFFECTS,"Roger Guyett, Tim Burke, John Richardson and Bill George",Harry Potter and the Prisoner of Azkaban,False
2004,2005,77,VISUAL EFFECTS,"John Nelson, Andrew R. Jones, Erik Nash and Joe Letteri","I, Robot",False
2004,2005,77,VISUAL EFFECTS,"John Dykstra, Scott Stokdyk, Anthony LaMolinara and John Frazier",Spider-Man 2,True
2004,2005,77,WRITING (Adapted Screenplay),Screenplay by Richard Linklater & Julie Delpy & Ethan Hawke; Story by Richard Linklater & Kim Krizan,Before Sunset,False
2004,2005,77,WRITING (Adapted Screenplay),Screenplay by David Magee,Finding Neverland,False
2004,2005,77,WRITING (Adapted Screenplay),Screenplay by Paul Haggis,Million Dollar Baby,False
2004,2005,77,WRITING (Adapted Screenplay),Screenplay by José Rivera,The Motorcycle Diaries,False
2004,2005,77,WRITING (Adapted Screenplay),Screenplay by Alexander Payne & Jim Taylor,Sideways,True
2004,2005,77,WRITING (Original Screenplay),Written by John Logan,The Aviator,False
2004,2005,77,WRITING (Original Screenplay),Screenplay by Charlie Kaufman; Story by Charlie Kaufman & Michel Gondry & Pierre Bismuth,Eternal Sunshine of the Spotless Mind,True
2004,2005,77,WRITING (Original Screenplay),Written by Keir Pearson & Terry George,Hotel Rwanda,False
2004,2005,77,WRITING (Original Screenplay),Written by Brad Bird,The Incredibles,False
2004,2005,77,WRITING (Original Screenplay),Written by Mike Leigh,Vera Drake,False
2004,2005,77,JEAN HERSHOLT HUMANITARIAN AWARD,Roger Mayer,,True
2004,2005,77,HONORARY AWARD, Sidney Lumet in recognition of his brilliant services to screenwriters,,True
2005,2006,78,ACTOR IN A LEADING ROLE,Philip Seymour Hoffman,Capote,True
2005,2006,78,ACTOR IN A LEADING ROLE,Terrence Howard,Hustle & Flow,False
2005,2006,78,ACTOR IN A LEADING ROLE,Heath Ledger,Brokeback Mountain,False
2005,2006,78,ACTOR IN A LEADING ROLE,Joaquin Phoenix,Walk the Line,False
2005,2006,78,ACTOR IN A LEADING ROLE,David Strathairn,"Good Night, and Good Luck.",False
2005,2006,78,ACTOR IN A SUPPORTING ROLE,George Clooney,Syriana,True
2005,2006,78,ACTOR IN A SUPPORTING ROLE,Matt Dillon,Crash,False
2005,2006,78,ACTOR IN A SUPPORTING ROLE,Paul Giamatti,Cinderella Man,False
2005,2006,78,ACTOR IN A SUPPORTING ROLE,Jake Gyllenhaal,Brokeback Mountain,False
2005,2006,78,ACTOR IN A SUPPORTING ROLE,William Hurt,A History of Violence,False
2005,2006,78,ACTRESS IN A LEADING ROLE,Judi Dench,Mrs. Henderson Presents,False
2005,2006,78,ACTRESS IN A LEADING ROLE,Felicity Huffman,Transamerica,False
2005,2006,78,ACTRESS IN A LEADING ROLE,Keira Knightley,Pride & Prejudice,False
2005,2006,78,ACTRESS IN A LEADING ROLE,Charlize Theron,North Country,False
2005,2006,78,ACTRESS IN A LEADING ROLE,Reese Witherspoon,Walk the Line,True
2005,2006,78,ACTRESS IN A SUPPORTING ROLE,Amy Adams,Junebug,False
2005,2006,78,ACTRESS IN A SUPPORTING ROLE,Catherine Keener,Capote,False
2005,2006,78,ACTRESS IN A SUPPORTING ROLE,Frances McDormand,North Country,False
2005,2006,78,ACTRESS IN A SUPPORTING ROLE,Rachel Weisz,The Constant Gardener,True
2005,2006,78,ACTRESS IN A SUPPORTING ROLE,Michelle Williams,Brokeback Mountain,False
2005,2006,78,ANIMATED FEATURE FILM,Hayao Miyazaki,Howl's Moving Castle,False
2005,2006,78,ANIMATED FEATURE FILM,Mike Johnson and Tim Burton,Tim Burton's Corpse Bride,False
2005,2006,78,ANIMATED FEATURE FILM,Nick Park and Steve Box,Wallace & Gromit in The Curse of the Were-Rabbit,True
2005,2006,78,ART DIRECTION,Art Direction:  Jim Bissell; Set Decoration:  Jan Pascale,"Good Night, and Good Luck.",False
2005,2006,78,ART DIRECTION,Art Direction:  Stuart Craig; Set Decoration:  Stephenie McMillan,Harry Potter and the Goblet of Fire,False
2005,2006,78,ART DIRECTION,Art Direction:  Grant Major; Set Decoration:  Dan Hennah and Simon Bright,King Kong,False
2005,2006,78,ART DIRECTION,Art Direction:  John Myhre; Set Decoration:  Gretchen Rau,Memoirs of a Geisha,True
2005,2006,78,ART DIRECTION,Art Direction:  Sarah Greenwood; Set Decoration:  Katie Spencer,Pride & Prejudice,False
2005,2006,78,CINEMATOGRAPHY,Wally Pfister,Batman Begins,False
2005,2006,78,CINEMATOGRAPHY,Rodrigo Prieto,Brokeback Mountain,False
2005,2006,78,CINEMATOGRAPHY,Robert Elswit,"Good Night, and Good Luck.",False
2005,2006,78,CINEMATOGRAPHY,Dion Beebe,Memoirs of a Geisha,True
2005,2006,78,CINEMATOGRAPHY,Emmanuel Lubezki,The New World,False
2005,2006,78,COSTUME DESIGN,Gabriella Pescucci,Charlie and the Chocolate Factory,False
2005,2006,78,COSTUME DESIGN,Colleen Atwood,Memoirs of a Geisha,True
2005,2006,78,COSTUME DESIGN,Sandy Powell,Mrs. Henderson Presents,False
2005,2006,78,COSTUME DESIGN,Jacqueline Durran,Pride & Prejudice,False
2005,2006,78,COSTUME DESIGN,Arianne Phillips,Walk the Line,False
2005,2006,78,DIRECTING,Ang Lee,Brokeback Mountain,True
2005,2006,78,DIRECTING,Bennett Miller,Capote,False
2005,2006,78,DIRECTING,Paul Haggis,Crash,False
2005,2006,78,DIRECTING,George Clooney,"Good Night, and Good Luck.",False
2005,2006,78,DIRECTING,Steven Spielberg,Munich,False
2005,2006,78,DOCUMENTARY (Feature),Hubert Sauper,Darwin's Nightmare,False
2005,2006,78,DOCUMENTARY (Feature),Alex Gibney and Jason Kliot,Enron: The Smartest Guys in the Room,False
2005,2006,78,DOCUMENTARY (Feature),Luc Jacquet and Yves Darondeau,March of the Penguins,True
2005,2006,78,DOCUMENTARY (Feature),Henry-Alex Rubin and Dana Adam Shapiro,Murderball,False
2005,2006,78,DOCUMENTARY (Feature),Marshall Curry,Street Fight,False
2005,2006,78,DOCUMENTARY (Short Subject),Dan Krauss,The Death of Kevin Carter: Casualty of the Bang Bang Club,False
2005,2006,78,DOCUMENTARY (Short Subject),Kimberlee Acquaro and Stacy Sherman,God Sleeps in Rwanda,False
2005,2006,78,DOCUMENTARY (Short Subject),Steven Okazaki,The Mushroom Club,False
2005,2006,78,DOCUMENTARY (Short Subject),Corinne Marrinan and Eric Simonson,A Note of Triumph: The Golden Age of Norman Corwin,True
2005,2006,78,FILM EDITING,Mike Hill and Dan Hanley,Cinderella Man,False
2005,2006,78,FILM EDITING,Claire Simpson,The Constant Gardener,False
2005,2006,78,FILM EDITING,Hughes Winborne,Crash,True
2005,2006,78,FILM EDITING,Michael Kahn,Munich,False
2005,2006,78,FILM EDITING,Michael McCusker,Walk the Line,False
2005,2006,78,FOREIGN LANGUAGE FILM,Italy,Don't Tell,False
2005,2006,78,FOREIGN LANGUAGE FILM,France,Joyeux Noël,False
2005,2006,78,FOREIGN LANGUAGE FILM,The Palestinian Territories,Paradise Now,False
2005,2006,78,FOREIGN LANGUAGE FILM,Germany,Sophie Scholl - The Final Days,False
2005,2006,78,FOREIGN LANGUAGE FILM,South Africa,Tsotsi,True
2005,2006,78,MAKEUP,Howard Berger and Tami Lane,"The Chronicles of Narnia: The Lion, the Witch and the Wardrobe",True
2005,2006,78,MAKEUP,David Leroy Anderson and Lance Anderson,Cinderella Man,False
2005,2006,78,MAKEUP,Dave Elsey and Nikki Gooley,Star Wars: Episode III Revenge of the Sith,False
2005,2006,78,MUSIC (Original Score),Gustavo Santaolalla,Brokeback Mountain,True
2005,2006,78,MUSIC (Original Score),Alberto Iglesias,The Constant Gardener,False
2005,2006,78,MUSIC (Original Score),John Williams,Memoirs of a Geisha,False
2005,2006,78,MUSIC (Original Score),John Williams,Munich,False
2005,2006,78,MUSIC (Original Score),Dario Marianelli,Pride & Prejudice,False
2005,2006,78,MUSIC (Original Song),"Music by Kathleen ""Bird"" York and Michael Becker; Lyric by Kathleen ""Bird"" York",Crash,False
2005,2006,78,MUSIC (Original Song),"Music and Lyric by Jordan Houston, Cedric Coleman and Paul Beauregard",Hustle & Flow,True
2005,2006,78,MUSIC (Original Song),Music and Lyric by Dolly Parton,Transamerica,False
2005,2006,78,BEST PICTURE,"Diana Ossana and James Schamus, Producers",Brokeback Mountain,False
2005,2006,78,BEST PICTURE,"Caroline Baron, William Vince and Michael Ohoven, Producers",Capote,False
2005,2006,78,BEST PICTURE,"Paul Haggis and Cathy Schulman, Producers",Crash,True
2005,2006,78,BEST PICTURE,"Grant Heslov, Producer","Good Night, and Good Luck.",False
2005,2006,78,BEST PICTURE,"Kathleen Kennedy, Steven Spielberg and Barry Mendel, Producers",Munich,False
2005,2006,78,SHORT FILM (Animated),Sharon Colman,Badgered,False
2005,2006,78,SHORT FILM (Animated),John Canemaker and Peggy Stern,The Moon and the Son: An Imagined Conversation,True
2005,2006,78,SHORT FILM (Animated),Anthony Lucas,The Mysterious Geographic Explorations of Jasper Morello,False
2005,2006,78,SHORT FILM (Animated),Shane Acker,9,False
2005,2006,78,SHORT FILM (Animated),Andrew Jimenez and Mark Andrews,One Man Band,False
2005,2006,78,SHORT FILM (Live Action),Ulrike Grote,Ausreisser (The Runaway),False
2005,2006,78,SHORT FILM (Live Action),Sean Ellis and Lene Bausager,Cashback,False
2005,2006,78,SHORT FILM (Live Action),Rúnar Rúnarsson and Thor S. Sigurjónsson,The Last Farm,False
2005,2006,78,SHORT FILM (Live Action),Rob Pearlstein and Pia Clemente,Our Time Is Up,False
2005,2006,78,SHORT FILM (Live Action),Martin McDonagh,Six Shooter,True
2005,2006,78,SOUND EDITING,Mike Hopkins and Ethan Van der Ryn,King Kong,True
2005,2006,78,SOUND EDITING,Wylie Stateman,Memoirs of a Geisha,False
2005,2006,78,SOUND EDITING,Richard King,War of the Worlds,False
2005,2006,78,SOUND MIXING,"Terry Porter, Dean A. Zupancic and Tony Johnson","The Chronicles of Narnia: The Lion, the Witch and the Wardrobe",False
2005,2006,78,SOUND MIXING,"Christopher Boyes, Michael Semanick, Michael Hedges and Hammond Peek",King Kong,True
2005,2006,78,SOUND MIXING,"Kevin O'Connell, Greg P. Russell, Rick Kline and John Pritchett",Memoirs of a Geisha,False
2005,2006,78,SOUND MIXING,"Paul Massey, D.M. Hemphill and Peter F. Kurland",Walk the Line,False
2005,2006,78,SOUND MIXING,"Andy Nelson, Anna Behlmer and Ronald Judkins",War of the Worlds,False
2005,2006,78,VISUAL EFFECTS,"Dean Wright, Bill Westenhofer, Jim Berney and Scott Farrar","The Chronicles of Narnia: The Lion, the Witch and the Wardrobe",False
2005,2006,78,VISUAL EFFECTS,"Joe Letteri, Brian Van't Hul, Christian Rivers and Richard Taylor",King Kong,True
2005,2006,78,VISUAL EFFECTS,"Dennis Muren, Pablo Helman, Randal M. Dutra and Daniel Sudick",War of the Worlds,False
2005,2006,78,WRITING (Adapted Screenplay),Screenplay by Larry McMurtry & Diana Ossana,Brokeback Mountain,True
2005,2006,78,WRITING (Adapted Screenplay),Screenplay by Dan Futterman,Capote,False
2005,2006,78,WRITING (Adapted Screenplay),Screenplay by Jeffrey Caine,The Constant Gardener,False
2005,2006,78,WRITING (Adapted Screenplay),Screenplay by Josh Olson,A History of Violence,False
2005,2006,78,WRITING (Adapted Screenplay),Screenplay by Tony Kushner and Eric Roth,Munich,False
2005,2006,78,WRITING (Original Screenplay),Screenplay by Paul Haggis & Bobby Moresco; Story by Paul Haggis,Crash,True
2005,2006,78,WRITING (Original Screenplay),Screenplay by George Clooney & Grant Heslov,"Good Night, and Good Luck.",False
2005,2006,78,WRITING (Original Screenplay),Written by Woody Allen,Match Point,False
2005,2006,78,WRITING (Original Screenplay),Written by Noah Baumbach,The Squid and the Whale,False
2005,2006,78,WRITING (Original Screenplay),Written by Stephen Gaghan,Syriana,False
2005,2006,78,HONORARY AWARD, Robert Altman in recognition of a career that has repeatedly reinvented the art form and inspired filmmakers and audiences alike.,,True
2006,2007,79,ACTOR IN A LEADING ROLE,Leonardo DiCaprio,Blood Diamond,False
2006,2007,79,ACTOR IN A LEADING ROLE,Ryan Gosling,Half Nelson,False
2006,2007,79,ACTOR IN A LEADING ROLE,Peter O'Toole,Venus,False
2006,2007,79,ACTOR IN A LEADING ROLE,Will Smith,The Pursuit of Happyness,False
2006,2007,79,ACTOR IN A LEADING ROLE,Forest Whitaker,The Last King of Scotland,True
2006,2007,79,ACTOR IN A SUPPORTING ROLE,Alan Arkin,Little Miss Sunshine,True
2006,2007,79,ACTOR IN A SUPPORTING ROLE,Jackie Earle Haley,Little Children,False
2006,2007,79,ACTOR IN A SUPPORTING ROLE,Djimon Hounsou,Blood Diamond,False
2006,2007,79,ACTOR IN A SUPPORTING ROLE,Eddie Murphy,Dreamgirls,False
2006,2007,79,ACTOR IN A SUPPORTING ROLE,Mark Wahlberg,The Departed,False
2006,2007,79,ACTRESS IN A LEADING ROLE,Penélope Cruz,Volver,False
2006,2007,79,ACTRESS IN A LEADING ROLE,Judi Dench,Notes on a Scandal,False
2006,2007,79,ACTRESS IN A LEADING ROLE,Helen Mirren,The Queen,True
2006,2007,79,ACTRESS IN A LEADING ROLE,Meryl Streep,The Devil Wears Prada,False
2006,2007,79,ACTRESS IN A LEADING ROLE,Kate Winslet,Little Children,False
2006,2007,79,ACTRESS IN A SUPPORTING ROLE,Adriana Barraza,Babel,False
2006,2007,79,ACTRESS IN A SUPPORTING ROLE,Cate Blanchett,Notes on a Scandal,False
2006,2007,79,ACTRESS IN A SUPPORTING ROLE,Abigail Breslin,Little Miss Sunshine,False
2006,2007,79,ACTRESS IN A SUPPORTING ROLE,Jennifer Hudson,Dreamgirls,True
2006,2007,79,ACTRESS IN A SUPPORTING ROLE,Rinko Kikuchi,Babel,False
2006,2007,79,ANIMATED FEATURE FILM,John Lasseter,Cars,False
2006,2007,79,ANIMATED FEATURE FILM,George Miller,Happy Feet,True
2006,2007,79,ANIMATED FEATURE FILM,Gil Kenan,Monster House,False
2006,2007,79,ART DIRECTION,Art Direction:  John Myhre; Set Decoration:  Nancy Haigh,Dreamgirls,False
2006,2007,79,ART DIRECTION,Art Direction:  Jeannine Oppewall; Set Decoration:  Gretchen Rau and Leslie E. Rollins,The Good Shepherd,False
2006,2007,79,ART DIRECTION,Art Direction:  Eugenio Caballero; Set Decoration:  Pilar Revuelta,Pan's Labyrinth,True
2006,2007,79,ART DIRECTION,Art Direction:  Rick Heinrichs; Set Decoration:  Cheryl Carasik,Pirates of the Caribbean: Dead Man's Chest,False
2006,2007,79,ART DIRECTION,Art Direction:  Nathan Crowley; Set Decoration:  Julie Ochipinti,The Prestige,False
2006,2007,79,CINEMATOGRAPHY,Vilmos Zsigmond,The Black Dahlia,False
2006,2007,79,CINEMATOGRAPHY,Emmanuel Lubezki,Children of Men,False
2006,2007,79,CINEMATOGRAPHY,Dick Pope,The Illusionist,False
2006,2007,79,CINEMATOGRAPHY,Guillermo Navarro,Pan's Labyrinth,True
2006,2007,79,CINEMATOGRAPHY,Wally Pfister,The Prestige,False
2006,2007,79,COSTUME DESIGN,Yee Chung Man,Curse of the Golden Flower,False
2006,2007,79,COSTUME DESIGN,Patricia Field,The Devil Wears Prada,False
2006,2007,79,COSTUME DESIGN,Sharen Davis,Dreamgirls,False
2006,2007,79,COSTUME DESIGN,Milena Canonero,Marie Antoinette,True
2006,2007,79,COSTUME DESIGN,Consolata Boyle,The Queen,False
2006,2007,79,DIRECTING,Alejandro González Iñárritu,Babel,False
2006,2007,79,DIRECTING,Martin Scorsese,The Departed,True
2006,2007,79,DIRECTING,Clint Eastwood,Letters from Iwo Jima,False
2006,2007,79,DIRECTING,Stephen Frears,The Queen,False
2006,2007,79,DIRECTING,Paul Greengrass,United 93,False
2006,2007,79,DOCUMENTARY (Feature),Amy Berg and Frank Donner,Deliver Us from Evil,False
2006,2007,79,DOCUMENTARY (Feature),Davis Guggenheim,An Inconvenient Truth,True
2006,2007,79,DOCUMENTARY (Feature),James Longley and John Sinno,Iraq in Fragments,False
2006,2007,79,DOCUMENTARY (Feature),Heidi Ewing and Rachel Grady,Jesus Camp,False
2006,2007,79,DOCUMENTARY (Feature),Laura Poitras and Jocelyn Glatzer,"My Country, My Country",False
2006,2007,79,DOCUMENTARY (Short Subject),Ruby Yang and Thomas Lennon,The Blood of Yingzhou District,True
2006,2007,79,DOCUMENTARY (Short Subject),Leslie Iwerks and Mike Glad,Recycled Life,False
2006,2007,79,DOCUMENTARY (Short Subject),Karen Goodman and Kirk Simon,Rehearsing a Dream,False
2006,2007,79,DOCUMENTARY (Short Subject),Nathaniel Kahn and Susan Rose Behr,Two Hands,False
2006,2007,79,FILM EDITING,Stephen Mirrione and Douglas Crise,Babel,False
2006,2007,79,FILM EDITING,Steven Rosenblum,Blood Diamond,False
2006,2007,79,FILM EDITING,Alex Rodríguez and Alfonso Cuarón,Children of Men,False
2006,2007,79,FILM EDITING,Thelma Schoonmaker,The Departed,True
2006,2007,79,FILM EDITING,"Clare Douglas, Christopher Rouse and Richard Pearson",United 93,False
2006,2007,79,FOREIGN LANGUAGE FILM,Denmark,After the Wedding,False
2006,2007,79,FOREIGN LANGUAGE FILM,Algeria,Days of Glory (Indigènes),False
2006,2007,79,FOREIGN LANGUAGE FILM,Germany,The Lives of Others,True
2006,2007,79,FOREIGN LANGUAGE FILM,Mexico,Pan's Labyrinth,False
2006,2007,79,FOREIGN LANGUAGE FILM,Canada,Water,False
2006,2007,79,MAKEUP,Aldo Signoretti and Vittorio Sodano,Apocalypto,False
2006,2007,79,MAKEUP,Kazuhiro Tsuji and Bill Corso,Click,False
2006,2007,79,MAKEUP,David Martí and Montse Ribé,Pan's Labyrinth,True
2006,2007,79,MUSIC (Original Score),Gustavo Santaolalla,Babel,True
2006,2007,79,MUSIC (Original Score),Thomas Newman,The Good German,False
2006,2007,79,MUSIC (Original Score),Philip Glass,Notes on a Scandal,False
2006,2007,79,MUSIC (Original Score),Javier Navarrete,Pan's Labyrinth,False
2006,2007,79,MUSIC (Original Score),Alexandre Desplat,The Queen,False
2006,2007,79,MUSIC (Original Song),Music and Lyric by Melissa Etheridge,An Inconvenient Truth,True
2006,2007,79,MUSIC (Original Song),Music by Henry Krieger and Scott Cutler; Lyric by Anne Preven,Dreamgirls,False
2006,2007,79,MUSIC (Original Song),Music by Henry Krieger; Lyric by Siedah Garrett,Dreamgirls,False
2006,2007,79,MUSIC (Original Song),Music and Lyric by Randy Newman,Cars,False
2006,2007,79,MUSIC (Original Song),Music by Henry Krieger; Lyric by Willie Reale,Dreamgirls,False
2006,2007,79,BEST PICTURE,"Alejandro González Iñárritu, Jon Kilik and Steve Golin, Producers",Babel,False
2006,2007,79,BEST PICTURE,"Graham King, Producer",The Departed,True
2006,2007,79,BEST PICTURE,"Clint Eastwood, Steven Spielberg and Robert Lorenz, Producers",Letters from Iwo Jima,False
2006,2007,79,BEST PICTURE,"David T. Friendly, Peter Saraf and Marc Turtletaub, Producers",Little Miss Sunshine,False
2006,2007,79,BEST PICTURE,"Andy Harries, Christine Langan and Tracey Seaward, Producers",The Queen,False
2006,2007,79,SHORT FILM (Animated),Torill Kove,The Danish Poet,True
2006,2007,79,SHORT FILM (Animated),Gary Rydstrom,Lifted,False
2006,2007,79,SHORT FILM (Animated),Roger Allers and Don Hahn,The Little Matchgirl,False
2006,2007,79,SHORT FILM (Animated),Géza M. Tóth,Maestro,False
2006,2007,79,SHORT FILM (Animated),Chris Renaud and Michael Thurmeier,No Time for Nuts,False
2006,2007,79,SHORT FILM (Live Action),Javier Fesser and Luis Manso,Binta and the Great Idea (Binta Y La Gran Idea),False
2006,2007,79,SHORT FILM (Live Action),Borja Cobeaga,Éramos Pocos (One Too Many),False
2006,2007,79,SHORT FILM (Live Action),Søren Pilmark and Kim Magnusson,Helmer & Son,False
2006,2007,79,SHORT FILM (Live Action),Peter Templeman and Stuart Parkyn,The Saviour,False
2006,2007,79,SHORT FILM (Live Action),Ari Sandel,West Bank Story,True
2006,2007,79,SOUND EDITING,Sean McCormack and Kami Asgar,Apocalypto,False
2006,2007,79,SOUND EDITING,Lon Bender,Blood Diamond,False
2006,2007,79,SOUND EDITING,Alan Robert Murray and Bub Asman,Flags of Our Fathers,False
2006,2007,79,SOUND EDITING,Alan Robert Murray and Bub Asman,Letters from Iwo Jima,True
2006,2007,79,SOUND EDITING,Christopher Boyes and George Watters II,Pirates of the Caribbean: Dead Man's Chest,False
2006,2007,79,SOUND MIXING,"Kevin O'Connell, Greg P. Russell and Fernando Cámara",Apocalypto,False
2006,2007,79,SOUND MIXING,"Andy Nelson, Anna Behlmer and Ivan Sharrock",Blood Diamond,False
2006,2007,79,SOUND MIXING,"Michael Minkler, Bob Beemer and Willie Burton",Dreamgirls,True
2006,2007,79,SOUND MIXING,"John Reitz, Dave Campbell, Gregg Rudloff and Walt Martin",Flags of Our Fathers,False
2006,2007,79,SOUND MIXING,"Paul Massey, Christopher Boyes and Lee Orloff",Pirates of the Caribbean: Dead Man's Chest,False
2006,2007,79,VISUAL EFFECTS,"John Knoll, Hal Hickel, Charles Gibson and Allen Hall",Pirates of the Caribbean: Dead Man's Chest,True
2006,2007,79,VISUAL EFFECTS,"Boyd Shermis, Kim Libreri, Chas Jarrett and John Frazier",Poseidon,False
2006,2007,79,VISUAL EFFECTS,"Mark Stetson, Neil Corbould, Richard R. Hoover and Jon Thum",Superman Returns,False
2006,2007,79,WRITING (Adapted Screenplay),Screenplay by Sacha Baron Cohen & Anthony Hines & Peter Baynham & Dan Mazer; Story by Sacha Baron Cohen & Peter Baynham & Anthony Hines & Todd Phillips,Borat Cultural Learnings of America for Make Benefit Glorious Nation of Kazakhstan,False
2006,2007,79,WRITING (Adapted Screenplay),Screenplay by Alfonso Cuarón & Timothy J. Sexton and David Arata and Mark Fergus & Hawk Ostby,Children of Men,False
2006,2007,79,WRITING (Adapted Screenplay),Screenplay by William Monahan,The Departed,True
2006,2007,79,WRITING (Adapted Screenplay),Screenplay by Todd Field & Tom Perrotta,Little Children,False
2006,2007,79,WRITING (Adapted Screenplay),Screenplay by Patrick Marber,Notes on a Scandal,False
2006,2007,79,WRITING (Original Screenplay),Written by Guillermo Arriaga,Babel,False
2006,2007,79,WRITING (Original Screenplay),Screenplay by Iris Yamashita; Story by Iris Yamashita & Paul Haggis,Letters from Iwo Jima,False
2006,2007,79,WRITING (Original Screenplay),Written by Michael Arndt,Little Miss Sunshine,True
2006,2007,79,WRITING (Original Screenplay),Written by Guillermo del Toro,Pan's Labyrinth,False
2006,2007,79,WRITING (Original Screenplay),Written by Peter Morgan,The Queen,False
2006,2007,79,JEAN HERSHOLT HUMANITARIAN AWARD,Sherry Lansing,,True
2006,2007,79,HONORARY AWARD, Ennio Morricone in recognition of his magnificent and multifaceted contributions to the art of film music.,,True
2007,2008,80,ACTOR IN A LEADING ROLE,George Clooney,Michael Clayton,False
2007,2008,80,ACTOR IN A LEADING ROLE,Daniel Day-Lewis,There Will Be Blood,True
2007,2008,80,ACTOR IN A LEADING ROLE,Johnny Depp,Sweeney Todd The Demon Barber of Fleet Street,False
2007,2008,80,ACTOR IN A LEADING ROLE,Tommy Lee Jones,In the Valley of Elah,False
2007,2008,80,ACTOR IN A LEADING ROLE,Viggo Mortensen,Eastern Promises,False
2007,2008,80,ACTOR IN A SUPPORTING ROLE,Casey Affleck,The Assassination of Jesse James by the Coward Robert Ford,False
2007,2008,80,ACTOR IN A SUPPORTING ROLE,Javier Bardem,No Country for Old Men,True
2007,2008,80,ACTOR IN A SUPPORTING ROLE,Philip Seymour Hoffman,Charlie Wilson's War,False
2007,2008,80,ACTOR IN A SUPPORTING ROLE,Hal Holbrook,Into the Wild,False
2007,2008,80,ACTOR IN A SUPPORTING ROLE,Tom Wilkinson,Michael Clayton,False
2007,2008,80,ACTRESS IN A LEADING ROLE,Cate Blanchett,Elizabeth: The Golden Age,False
2007,2008,80,ACTRESS IN A LEADING ROLE,Julie Christie,Away from Her,False
2007,2008,80,ACTRESS IN A LEADING ROLE,Marion Cotillard,La Vie en Rose,True
2007,2008,80,ACTRESS IN A LEADING ROLE,Laura Linney,The Savages,False
2007,2008,80,ACTRESS IN A LEADING ROLE,Ellen Page,Juno,False
2007,2008,80,ACTRESS IN A SUPPORTING ROLE,Cate Blanchett,I'm Not There,False
2007,2008,80,ACTRESS IN A SUPPORTING ROLE,Ruby Dee,American Gangster,False
2007,2008,80,ACTRESS IN A SUPPORTING ROLE,Saoirse Ronan,Atonement,False
2007,2008,80,ACTRESS IN A SUPPORTING ROLE,Amy Ryan,Gone Baby Gone,False
2007,2008,80,ACTRESS IN A SUPPORTING ROLE,Tilda Swinton,Michael Clayton,True
2007,2008,80,ANIMATED FEATURE FILM,Marjane Satrapi and Vincent Paronnaud,Persepolis,False
2007,2008,80,ANIMATED FEATURE FILM,Brad Bird,Ratatouille,True
2007,2008,80,ANIMATED FEATURE FILM,Ash Brannon and Chris Buck,Surf's Up,False
2007,2008,80,ART DIRECTION,Art Direction: Arthur Max; Set Decoration: Beth A. Rubino,American Gangster,False
2007,2008,80,ART DIRECTION,Art Direction: Sarah Greenwood; Set Decoration: Katie Spencer,Atonement,False
2007,2008,80,ART DIRECTION,Art Direction: Dennis Gassner; Set Decoration: Anna Pinnock,The Golden Compass,False
2007,2008,80,ART DIRECTION,Art Direction: Dante Ferretti; Set Decoration: Francesca Lo Schiavo,Sweeney Todd The Demon Barber of Fleet Street,True
2007,2008,80,ART DIRECTION,Art Direction: Jack Fisk; Set Decoration: Jim Erickson,There Will Be Blood,False
2007,2008,80,CINEMATOGRAPHY,Roger Deakins,The Assassination of Jesse James by the Coward Robert Ford,False
2007,2008,80,CINEMATOGRAPHY,Seamus McGarvey,Atonement,False
2007,2008,80,CINEMATOGRAPHY,Janusz Kaminski,The Diving Bell and the Butterfly,False
2007,2008,80,CINEMATOGRAPHY,Roger Deakins,No Country for Old Men,False
2007,2008,80,CINEMATOGRAPHY,Robert Elswit,There Will Be Blood,True
2007,2008,80,COSTUME DESIGN,Albert Wolsky,Across the Universe,False
2007,2008,80,COSTUME DESIGN,Jacqueline Durran,Atonement,False
2007,2008,80,COSTUME DESIGN,Alexandra Byrne,Elizabeth: The Golden Age,True
2007,2008,80,COSTUME DESIGN,Marit Allen,La Vie en Rose,False
2007,2008,80,COSTUME DESIGN,Colleen Atwood,Sweeney Todd The Demon Barber of Fleet Street,False
2007,2008,80,DIRECTING,Julian Schnabel,The Diving Bell and the Butterfly,False
2007,2008,80,DIRECTING,Jason Reitman,Juno,False
2007,2008,80,DIRECTING,Tony Gilroy,Michael Clayton,False
2007,2008,80,DIRECTING,Joel Coen and Ethan Coen,No Country for Old Men,True
2007,2008,80,DIRECTING,Paul Thomas Anderson,There Will Be Blood,False
2007,2008,80,DOCUMENTARY (Feature),Charles Ferguson and Audrey Marrs,No End in Sight,False
2007,2008,80,DOCUMENTARY (Feature),Richard E. Robbins,Operation Homecoming: Writing the Wartime Experience,False
2007,2008,80,DOCUMENTARY (Feature),Michael Moore and Meghan O'Hara,Sicko,False
2007,2008,80,DOCUMENTARY (Feature),Alex Gibney and Eva Orner,Taxi to the Dark Side,True
2007,2008,80,DOCUMENTARY (Feature),Andrea Nix Fine and Sean Fine,War/Dance,False
2007,2008,80,DOCUMENTARY (Short Subject),Cynthia Wade and Vanessa Roth,Freeheld,True
2007,2008,80,DOCUMENTARY (Short Subject),Amanda Micheli and Isabel Vega,La Corona (The Crown),False
2007,2008,80,DOCUMENTARY (Short Subject),Tim Sternberg and Francisco Bello,Salim Baba,False
2007,2008,80,DOCUMENTARY (Short Subject),James Longley,Sari's Mother,False
2007,2008,80,FILM EDITING,Christopher Rouse,The Bourne Ultimatum,True
2007,2008,80,FILM EDITING,Juliette Welfling,The Diving Bell and the Butterfly,False
2007,2008,80,FILM EDITING,Jay Cassidy,Into the Wild,False
2007,2008,80,FILM EDITING,Roderick Jaynes,No Country for Old Men,False
2007,2008,80,FILM EDITING,Dylan Tichenor,There Will Be Blood,False
2007,2008,80,FOREIGN LANGUAGE FILM,Israel,Beaufort,False
2007,2008,80,FOREIGN LANGUAGE FILM,Austria,The Counterfeiters,True
2007,2008,80,FOREIGN LANGUAGE FILM,Poland,Katyn,False
2007,2008,80,FOREIGN LANGUAGE FILM,Kazakhstan,Mongol,False
2007,2008,80,FOREIGN LANGUAGE FILM,Russia,12,False
2007,2008,80,MAKEUP,Didier Lavergne and Jan Archibald,La Vie en Rose,True
2007,2008,80,MAKEUP,Rick Baker and Kazuhiro Tsuji,Norbit,False
2007,2008,80,MAKEUP,Ve Neill and Martin Samuel,Pirates of the Caribbean: At World's End,False
2007,2008,80,MUSIC (Original Score),Dario Marianelli,Atonement,True
2007,2008,80,MUSIC (Original Score),Alberto Iglesias,The Kite Runner,False
2007,2008,80,MUSIC (Original Score),James Newton Howard,Michael Clayton,False
2007,2008,80,MUSIC (Original Score),Michael Giacchino,Ratatouille,False
2007,2008,80,MUSIC (Original Score),Marco Beltrami,3:10 to Yuma,False
2007,2008,80,MUSIC (Original Song),Music and Lyric by Glen Hansard and Marketa Irglova,Once,True
2007,2008,80,MUSIC (Original Song),Music by Alan Menken; Lyric by Stephen Schwartz,Enchanted,False
2007,2008,80,MUSIC (Original Song),"Music and Lyric by Jamal Joseph, Charles Mack and Tevin Thomas",August Rush,False
2007,2008,80,BEST PICTURE,"Tim Bevan, Eric Fellner and Paul Webster, Producers",Atonement,False
2007,2008,80,BEST PICTURE,"Lianne Halfon, Mason Novick and Russell Smith, Producers",Juno,False
2007,2008,80,BEST PICTURE,"Sydney Pollack, Jennifer Fox and Kerry Orent, Producers",Michael Clayton,False
2007,2008,80,BEST PICTURE,"Scott Rudin, Ethan Coen and Joel Coen, Producers",No Country for Old Men,True
2007,2008,80,BEST PICTURE,"JoAnne Sellar, Paul Thomas Anderson and Daniel Lupi, Producers",There Will Be Blood,False
2007,2008,80,SHORT FILM (Animated),Josh Raskin,I Met the Walrus,False
2007,2008,80,SHORT FILM (Animated),Chris Lavis and Maciek Szczerbowski,Madame Tutli-Putli,False
2007,2008,80,SHORT FILM (Animated),Samuel Tourneux and Simon Vanesse,Même les Pigeons Vont au Paradis (Even Pigeons Go to Heaven),False
2007,2008,80,SHORT FILM (Animated),Alexander Petrov,My Love (Moya Lyubov),False
2007,2008,80,SHORT FILM (Animated),Suzie Templeton and Hugh Welchman,Peter & the Wolf,True
2007,2008,80,SHORT FILM (Live Action),Christian E. Christiansen and Louise Vesth,At Night,False
2007,2008,80,SHORT FILM (Live Action),Andrea Jublin,Il Supplente (The Substitute),False
2007,2008,80,SHORT FILM (Live Action),Philippe Pollet-Villard,Le Mozart des Pickpockets (The Mozart of Pickpockets),True
2007,2008,80,SHORT FILM (Live Action),Guido Thys and Anja Daelemans,Tanghi Argentini,False
2007,2008,80,SHORT FILM (Live Action),Daniel Barber and Matthew Brown,The Tonto Woman,False
2007,2008,80,SOUND EDITING,Karen Baker Landers and Per Hallberg,The Bourne Ultimatum,True
2007,2008,80,SOUND EDITING,Skip Lievsay,No Country for Old Men,False
2007,2008,80,SOUND EDITING,Randy Thom and Michael Silvers,Ratatouille,False
2007,2008,80,SOUND EDITING,Christopher Scarabosio and Matthew Wood,There Will Be Blood,False
2007,2008,80,SOUND EDITING,Ethan Van der Ryn and Mike Hopkins,Transformers,False
2007,2008,80,SOUND MIXING,"Scott Millan, David Parker and Kirk Francis",The Bourne Ultimatum,True
2007,2008,80,SOUND MIXING,"Skip Lievsay, Craig Berkey, Greg Orloff and Peter Kurland",No Country for Old Men,False
2007,2008,80,SOUND MIXING,"Randy Thom, Michael Semanick and Doc Kane",Ratatouille,False
2007,2008,80,SOUND MIXING,"Paul Massey, David Giammarco and Jim Stuebe",3:10 to Yuma,False
2007,2008,80,SOUND MIXING,"Kevin O'Connell, Greg P. Russell and Peter J. Devlin",Transformers,False
2007,2008,80,VISUAL EFFECTS,"Michael Fink, Bill Westenhofer, Ben Morris and Trevor Wood",The Golden Compass,True
2007,2008,80,VISUAL EFFECTS,"John Knoll, Hal Hickel, Charles Gibson and John Frazier",Pirates of the Caribbean: At World's End,False
2007,2008,80,VISUAL EFFECTS,"Scott Farrar, Scott Benza, Russell Earl and John Frazier",Transformers,False
2007,2008,80,WRITING (Adapted Screenplay),Screenplay by Christopher Hampton,Atonement,False
2007,2008,80,WRITING (Adapted Screenplay),Written by Sarah Polley,Away from Her,False
2007,2008,80,WRITING (Adapted Screenplay),Screenplay by Ronald Harwood,The Diving Bell and the Butterfly,False
2007,2008,80,WRITING (Adapted Screenplay),Written for the screen by Joel Coen & Ethan Coen,No Country for Old Men,True
2007,2008,80,WRITING (Adapted Screenplay),Written for the Screen by Paul Thomas Anderson,There Will Be Blood,False
2007,2008,80,WRITING (Original Screenplay),Written by Diablo Cody,Juno,True
2007,2008,80,WRITING (Original Screenplay),Written by Nancy Oliver,Lars and the Real Girl,False
2007,2008,80,WRITING (Original Screenplay),Written by Tony Gilroy,Michael Clayton,False
2007,2008,80,WRITING (Original Screenplay),"Screenplay by Brad Bird; Story by Jan Pinkava, Jim Capobianco, Brad Bird",Ratatouille,False
2007,2008,80,WRITING (Original Screenplay),Written by Tamara Jenkins,The Savages,False
2007,2008,80,HONORARY AWARD, Robert Boyle in recognition of one of cinema's great careers in art direction.,,True
2008,2009,81,ACTOR IN A LEADING ROLE,Richard Jenkins,The Visitor,False
2008,2009,81,ACTOR IN A LEADING ROLE,Frank Langella,Frost/Nixon,False
2008,2009,81,ACTOR IN A LEADING ROLE,Sean Penn,Milk,True
2008,2009,81,ACTOR IN A LEADING ROLE,Brad Pitt,The Curious Case of Benjamin Button,False
2008,2009,81,ACTOR IN A LEADING ROLE,Mickey Rourke,The Wrestler,False
2008,2009,81,ACTOR IN A SUPPORTING ROLE,Josh Brolin,Milk,False
2008,2009,81,ACTOR IN A SUPPORTING ROLE,Robert Downey Jr.,Tropic Thunder,False
2008,2009,81,ACTOR IN A SUPPORTING ROLE,Philip Seymour Hoffman,Doubt,False
2008,2009,81,ACTOR IN A SUPPORTING ROLE,Heath Ledger,The Dark Knight,True
2008,2009,81,ACTOR IN A SUPPORTING ROLE,Michael Shannon,Revolutionary Road,False
2008,2009,81,ACTRESS IN A LEADING ROLE,Anne Hathaway,Rachel Getting Married,False
2008,2009,81,ACTRESS IN A LEADING ROLE,Angelina Jolie,Changeling,False
2008,2009,81,ACTRESS IN A LEADING ROLE,Melissa Leo,Frozen River,False
2008,2009,81,ACTRESS IN A LEADING ROLE,Meryl Streep,Doubt,False
2008,2009,81,ACTRESS IN A LEADING ROLE,Kate Winslet,The Reader,True
2008,2009,81,ACTRESS IN A SUPPORTING ROLE,Amy Adams,Doubt,False
2008,2009,81,ACTRESS IN A SUPPORTING ROLE,Penélope Cruz,Vicky Cristina Barcelona,True
2008,2009,81,ACTRESS IN A SUPPORTING ROLE,Viola Davis,Doubt,False
2008,2009,81,ACTRESS IN A SUPPORTING ROLE,Taraji P. Henson,The Curious Case of Benjamin Button,False
2008,2009,81,ACTRESS IN A SUPPORTING ROLE,Marisa Tomei,The Wrestler,False
2008,2009,81,ANIMATED FEATURE FILM,Chris Williams and Byron Howard,Bolt,False
2008,2009,81,ANIMATED FEATURE FILM,John Stevenson and Mark Osborne,Kung Fu Panda,False
2008,2009,81,ANIMATED FEATURE FILM,Andrew Stanton,WALL-E,True
2008,2009,81,ART DIRECTION,Art Direction: James J. Murakami; Set Decoration: Gary Fettis,Changeling,False
2008,2009,81,ART DIRECTION,Art Direction: Donald Graham Burt; Set Decoration: Victor J. Zolfo,The Curious Case of Benjamin Button,True
2008,2009,81,ART DIRECTION,Art Direction: Nathan Crowley; Set Decoration: Peter Lando,The Dark Knight,False
2008,2009,81,ART DIRECTION,Art Direction: Michael Carlin; Set Decoration: Rebecca Alleway,The Duchess,False
2008,2009,81,ART DIRECTION,Art Direction: Kristi Zea; Set Decoration: Debra Schutt,Revolutionary Road,False
2008,2009,81,CINEMATOGRAPHY,Tom Stern,Changeling,False
2008,2009,81,CINEMATOGRAPHY,Claudio Miranda,The Curious Case of Benjamin Button,False
2008,2009,81,CINEMATOGRAPHY,Wally Pfister,The Dark Knight,False
2008,2009,81,CINEMATOGRAPHY,Chris Menges and Roger Deakins,The Reader,False
2008,2009,81,CINEMATOGRAPHY,Anthony Dod Mantle,Slumdog Millionaire,True
2008,2009,81,COSTUME DESIGN,Catherine Martin,Australia,False
2008,2009,81,COSTUME DESIGN,Jacqueline West,The Curious Case of Benjamin Button,False
2008,2009,81,COSTUME DESIGN,Michael O'Connor,The Duchess,True
2008,2009,81,COSTUME DESIGN,Danny Glicker,Milk,False
2008,2009,81,COSTUME DESIGN,Albert Wolsky,Revolutionary Road,False
2008,2009,81,DIRECTING,David Fincher,The Curious Case of Benjamin Button,False
2008,2009,81,DIRECTING,Ron Howard,Frost/Nixon,False
2008,2009,81,DIRECTING,Gus Van Sant,Milk,False
2008,2009,81,DIRECTING,Stephen Daldry,The Reader,False
2008,2009,81,DIRECTING,Danny Boyle,Slumdog Millionaire,True
2008,2009,81,DOCUMENTARY (Feature),Ellen Kuras and Thavisouk Phrasavath,The Betrayal (Nerakhoon),False
2008,2009,81,DOCUMENTARY (Feature),Werner Herzog and Henry Kaiser,Encounters at the End of the World,False
2008,2009,81,DOCUMENTARY (Feature),Scott Hamilton Kennedy,The Garden,False
2008,2009,81,DOCUMENTARY (Feature),James Marsh and Simon Chinn,Man on Wire,True
2008,2009,81,DOCUMENTARY (Feature),Tia Lessin and Carl Deal,Trouble the Water,False
2008,2009,81,DOCUMENTARY (Short Subject),Steven Okazaki,The Conscience of Nhem En,False
2008,2009,81,DOCUMENTARY (Short Subject),Irene Taylor Brodsky and Tom Grant,The Final Inch,False
2008,2009,81,DOCUMENTARY (Short Subject),Megan Mylan,Smile Pinki,True
2008,2009,81,DOCUMENTARY (Short Subject),Adam Pertofsky and Margaret Hyde,The Witness - From the Balcony of Room 306,False
2008,2009,81,FILM EDITING,Kirk Baxter and Angus Wall,The Curious Case of Benjamin Button,False
2008,2009,81,FILM EDITING,Lee Smith,The Dark Knight,False
2008,2009,81,FILM EDITING,Mike Hill and Dan Hanley,Frost/Nixon,False
2008,2009,81,FILM EDITING,Elliot Graham,Milk,False
2008,2009,81,FILM EDITING,Chris Dickens,Slumdog Millionaire,True
2008,2009,81,FOREIGN LANGUAGE FILM,Germany,The Baader Meinhof Complex,False
2008,2009,81,FOREIGN LANGUAGE FILM,France,The Class,False
2008,2009,81,FOREIGN LANGUAGE FILM,Japan,Departures,True
2008,2009,81,FOREIGN LANGUAGE FILM,Austria,Revanche,False
2008,2009,81,FOREIGN LANGUAGE FILM,Israel,Waltz with Bashir,False
2008,2009,81,MAKEUP,Greg Cannom,The Curious Case of Benjamin Button,True
2008,2009,81,MAKEUP,"John Caglione, Jr. and Conor O'Sullivan",The Dark Knight,False
2008,2009,81,MAKEUP,Mike Elizalde and Thom Floutz,Hellboy II: The Golden Army,False
2008,2009,81,MUSIC (Original Score),Alexandre Desplat,The Curious Case of Benjamin Button,False
2008,2009,81,MUSIC (Original Score),James Newton Howard,Defiance,False
2008,2009,81,MUSIC (Original Score),Danny Elfman,Milk,False
2008,2009,81,MUSIC (Original Score),A.R. Rahman,Slumdog Millionaire,True
2008,2009,81,MUSIC (Original Score),Thomas Newman,WALL-E,False
2008,2009,81,MUSIC (Original Song),Music by Peter Gabriel and Thomas Newman; Lyric by Peter Gabriel,WALL-E,False
2008,2009,81,MUSIC (Original Song),Music by A.R. Rahman; Lyric by Gulzar,Slumdog Millionaire,True
2008,2009,81,MUSIC (Original Song),Music and Lyric by A.R. Rahman and Maya Arulpragasam,Slumdog Millionaire,False
2008,2009,81,BEST PICTURE,"Kathleen Kennedy, Frank Marshall and Ceán Chaffin, Producers",The Curious Case of Benjamin Button,False
2008,2009,81,BEST PICTURE,"Brian Grazer, Ron Howard and Eric Fellner, Producers",Frost/Nixon,False
2008,2009,81,BEST PICTURE,"Dan Jinks and Bruce Cohen, Producers",Milk,False
2008,2009,81,BEST PICTURE,"Anthony Minghella, Sydney Pollack, Donna Gigliotti and Redmond Morris, Producers",The Reader,False
2008,2009,81,BEST PICTURE,"Christian Colson, Producer",Slumdog Millionaire,True
2008,2009,81,SHORT FILM (Animated),Kunio Kato,La Maison en Petits Cubes,True
2008,2009,81,SHORT FILM (Animated),Konstantin Bronzit,Lavatory - Lovestory,False
2008,2009,81,SHORT FILM (Animated),Emud Mokhberi and Thierry Marchand,Oktapodi,False
2008,2009,81,SHORT FILM (Animated),Doug Sweetland,Presto,False
2008,2009,81,SHORT FILM (Animated),Alan Smith and Adam Foulkes,This Way Up,False
2008,2009,81,SHORT FILM (Live Action),Reto Caffi,Auf der Strecke (On the Line),False
2008,2009,81,SHORT FILM (Live Action),Elizabeth Marre and Olivier Pont,Manon on the Asphalt,False
2008,2009,81,SHORT FILM (Live Action),Steph Green and Tamara Anghie,New Boy,False
2008,2009,81,SHORT FILM (Live Action),Tivi Magnusson and Dorte Høgh,The Pig,False
2008,2009,81,SHORT FILM (Live Action),Jochen Alexander Freydank,Spielzeugland (Toyland),True
2008,2009,81,SOUND EDITING,Richard King,The Dark Knight,True
2008,2009,81,SOUND EDITING,Frank Eulner and Christopher Boyes,Iron Man,False
2008,2009,81,SOUND EDITING,Glenn Freemantle and Tom Sayers,Slumdog Millionaire,False
2008,2009,81,SOUND EDITING,Ben Burtt and Matthew Wood,WALL-E,False
2008,2009,81,SOUND EDITING,Wylie Stateman,Wanted,False
2008,2009,81,SOUND MIXING,"David Parker, Michael Semanick, Ren Klyce and Mark Weingarten",The Curious Case of Benjamin Button,False
2008,2009,81,SOUND MIXING,"Lora Hirschberg, Gary Rizzo and Ed Novick",The Dark Knight,False
2008,2009,81,SOUND MIXING,"Ian Tapp, Richard Pryke and Resul Pookutty",Slumdog Millionaire,True
2008,2009,81,SOUND MIXING,"Tom Myers, Michael Semanick and Ben Burtt",WALL-E,False
2008,2009,81,SOUND MIXING,"Chris Jenkins, Frank A. Montaño and Petr Forejt",Wanted,False
2008,2009,81,VISUAL EFFECTS,"Eric Barba, Steve Preeg, Burt Dalton and Craig Barron",The Curious Case of Benjamin Button,True
2008,2009,81,VISUAL EFFECTS,"Nick Davis, Chris Corbould, Tim Webber and Paul Franklin",The Dark Knight,False
2008,2009,81,VISUAL EFFECTS,"John Nelson, Ben Snow, Dan Sudick and Shane Mahan",Iron Man,False
2008,2009,81,WRITING (Adapted Screenplay),Screenplay by Eric Roth; Screen story by Eric Roth and Robin Swicord,The Curious Case of Benjamin Button,False
2008,2009,81,WRITING (Adapted Screenplay),Written by John Patrick Shanley,Doubt,False
2008,2009,81,WRITING (Adapted Screenplay),Screenplay by Peter Morgan,Frost/Nixon,False
2008,2009,81,WRITING (Adapted Screenplay),Screenplay by David Hare,The Reader,False
2008,2009,81,WRITING (Adapted Screenplay),Screenplay by Simon Beaufoy,Slumdog Millionaire,True
2008,2009,81,WRITING (Original Screenplay),Written by Courtney Hunt,Frozen River,False
2008,2009,81,WRITING (Original Screenplay),Written by Mike Leigh,Happy-Go-Lucky,False
2008,2009,81,WRITING (Original Screenplay),Written by Martin McDonagh,In Bruges,False
2008,2009,81,WRITING (Original Screenplay),Written by Dustin Lance Black,Milk,True
2008,2009,81,WRITING (Original Screenplay),"Screenplay by Andrew Stanton, Jim Reardon; Original story by Andrew Stanton, Pete Docter",WALL-E,False
2008,2009,81,JEAN HERSHOLT HUMANITARIAN AWARD,Jerry Lewis,,True
2009,2010,82,ACTOR IN A LEADING ROLE,Jeff Bridges,Crazy Heart,True
2009,2010,82,ACTOR IN A LEADING ROLE,George Clooney,Up in the Air,False
2009,2010,82,ACTOR IN A LEADING ROLE,Colin Firth,A Single Man,False
2009,2010,82,ACTOR IN A LEADING ROLE,Morgan Freeman,Invictus,False
2009,2010,82,ACTOR IN A LEADING ROLE,Jeremy Renner,The Hurt Locker,False
2009,2010,82,ACTOR IN A SUPPORTING ROLE,Matt Damon,Invictus,False
2009,2010,82,ACTOR IN A SUPPORTING ROLE,Woody Harrelson,The Messenger,False
2009,2010,82,ACTOR IN A SUPPORTING ROLE,Christopher Plummer,The Last Station,False
2009,2010,82,ACTOR IN A SUPPORTING ROLE,Stanley Tucci,The Lovely Bones,False
2009,2010,82,ACTOR IN A SUPPORTING ROLE,Christoph Waltz,Inglourious Basterds,True
2009,2010,82,ACTRESS IN A LEADING ROLE,Sandra Bullock,The Blind Side,True
2009,2010,82,ACTRESS IN A LEADING ROLE,Helen Mirren,The Last Station,False
2009,2010,82,ACTRESS IN A LEADING ROLE,Carey Mulligan,An Education,False
2009,2010,82,ACTRESS IN A LEADING ROLE,Gabourey Sidibe,Precious: Based on the Novel 'Push' by Sapphire,False
2009,2010,82,ACTRESS IN A LEADING ROLE,Meryl Streep,Julie & Julia,False
2009,2010,82,ACTRESS IN A SUPPORTING ROLE,Penélope Cruz,Nine,False
2009,2010,82,ACTRESS IN A SUPPORTING ROLE,Vera Farmiga,Up in the Air,False
2009,2010,82,ACTRESS IN A SUPPORTING ROLE,Maggie Gyllenhaal,Crazy Heart,False
2009,2010,82,ACTRESS IN A SUPPORTING ROLE,Anna Kendrick,Up in the Air,False
2009,2010,82,ACTRESS IN A SUPPORTING ROLE,Mo'Nique,Precious: Based on the Novel 'Push' by Sapphire,True
2009,2010,82,ANIMATED FEATURE FILM,Henry Selick,Coraline,False
2009,2010,82,ANIMATED FEATURE FILM,Wes Anderson,Fantastic Mr. Fox,False
2009,2010,82,ANIMATED FEATURE FILM,John Musker and Ron Clements,The Princess and the Frog,False
2009,2010,82,ANIMATED FEATURE FILM,Tomm Moore,The Secret of Kells,False
2009,2010,82,ANIMATED FEATURE FILM,Pete Docter,Up,True
2009,2010,82,ART DIRECTION,Production Design: Rick Carter and Robert Stromberg; Set Decoration: Kim Sinclair,Avatar,True
2009,2010,82,ART DIRECTION,Production Design: Dave Warren and Anastasia Masaro; Set Decoration: Caroline Smith,The Imaginarium of Doctor Parnassus,False
2009,2010,82,ART DIRECTION,Production Design: John Myhre; Set Decoration: Gordon Sim,Nine,False
2009,2010,82,ART DIRECTION,Production Design: Sarah Greenwood; Set Decoration: Katie Spencer,Sherlock Holmes,False
2009,2010,82,ART DIRECTION,Production Design: Patrice Vermette; Set Decoration: Maggie Gray,The Young Victoria,False
2009,2010,82,CINEMATOGRAPHY,Mauro Fiore,Avatar,True
2009,2010,82,CINEMATOGRAPHY,Bruno Delbonnel,Harry Potter and the Half-Blood Prince,False
2009,2010,82,CINEMATOGRAPHY,Barry Ackroyd,The Hurt Locker,False
2009,2010,82,CINEMATOGRAPHY,Robert Richardson,Inglourious Basterds,False
2009,2010,82,CINEMATOGRAPHY,Christian Berger,The White Ribbon,False
2009,2010,82,COSTUME DESIGN,Janet Patterson,Bright Star,False
2009,2010,82,COSTUME DESIGN,Catherine Leterrier,Coco before Chanel,False
2009,2010,82,COSTUME DESIGN,Monique Prudhomme,The Imaginarium of Doctor Parnassus,False
2009,2010,82,COSTUME DESIGN,Colleen Atwood,Nine,False
2009,2010,82,COSTUME DESIGN,Sandy Powell,The Young Victoria,True
2009,2010,82,DIRECTING,James Cameron,Avatar,False
2009,2010,82,DIRECTING,Kathryn Bigelow,The Hurt Locker,True
2009,2010,82,DIRECTING,Quentin Tarantino,Inglourious Basterds,False
2009,2010,82,DIRECTING,Lee Daniels,Precious: Based on the Novel 'Push' by Sapphire,False
2009,2010,82,DIRECTING,Jason Reitman,Up in the Air,False
2009,2010,82,DOCUMENTARY (Feature),Anders Østergaard and Lise Lense-Møller,Burma VJ,False
2009,2010,82,DOCUMENTARY (Feature),Louie Psihoyos and Fisher Stevens,The Cove,True
2009,2010,82,DOCUMENTARY (Feature),Robert Kenner and Elise Pearlstein,"Food, Inc.",False
2009,2010,82,DOCUMENTARY (Feature),Judith Ehrlich and Rick Goldsmith,The Most Dangerous Man in America: Daniel Ellsberg and the Pentagon Papers,False
2009,2010,82,DOCUMENTARY (Feature),Rebecca Cammisa,Which Way Home,False
2009,2010,82,DOCUMENTARY (Short Subject),Jon Alpert and Matthew O'Neill,China's Unnatural Disaster: The Tears of Sichuan Province,False
2009,2010,82,DOCUMENTARY (Short Subject),Daniel Junge and Henry Ansbacher,The Last Campaign of Governor Booth Gardner,False
2009,2010,82,DOCUMENTARY (Short Subject),Steven Bognar and Julia Reichert,The Last Truck: Closing of a GM Plant,False
2009,2010,82,DOCUMENTARY (Short Subject),Roger Ross Williams and Elinor Burkett,Music by Prudence,True
2009,2010,82,DOCUMENTARY (Short Subject),Bartek Konopka and Anna Wydra,Rabbit à la Berlin,False
2009,2010,82,FILM EDITING,"Stephen Rivkin, John Refoua and James Cameron",Avatar,False
2009,2010,82,FILM EDITING,Julian Clarke,District 9,False
2009,2010,82,FILM EDITING,Bob Murawski and Chris Innis,The Hurt Locker,True
2009,2010,82,FILM EDITING,Sally Menke,Inglourious Basterds,False
2009,2010,82,FILM EDITING,Joe Klotz,Precious: Based on the Novel 'Push' by Sapphire,False
2009,2010,82,FOREIGN LANGUAGE FILM,Israel,Ajami,False
2009,2010,82,FOREIGN LANGUAGE FILM,Peru,The Milk of Sorrow,False
2009,2010,82,FOREIGN LANGUAGE FILM,France,A Prophet,False
2009,2010,82,FOREIGN LANGUAGE FILM,Argentina,The Secret in Their Eyes,True
2009,2010,82,FOREIGN LANGUAGE FILM,Germany,The White Ribbon,False
2009,2010,82,MAKEUP,Aldo Signoretti and Vittorio Sodano,Il Divo,False
2009,2010,82,MAKEUP,"Barney Burman, Mindy Hall and Joel Harlow",Star Trek,True
2009,2010,82,MAKEUP,Jon Henry Gordon and Jenny Shircore,The Young Victoria,False
2009,2010,82,MUSIC (Original Score),James Horner,Avatar,False
2009,2010,82,MUSIC (Original Score),Alexandre Desplat,Fantastic Mr. Fox,False
2009,2010,82,MUSIC (Original Score),Marco Beltrami and Buck Sanders,The Hurt Locker,False
2009,2010,82,MUSIC (Original Score),Hans Zimmer,Sherlock Holmes,False
2009,2010,82,MUSIC (Original Score),Michael Giacchino,Up,True
2009,2010,82,MUSIC (Original Song),Music and Lyric by Randy Newman,The Princess and the Frog,False
2009,2010,82,MUSIC (Original Song),Music by Reinhardt Wagner; Lyric by Frank Thomas,Paris 36,False
2009,2010,82,MUSIC (Original Song),Music and Lyric by Maury Yeston,Nine,False
2009,2010,82,MUSIC (Original Song),Music and Lyric by Ryan Bingham and T Bone Burnett,Crazy Heart,True
2009,2010,82,BEST PICTURE,"James Cameron and Jon Landau, Producers",Avatar,False
2009,2010,82,BEST PICTURE,"Gil Netter, Andrew A. Kosove and Broderick Johnson, Producers",The Blind Side,False
2009,2010,82,BEST PICTURE,"Peter Jackson and Carolynne Cunningham, Producers",District 9,False
2009,2010,82,BEST PICTURE,"Finola Dwyer and Amanda Posey, Producers",An Education,False
2009,2010,82,BEST PICTURE,"Kathryn Bigelow, Mark Boal, Nicolas Chartier and Greg Shapiro, Producers",The Hurt Locker,True
2009,2010,82,BEST PICTURE,"Lawrence Bender, Producer",Inglourious Basterds,False
2009,2010,82,BEST PICTURE,"Lee Daniels, Sarah Siegel-Magness and Gary Magness, Producers",Precious: Based on the Novel 'Push' by Sapphire,False
2009,2010,82,BEST PICTURE,"Joel Coen and Ethan Coen, Producers",A Serious Man,False
2009,2010,82,BEST PICTURE,"Jonas Rivera, Producer",Up,False
2009,2010,82,BEST PICTURE,"Daniel Dubiecki, Ivan Reitman and Jason Reitman, Producers",Up in the Air,False
2009,2010,82,SHORT FILM (Animated),Fabrice O. Joubert,French Roast,False
2009,2010,82,SHORT FILM (Animated),Nicky Phelan and Darragh O'Connell,Granny O'Grimm's Sleeping Beauty,False
2009,2010,82,SHORT FILM (Animated),Javier Recio Gracia,The Lady and the Reaper (La Dama y la Muerte),False
2009,2010,82,SHORT FILM (Animated),Nicolas Schmerkin,Logorama,True
2009,2010,82,SHORT FILM (Animated),Nick Park,A Matter of Loaf and Death,False
2009,2010,82,SHORT FILM (Live Action),Juanita Wilson and James Flynn,The Door,False
2009,2010,82,SHORT FILM (Live Action),Patrik Eklund and Mathias Fjellström,Instead of Abracadabra,False
2009,2010,82,SHORT FILM (Live Action),Gregg Helvey,Kavi,False
2009,2010,82,SHORT FILM (Live Action),Luke Doolan and Drew Bailey,Miracle Fish,False
2009,2010,82,SHORT FILM (Live Action),Joachim Back and Tivi Magnusson,The New Tenants,True
2009,2010,82,SOUND EDITING,Christopher Boyes and Gwendolyn Yates Whittle,Avatar,False
2009,2010,82,SOUND EDITING,Paul N.J. Ottosson,The Hurt Locker,True
2009,2010,82,SOUND EDITING,Wylie Stateman,Inglourious Basterds,False
2009,2010,82,SOUND EDITING,Mark Stoeckinger and Alan Rankin,Star Trek,False
2009,2010,82,SOUND EDITING,Michael Silvers and Tom Myers,Up,False
2009,2010,82,SOUND MIXING,"Christopher Boyes, Gary Summers, Andy Nelson and Tony Johnson",Avatar,False
2009,2010,82,SOUND MIXING,Paul N.J. Ottosson and Ray Beckett,The Hurt Locker,True
2009,2010,82,SOUND MIXING,"Michael Minkler, Tony Lamberti and Mark Ulano",Inglourious Basterds,False
2009,2010,82,SOUND MIXING,"Anna Behlmer, Andy Nelson and Peter J. Devlin",Star Trek,False
2009,2010,82,SOUND MIXING,"Greg P. Russell, Gary Summers and Geoffrey Patterson",Transformers: Revenge of the Fallen,False
2009,2010,82,VISUAL EFFECTS,"Joe Letteri, Stephen Rosenbaum, Richard Baneham and Andrew R. Jones",Avatar,True
2009,2010,82,VISUAL EFFECTS,"Dan Kaufman, Peter Muyzers, Robert Habros and Matt Aitken",District 9,False
2009,2010,82,VISUAL EFFECTS,"Roger Guyett, Russell Earl, Paul Kavanagh and Burt Dalton",Star Trek,False
2009,2010,82,WRITING (Adapted Screenplay),Written by Neill Blomkamp and Terri Tatchell,District 9,False
2009,2010,82,WRITING (Adapted Screenplay),Screenplay by Nick Hornby,An Education,False
2009,2010,82,WRITING (Adapted Screenplay),"Screenplay by Jesse Armstrong, Simon Blackwell, Armando Iannucci, Tony Roche",In the Loop,False
2009,2010,82,WRITING (Adapted Screenplay),Screenplay by Geoffrey Fletcher,Precious: Based on the Novel 'Push' by Sapphire,True
2009,2010,82,WRITING (Adapted Screenplay),Screenplay by Jason Reitman and Sheldon Turner,Up in the Air,False
2009,2010,82,WRITING (Original Screenplay),Written by Mark Boal,The Hurt Locker,True
2009,2010,82,WRITING (Original Screenplay),Written by Quentin Tarantino,Inglourious Basterds,False
2009,2010,82,WRITING (Original Screenplay),Written by Alessandro Camon & Oren Moverman,The Messenger,False
2009,2010,82,WRITING (Original Screenplay),Written by Joel Coen & Ethan Coen,A Serious Man,False
2009,2010,82,WRITING (Original Screenplay),"Screenplay by Bob Peterson, Pete Docter; Story by Pete Docter, Bob Peterson, Tom McCarthy",Up,False
2009,2010,82,HONORARY AWARD, Lauren Bacall in recognition of her central place in the golden age of motion pictures.,,True
2009,2010,82,HONORARY AWARD, Roger Corman for his rich engendering of films and filmmakers.,,True
2009,2010,82,HONORARY AWARD, Gordon Willis for unsurpassed mastery of light,,True
2009,2010,82,IRVING G. THALBERG MEMORIAL AWARD,John Calley,,True
2010,2011,83,ACTOR IN A LEADING ROLE,Javier Bardem,Biutiful,False
2010,2011,83,ACTOR IN A LEADING ROLE,Jeff Bridges,True Grit,False
2010,2011,83,ACTOR IN A LEADING ROLE,Jesse Eisenberg,The Social Network,False
2010,2011,83,ACTOR IN A LEADING ROLE,Colin Firth,The King's Speech,True
2010,2011,83,ACTOR IN A LEADING ROLE,James Franco,127 Hours,False
2010,2011,83,ACTOR IN A SUPPORTING ROLE,Christian Bale,The Fighter,True
2010,2011,83,ACTOR IN A SUPPORTING ROLE,John Hawkes,Winter's Bone,False
2010,2011,83,ACTOR IN A SUPPORTING ROLE,Jeremy Renner,The Town,False
2010,2011,83,ACTOR IN A SUPPORTING ROLE,Mark Ruffalo,The Kids Are All Right,False
2010,2011,83,ACTOR IN A SUPPORTING ROLE,Geoffrey Rush,The King's Speech,False
2010,2011,83,ACTRESS IN A LEADING ROLE,Annette Bening,The Kids Are All Right,False
2010,2011,83,ACTRESS IN A LEADING ROLE,Nicole Kidman,Rabbit Hole,False
2010,2011,83,ACTRESS IN A LEADING ROLE,Jennifer Lawrence,Winter's Bone,False
2010,2011,83,ACTRESS IN A LEADING ROLE,Natalie Portman,Black Swan,True
2010,2011,83,ACTRESS IN A LEADING ROLE,Michelle Williams,Blue Valentine,False
2010,2011,83,ACTRESS IN A SUPPORTING ROLE,Amy Adams,The Fighter,False
2010,2011,83,ACTRESS IN A SUPPORTING ROLE,Helena Bonham Carter,The King's Speech,False
2010,2011,83,ACTRESS IN A SUPPORTING ROLE,Melissa Leo,The Fighter,True
2010,2011,83,ACTRESS IN A SUPPORTING ROLE,Hailee Steinfeld,True Grit,False
2010,2011,83,ACTRESS IN A SUPPORTING ROLE,Jacki Weaver,Animal Kingdom,False
2010,2011,83,ANIMATED FEATURE FILM,Chris Sanders and Dean DeBlois,How to Train Your Dragon,False
2010,2011,83,ANIMATED FEATURE FILM,Sylvain Chomet,The Illusionist,False
2010,2011,83,ANIMATED FEATURE FILM,Lee Unkrich,Toy Story 3,True
2010,2011,83,ART DIRECTION,Production Design: Robert Stromberg; Set Decoration: Karen O'Hara,Alice in Wonderland,True
2010,2011,83,ART DIRECTION,Production Design: Stuart Craig; Set Decoration: Stephenie McMillan,Harry Potter and the Deathly Hallows Part 1,False
2010,2011,83,ART DIRECTION,Production Design: Guy Hendrix Dyas; Set Decoration: Larry Dias and Doug Mowat,Inception,False
2010,2011,83,ART DIRECTION,Production Design: Eve Stewart; Set Decoration: Judy Farr,The King's Speech,False
2010,2011,83,ART DIRECTION,Production Design: Jess Gonchor; Set Decoration: Nancy Haigh,True Grit,False
2010,2011,83,CINEMATOGRAPHY,Matthew Libatique,Black Swan,False
2010,2011,83,CINEMATOGRAPHY,Wally Pfister,Inception,True
2010,2011,83,CINEMATOGRAPHY,Danny Cohen,The King's Speech,False
2010,2011,83,CINEMATOGRAPHY,Jeff Cronenweth,The Social Network,False
2010,2011,83,CINEMATOGRAPHY,Roger Deakins,True Grit,False
2010,2011,83,COSTUME DESIGN,Colleen Atwood,Alice in Wonderland,True
2010,2011,83,COSTUME DESIGN,Antonella Cannarozzi,I Am Love,False
2010,2011,83,COSTUME DESIGN,Jenny Beavan,The King's Speech,False
2010,2011,83,COSTUME DESIGN,Sandy Powell,The Tempest,False
2010,2011,83,COSTUME DESIGN,Mary Zophres,True Grit,False
2010,2011,83,DIRECTING,Darren Aronofsky,Black Swan,False
2010,2011,83,DIRECTING,David O. Russell,The Fighter,False
2010,2011,83,DIRECTING,Tom Hooper,The King's Speech,True
2010,2011,83,DIRECTING,David Fincher,The Social Network,False
2010,2011,83,DIRECTING,Joel Coen and Ethan Coen,True Grit,False
2010,2011,83,DOCUMENTARY (Feature),Banksy and Jaimie D'Cruz,Exit through the Gift Shop,False
2010,2011,83,DOCUMENTARY (Feature),Josh Fox and Trish Adlesic,Gasland,False
2010,2011,83,DOCUMENTARY (Feature),Charles Ferguson and Audrey Marrs,Inside Job,True
2010,2011,83,DOCUMENTARY (Feature),Tim Hetherington and Sebastian Junger,Restrepo,False
2010,2011,83,DOCUMENTARY (Feature),Lucy Walker and Angus Aynsley,Waste Land,False
2010,2011,83,DOCUMENTARY (Short Subject),Jed Rothstein,Killing in the Name,False
2010,2011,83,DOCUMENTARY (Short Subject),Sara Nesson and Mitchell W. Block,Poster Girl,False
2010,2011,83,DOCUMENTARY (Short Subject),Karen Goodman and Kirk Simon,Strangers No More,True
2010,2011,83,DOCUMENTARY (Short Subject),Jennifer Redfearn and Tim Metzger,Sun Come Up,False
2010,2011,83,DOCUMENTARY (Short Subject),Ruby Yang and Thomas Lennon,The Warriors of Qiugang,False
2010,2011,83,FILM EDITING,Andrew Weisblum,Black Swan,False
2010,2011,83,FILM EDITING,Pamela Martin,The Fighter,False
2010,2011,83,FILM EDITING,Tariq Anwar,The King's Speech,False
2010,2011,83,FILM EDITING,Jon Harris,127 Hours,False
2010,2011,83,FILM EDITING,Angus Wall and Kirk Baxter,The Social Network,True
2010,2011,83,FOREIGN LANGUAGE FILM,Mexico,Biutiful,False
2010,2011,83,FOREIGN LANGUAGE FILM,Greece,Dogtooth,False
2010,2011,83,FOREIGN LANGUAGE FILM,Denmark,In a Better World,True
2010,2011,83,FOREIGN LANGUAGE FILM,Canada,Incendies,False
2010,2011,83,FOREIGN LANGUAGE FILM,Algeria,Outside the Law (Hors-la-loi),False
2010,2011,83,MAKEUP,Adrien Morot,Barney's Version,False
2010,2011,83,MAKEUP,"Edouard F. Henriques, Gregory Funk and Yolanda Toussieng",The Way Back,False
2010,2011,83,MAKEUP,Rick Baker and Dave Elsey,The Wolfman,True
2010,2011,83,MUSIC (Original Score),John Powell,How to Train Your Dragon,False
2010,2011,83,MUSIC (Original Score),Hans Zimmer,Inception,False
2010,2011,83,MUSIC (Original Score),Alexandre Desplat,The King's Speech,False
2010,2011,83,MUSIC (Original Score),A.R. Rahman,127 Hours,False
2010,2011,83,MUSIC (Original Score),Trent Reznor and Atticus Ross,The Social Network,True
2010,2011,83,MUSIC (Original Song),"Music and Lyric by Tom Douglas, Troy Verges and Hillary Lindsey",Country Strong,False
2010,2011,83,MUSIC (Original Song),Music by Alan Menken; Lyric by Glenn Slater,Tangled,False
2010,2011,83,MUSIC (Original Song),Music by A.R. Rahman; Lyric by Dido and Rollo Armstrong,127 Hours,False
2010,2011,83,MUSIC (Original Song),Music and Lyric by Randy Newman,Toy Story 3,True
2010,2011,83,BEST PICTURE,"Mike Medavoy, Brian Oliver and Scott Franklin, Producers",Black Swan,False
2010,2011,83,BEST PICTURE,"David Hoberman, Todd Lieberman and Mark Wahlberg, Producers",The Fighter,False
2010,2011,83,BEST PICTURE,"Emma Thomas and Christopher Nolan, Producers",Inception,False
2010,2011,83,BEST PICTURE,"Gary Gilbert, Jeffrey Levy-Hinte and Celine Rattray, Producers",The Kids Are All Right,False
2010,2011,83,BEST PICTURE,"Iain Canning, Emile Sherman and Gareth Unwin, Producers",The King's Speech,True
2010,2011,83,BEST PICTURE,"Christian Colson, Danny Boyle and John Smithson, Producers",127 Hours,False
2010,2011,83,BEST PICTURE,"Scott Rudin, Dana Brunetti, Michael De Luca and Ceán Chaffin, Producers",The Social Network,False
2010,2011,83,BEST PICTURE,"Darla K. Anderson, Producer",Toy Story 3,False
2010,2011,83,BEST PICTURE,"Scott Rudin, Ethan Coen and Joel Coen, Producers",True Grit,False
2010,2011,83,BEST PICTURE,"Anne Rosellini and Alix Madigan-Yorkin, Producers",Winter's Bone,False
2010,2011,83,SHORT FILM (Animated),Teddy Newton,Day & Night,False
2010,2011,83,SHORT FILM (Animated),Jakob Schuh and Max Lang,The Gruffalo,False
2010,2011,83,SHORT FILM (Animated),Geefwee Boedoe,Let's Pollute,False
2010,2011,83,SHORT FILM (Animated),Shaun Tan and Andrew Ruhemann,The Lost Thing,True
2010,2011,83,SHORT FILM (Animated),Bastien Dubois,"Madagascar, carnet de voyage (Madagascar, a Journey Diary)",False
2010,2011,83,SHORT FILM (Live Action),Tanel Toom,The Confession,False
2010,2011,83,SHORT FILM (Live Action),Michael Creagh,The Crush,False
2010,2011,83,SHORT FILM (Live Action),Luke Matheny,God of Love,True
2010,2011,83,SHORT FILM (Live Action),Ivan Goldschmidt,Na Wewe,False
2010,2011,83,SHORT FILM (Live Action),Ian Barnes and Samantha Waite,Wish 143,False
2010,2011,83,SOUND EDITING,Richard King,Inception,True
2010,2011,83,SOUND EDITING,Tom Myers and Michael Silvers,Toy Story 3,False
2010,2011,83,SOUND EDITING,Gwendolyn Yates Whittle and Addison Teague,Tron: Legacy,False
2010,2011,83,SOUND EDITING,Skip Lievsay and Craig Berkey,True Grit,False
2010,2011,83,SOUND EDITING,Mark P. Stoeckinger,Unstoppable,False
2010,2011,83,SOUND MIXING,"Lora Hirschberg, Gary A. Rizzo and Ed Novick",Inception,True
2010,2011,83,SOUND MIXING,"Paul Hamblin, Martin Jensen and John Midgley",The King's Speech,False
2010,2011,83,SOUND MIXING,"Jeffrey J. Haboush, Greg P. Russell, Scott Millan and William Sarokin",Salt,False
2010,2011,83,SOUND MIXING,"Ren Klyce, David Parker, Michael Semanick and Mark Weingarten",The Social Network,False
2010,2011,83,SOUND MIXING,"Skip Lievsay, Craig Berkey, Greg Orloff and Peter F. Kurland",True Grit,False
2010,2011,83,VISUAL EFFECTS,"Ken Ralston, David Schaub, Carey Villegas and Sean Phillips",Alice in Wonderland,False
2010,2011,83,VISUAL EFFECTS,"Tim Burke, John Richardson, Christian Manz and Nicolas Aithadi",Harry Potter and the Deathly Hallows Part 1,False
2010,2011,83,VISUAL EFFECTS,"Michael Owens, Bryan Grill, Stephan Trojansky and Joe Farrell",Hereafter,False
2010,2011,83,VISUAL EFFECTS,"Paul Franklin, Chris Corbould, Andrew Lockley and Peter Bebb",Inception,True
2010,2011,83,VISUAL EFFECTS,"Janek Sirrs, Ben Snow, Ged Wright and Daniel Sudick",Iron Man 2,False
2010,2011,83,WRITING (Adapted Screenplay),Screenplay by Danny Boyle & Simon Beaufoy,127 Hours,False
2010,2011,83,WRITING (Adapted Screenplay),Screenplay by Aaron Sorkin,The Social Network,True
2010,2011,83,WRITING (Adapted Screenplay),"Screenplay by Michael Arndt; Story by John Lasseter, Andrew Stanton and Lee Unkrich",Toy Story 3,False
2010,2011,83,WRITING (Adapted Screenplay),Written for the screen by Joel Coen & Ethan Coen,True Grit,False
2010,2011,83,WRITING (Adapted Screenplay),Adapted for the screen by Debra Granik & Anne Rosellini,Winter's Bone,False
2010,2011,83,WRITING (Original Screenplay),Written by Mike Leigh,Another Year,False
2010,2011,83,WRITING (Original Screenplay),Screenplay by Scott Silver and Paul Tamasy & Eric Johnson; Story by Keith Dorrington & Paul Tamasy & Eric Johnson,The Fighter,False
2010,2011,83,WRITING (Original Screenplay),Written by Christopher Nolan,Inception,False
2010,2011,83,WRITING (Original Screenplay),Written by Lisa Cholodenko & Stuart Blumberg,The Kids Are All Right,False
2010,2011,83,WRITING (Original Screenplay),Screenplay by David Seidler,The King's Speech,True
2010,2011,83,HONORARY AWARD, Kevin Brownlow for the wise and devoted chronicling of the cinematic parade.,,True
2010,2011,83,HONORARY AWARD, Jean-Luc Godard for passion. For confrontation. For a new kind of cinema.,,True
2010,2011,83,HONORARY AWARD, Eli Wallach for a lifetime's worth of indelible screen characters.,,True
2010,2011,83,IRVING G. THALBERG MEMORIAL AWARD,Francis Ford Coppola,,True
2011,2012,84,ACTOR IN A LEADING ROLE,Demián Bichir,A Better Life,False
2011,2012,84,ACTOR IN A LEADING ROLE,George Clooney,The Descendants,False
2011,2012,84,ACTOR IN A LEADING ROLE,Jean Dujardin,The Artist,True
2011,2012,84,ACTOR IN A LEADING ROLE,Gary Oldman,Tinker Tailor Soldier Spy,False
2011,2012,84,ACTOR IN A LEADING ROLE,Brad Pitt,Moneyball,False
2011,2012,84,ACTOR IN A SUPPORTING ROLE,Kenneth Branagh,My Week with Marilyn,False
2011,2012,84,ACTOR IN A SUPPORTING ROLE,Jonah Hill,Moneyball,False
2011,2012,84,ACTOR IN A SUPPORTING ROLE,Nick Nolte,Warrior,False
2011,2012,84,ACTOR IN A SUPPORTING ROLE,Christopher Plummer,Beginners,True
2011,2012,84,ACTOR IN A SUPPORTING ROLE,Max von Sydow,Extremely Loud & Incredibly Close,False
2011,2012,84,ACTRESS IN A LEADING ROLE,Glenn Close,Albert Nobbs,False
2011,2012,84,ACTRESS IN A LEADING ROLE,Viola Davis,The Help,False
2011,2012,84,ACTRESS IN A LEADING ROLE,Rooney Mara,The Girl with the Dragon Tattoo,False
2011,2012,84,ACTRESS IN A LEADING ROLE,Meryl Streep,The Iron Lady,True
2011,2012,84,ACTRESS IN A LEADING ROLE,Michelle Williams,My Week with Marilyn,False
2011,2012,84,ACTRESS IN A SUPPORTING ROLE,Bérénice Bejo,The Artist,False
2011,2012,84,ACTRESS IN A SUPPORTING ROLE,Jessica Chastain,The Help,False
2011,2012,84,ACTRESS IN A SUPPORTING ROLE,Melissa McCarthy,Bridesmaids,False
2011,2012,84,ACTRESS IN A SUPPORTING ROLE,Janet McTeer,Albert Nobbs,False
2011,2012,84,ACTRESS IN A SUPPORTING ROLE,Octavia Spencer,The Help,True
2011,2012,84,ANIMATED FEATURE FILM,Alain Gagnol and Jean-Loup Felicioli,A Cat in Paris,False
2011,2012,84,ANIMATED FEATURE FILM,Fernando Trueba and Javier Mariscal,Chico & Rita,False
2011,2012,84,ANIMATED FEATURE FILM,Jennifer Yuh Nelson,Kung Fu Panda 2,False
2011,2012,84,ANIMATED FEATURE FILM,Chris Miller,Puss in Boots,False
2011,2012,84,ANIMATED FEATURE FILM,Gore Verbinski,Rango,True
2011,2012,84,ART DIRECTION,Production Design: Laurence Bennett; Set Decoration: Robert Gould,The Artist,False
2011,2012,84,ART DIRECTION,Production Design: Stuart Craig; Set Decoration: Stephenie McMillan,Harry Potter and the Deathly Hallows Part 2,False
2011,2012,84,ART DIRECTION,Production Design: Dante Ferretti; Set Decoration: Francesca Lo Schiavo,Hugo,True
2011,2012,84,ART DIRECTION,Production Design: Anne Seibel; Set Decoration: Hélène Dubreuil,Midnight in Paris,False
2011,2012,84,ART DIRECTION,Production Design: Rick Carter; Set Decoration: Lee Sandales,War Horse,False
2011,2012,84,CINEMATOGRAPHY,Guillaume Schiffman,The Artist,False
2011,2012,84,CINEMATOGRAPHY,Jeff Cronenweth,The Girl with the Dragon Tattoo,False
2011,2012,84,CINEMATOGRAPHY,Robert Richardson,Hugo,True
2011,2012,84,CINEMATOGRAPHY,Emmanuel Lubezki,The Tree of Life,False
2011,2012,84,CINEMATOGRAPHY,Janusz Kaminski,War Horse,False
2011,2012,84,COSTUME DESIGN,Lisy Christl,Anonymous,False
2011,2012,84,COSTUME DESIGN,Mark Bridges,The Artist,True
2011,2012,84,COSTUME DESIGN,Sandy Powell,Hugo,False
2011,2012,84,COSTUME DESIGN,Michael O'Connor,Jane Eyre,False
2011,2012,84,COSTUME DESIGN,Arianne Phillips,W.E.,False
2011,2012,84,DIRECTING,Michel Hazanavicius,The Artist,True
2011,2012,84,DIRECTING,Alexander Payne,The Descendants,False
2011,2012,84,DIRECTING,Martin Scorsese,Hugo,False
2011,2012,84,DIRECTING,Woody Allen,Midnight in Paris,False
2011,2012,84,DIRECTING,Terrence Malick,The Tree of Life,False
2011,2012,84,DOCUMENTARY (Feature),Danfung Dennis and Mike Lerner,Hell and Back Again,False
2011,2012,84,DOCUMENTARY (Feature),Marshall Curry and Sam Cullman,If a Tree Falls: A Story of the Earth Liberation Front,False
2011,2012,84,DOCUMENTARY (Feature),Joe Berlinger and Bruce Sinofsky,Paradise Lost 3: Purgatory,False
2011,2012,84,DOCUMENTARY (Feature),Wim Wenders and Gian-Piero Ringel,Pina,False
2011,2012,84,DOCUMENTARY (Feature),"TJ Martin, Dan Lindsay and Rich Middlemas",Undefeated,True
2011,2012,84,DOCUMENTARY (Short Subject),Robin Fryday and Gail Dolgin,The Barber of Birmingham: Foot Soldier of the Civil Rights Movement,False
2011,2012,84,DOCUMENTARY (Short Subject),Rebecca Cammisa and Julie Anderson,God Is the Bigger Elvis,False
2011,2012,84,DOCUMENTARY (Short Subject),James Spione,Incident in New Baghdad,False
2011,2012,84,DOCUMENTARY (Short Subject),Daniel Junge and Sharmeen Obaid-Chinoy,Saving Face,True
2011,2012,84,DOCUMENTARY (Short Subject),Lucy Walker and Kira Carstensen,The Tsunami and the Cherry Blossom,False
2011,2012,84,FILM EDITING,Anne-Sophie Bion and Michel Hazanavicius,The Artist,False
2011,2012,84,FILM EDITING,Kevin Tent,The Descendants,False
2011,2012,84,FILM EDITING,Kirk Baxter and Angus Wall,The Girl with the Dragon Tattoo,True
2011,2012,84,FILM EDITING,Thelma Schoonmaker,Hugo,False
2011,2012,84,FILM EDITING,Christopher Tellefsen,Moneyball,False
2011,2012,84,FOREIGN LANGUAGE FILM,Belgium,Bullhead,False
2011,2012,84,FOREIGN LANGUAGE FILM,Israel,Footnote,False
2011,2012,84,FOREIGN LANGUAGE FILM,Poland,In Darkness,False
2011,2012,84,FOREIGN LANGUAGE FILM,Canada,Monsieur Lazhar,False
2011,2012,84,FOREIGN LANGUAGE FILM,Iran,A Separation,True
2011,2012,84,MAKEUP,"Martial Corneville, Lynn Johnston and Matthew W. Mungle",Albert Nobbs,False
2011,2012,84,MAKEUP,"Nick Dudman, Amanda Knight and Lisa Tomblin",Harry Potter and the Deathly Hallows Part 2,False
2011,2012,84,MAKEUP,Mark Coulier and J. Roy Helland,The Iron Lady,True
2011,2012,84,MUSIC (Original Score),John Williams,The Adventures of Tintin,False
2011,2012,84,MUSIC (Original Score),Ludovic Bource,The Artist,True
2011,2012,84,MUSIC (Original Score),Howard Shore,Hugo,False
2011,2012,84,MUSIC (Original Score),Alberto Iglesias,Tinker Tailor Soldier Spy,False
2011,2012,84,MUSIC (Original Score),John Williams,War Horse,False
2011,2012,84,MUSIC (Original Song),Music and Lyric by Bret McKenzie,The Muppets,True
2011,2012,84,MUSIC (Original Song),Music by Sergio Mendes and Carlinhos Brown; Lyric by Siedah Garrett,Rio,False
2011,2012,84,BEST PICTURE,"Thomas Langmann, Producer",The Artist,True
2011,2012,84,BEST PICTURE,"Jim Burke, Alexander Payne and Jim Taylor, Producers",The Descendants,False
2011,2012,84,BEST PICTURE,"Scott Rudin, Producer",Extremely Loud & Incredibly Close,False
2011,2012,84,BEST PICTURE,"Brunson Green, Chris Columbus and Michael Barnathan, Producers",The Help,False
2011,2012,84,BEST PICTURE,"Graham King and Martin Scorsese, Producers",Hugo,False
2011,2012,84,BEST PICTURE,"Letty Aronson and Stephen Tenenbaum, Producers",Midnight in Paris,False
2011,2012,84,BEST PICTURE,"Michael De Luca, Rachael Horovitz and Brad Pitt, Producers",Moneyball,False
2011,2012,84,BEST PICTURE,"Sarah Green, Bill Pohlad, Dede Gardner and Grant Hill, Producers",The Tree of Life,False
2011,2012,84,BEST PICTURE,"Steven Spielberg and Kathleen Kennedy, Producers",War Horse,False
2011,2012,84,SHORT FILM (Animated),Patrick Doyon,Dimanche/Sunday,False
2011,2012,84,SHORT FILM (Animated),William Joyce and Brandon Oldenburg,The Fantastic Flying Books of Mr. Morris Lessmore,True
2011,2012,84,SHORT FILM (Animated),Enrico Casarosa,La Luna,False
2011,2012,84,SHORT FILM (Animated),Grant Orchard and Sue Goffe,A Morning Stroll,False
2011,2012,84,SHORT FILM (Animated),Amanda Forbis and Wendy Tilby,Wild Life,False
2011,2012,84,SHORT FILM (Live Action),Peter McDonald and Eimear O'Kane,Pentecost,False
2011,2012,84,SHORT FILM (Live Action),Max Zähle and Stefan Gieren,Raju,False
2011,2012,84,SHORT FILM (Live Action),Terry George and Oorlagh George,The Shore,True
2011,2012,84,SHORT FILM (Live Action),Andrew Bowler and Gigi Causey,Time Freak,False
2011,2012,84,SHORT FILM (Live Action),Hallvar Witzø,Tuba Atlantic,False
2011,2012,84,SOUND EDITING,Lon Bender and Victor Ray Ennis,Drive,False
2011,2012,84,SOUND EDITING,Ren Klyce,The Girl with the Dragon Tattoo,False
2011,2012,84,SOUND EDITING,Philip Stockton and Eugene Gearty,Hugo,True
2011,2012,84,SOUND EDITING,Ethan Van der Ryn and Erik Aadahl,Transformers: Dark of the Moon,False
2011,2012,84,SOUND EDITING,Richard Hymns and Gary Rydstrom,War Horse,False
2011,2012,84,SOUND MIXING,"David Parker, Michael Semanick, Ren Klyce and Bo Persson",The Girl with the Dragon Tattoo,False
2011,2012,84,SOUND MIXING,Tom Fleischman and John Midgley,Hugo,True
2011,2012,84,SOUND MIXING,"Deb Adair, Ron Bochar, David Giammarco and Ed Novick",Moneyball,False
2011,2012,84,SOUND MIXING,"Greg P. Russell, Gary Summers, Jeffrey J. Haboush and Peter J. Devlin",Transformers: Dark of the Moon,False
2011,2012,84,SOUND MIXING,"Gary Rydstrom, Andy Nelson, Tom Johnson and Stuart Wilson",War Horse,False
2011,2012,84,VISUAL EFFECTS,"Tim Burke, David Vickery, Greg Butler and John Richardson",Harry Potter and the Deathly Hallows Part 2,False
2011,2012,84,VISUAL EFFECTS,"Rob Legato, Joss Williams, Ben Grossmann and Alex Henning",Hugo,True
2011,2012,84,VISUAL EFFECTS,"Erik Nash, John Rosengrant, Dan Taylor and Swen Gillberg",Real Steel,False
2011,2012,84,VISUAL EFFECTS,"Joe Letteri, Dan Lemmon, R. Christopher White and Daniel Barrett",Rise of the Planet of the Apes,False
2011,2012,84,VISUAL EFFECTS,"Scott Farrar, Scott Benza, Matthew Butler and John Frazier",Transformers: Dark of the Moon,False
2011,2012,84,WRITING (Adapted Screenplay),Screenplay by Alexander Payne and Nat Faxon & Jim Rash,The Descendants,True
2011,2012,84,WRITING (Adapted Screenplay),Screenplay by John Logan,Hugo,False
2011,2012,84,WRITING (Adapted Screenplay),Screenplay by George Clooney & Grant Heslov and Beau Willimon,The Ides of March,False
2011,2012,84,WRITING (Adapted Screenplay),Screenplay by Steven Zaillian and Aaron Sorkin; Story by Stan Chervin,Moneyball,False
2011,2012,84,WRITING (Adapted Screenplay),Screenplay by Bridget O'Connor & Peter Straughan,Tinker Tailor Soldier Spy,False
2011,2012,84,WRITING (Original Screenplay),Written by Michel Hazanavicius,The Artist,False
2011,2012,84,WRITING (Original Screenplay),Written by Annie Mumolo & Kristen Wiig,Bridesmaids,False
2011,2012,84,WRITING (Original Screenplay),Written by J.C. Chandor,Margin Call,False
2011,2012,84,WRITING (Original Screenplay),Written by Woody Allen,Midnight in Paris,True
2011,2012,84,WRITING (Original Screenplay),Written by Asghar Farhadi,A Separation,False
2011,2012,84,JEAN HERSHOLT HUMANITARIAN AWARD,Oprah Winfrey,,True
2011,2012,84,HONORARY AWARD, James Earl Jones for his legacy of consistent excellence and uncommon versatility.,,True
2011,2012,84,HONORARY AWARD, Dick Smith for his unparalleled mastery of texture,,True
2012,2013,85,ACTOR IN A LEADING ROLE,Bradley Cooper,Silver Linings Playbook,False
2012,2013,85,ACTOR IN A LEADING ROLE,Daniel Day-Lewis,Lincoln,True
2012,2013,85,ACTOR IN A LEADING ROLE,Hugh Jackman,Les Misérables,False
2012,2013,85,ACTOR IN A LEADING ROLE,Joaquin Phoenix,The Master,False
2012,2013,85,ACTOR IN A LEADING ROLE,Denzel Washington,Flight,False
2012,2013,85,ACTOR IN A SUPPORTING ROLE,Alan Arkin,Argo,False
2012,2013,85,ACTOR IN A SUPPORTING ROLE,Robert De Niro,Silver Linings Playbook,False
2012,2013,85,ACTOR IN A SUPPORTING ROLE,Philip Seymour Hoffman,The Master,False
2012,2013,85,ACTOR IN A SUPPORTING ROLE,Tommy Lee Jones,Lincoln,False
2012,2013,85,ACTOR IN A SUPPORTING ROLE,Christoph Waltz,Django Unchained,True
2012,2013,85,ACTRESS IN A LEADING ROLE,Jessica Chastain,Zero Dark Thirty,False
2012,2013,85,ACTRESS IN A LEADING ROLE,Jennifer Lawrence,Silver Linings Playbook,True
2012,2013,85,ACTRESS IN A LEADING ROLE,Emmanuelle Riva,Amour,False
2012,2013,85,ACTRESS IN A LEADING ROLE,Quvenzhané Wallis,Beasts of the Southern Wild,False
2012,2013,85,ACTRESS IN A LEADING ROLE,Naomi Watts,The Impossible,False
2012,2013,85,ACTRESS IN A SUPPORTING ROLE,Amy Adams,The Master,False
2012,2013,85,ACTRESS IN A SUPPORTING ROLE,Sally Field,Lincoln,False
2012,2013,85,ACTRESS IN A SUPPORTING ROLE,Anne Hathaway,Les Misérables,True
2012,2013,85,ACTRESS IN A SUPPORTING ROLE,Helen Hunt,The Sessions,False
2012,2013,85,ACTRESS IN A SUPPORTING ROLE,Jacki Weaver,Silver Linings Playbook,False
2012,2013,85,ANIMATED FEATURE FILM,Mark Andrews and Brenda Chapman,Brave,True
2012,2013,85,ANIMATED FEATURE FILM,Tim Burton,Frankenweenie,False
2012,2013,85,ANIMATED FEATURE FILM,Sam Fell and Chris Butler,ParaNorman,False
2012,2013,85,ANIMATED FEATURE FILM,Peter Lord,The Pirates! Band of Misfits,False
2012,2013,85,ANIMATED FEATURE FILM,Rich Moore,Wreck-It Ralph,False
2012,2013,85,CINEMATOGRAPHY,Seamus McGarvey,Anna Karenina,False
2012,2013,85,CINEMATOGRAPHY,Robert Richardson,Django Unchained,False
2012,2013,85,CINEMATOGRAPHY,Claudio Miranda,Life of Pi,True
2012,2013,85,CINEMATOGRAPHY,Janusz Kaminski,Lincoln,False
2012,2013,85,CINEMATOGRAPHY,Roger Deakins,Skyfall,False
2012,2013,85,COSTUME DESIGN,Jacqueline Durran,Anna Karenina,True
2012,2013,85,COSTUME DESIGN,Paco Delgado,Les Misérables,False
2012,2013,85,COSTUME DESIGN,Joanna Johnston,Lincoln,False
2012,2013,85,COSTUME DESIGN,Eiko Ishioka,Mirror Mirror,False
2012,2013,85,COSTUME DESIGN,Colleen Atwood,Snow White and the Huntsman,False
2012,2013,85,DIRECTING,Michael Haneke,Amour,False
2012,2013,85,DIRECTING,Benh Zeitlin,Beasts of the Southern Wild,False
2012,2013,85,DIRECTING,Ang Lee,Life of Pi,True
2012,2013,85,DIRECTING,Steven Spielberg,Lincoln,False
2012,2013,85,DIRECTING,David O. Russell,Silver Linings Playbook,False
2012,2013,85,DOCUMENTARY (Feature),Emad Burnat and Guy Davidi,5 Broken Cameras,False
2012,2013,85,DOCUMENTARY (Feature),"Dror Moreh, Philippa Kowarsky and Estelle Fialon",The Gatekeepers,False
2012,2013,85,DOCUMENTARY (Feature),David France and Howard Gertler,How to Survive a Plague,False
2012,2013,85,DOCUMENTARY (Feature),Kirby Dick and Amy Ziering,The Invisible War,False
2012,2013,85,DOCUMENTARY (Feature),Malik Bendjelloul and Simon Chinn,Searching for Sugar Man,True
2012,2013,85,DOCUMENTARY (Short Subject),Sean Fine and Andrea Nix Fine,Inocente,True
2012,2013,85,DOCUMENTARY (Short Subject),Sari Gilman and Jedd Wider,Kings Point,False
2012,2013,85,DOCUMENTARY (Short Subject),Cynthia Wade and Robin Honan,Mondays at Racine,False
2012,2013,85,DOCUMENTARY (Short Subject),Kief Davidson and Cori Shepherd Stern,Open Heart,False
2012,2013,85,DOCUMENTARY (Short Subject),Jon Alpert and Matthew O'Neill,Redemption,False
2012,2013,85,FILM EDITING,William Goldenberg,Argo,True
2012,2013,85,FILM EDITING,Tim Squyres,Life of Pi,False
2012,2013,85,FILM EDITING,Michael Kahn,Lincoln,False
2012,2013,85,FILM EDITING,Jay Cassidy and Crispin Struthers,Silver Linings Playbook,False
2012,2013,85,FILM EDITING,Dylan Tichenor and William Goldenberg,Zero Dark Thirty,False
2012,2013,85,FOREIGN LANGUAGE FILM,Austria,Amour,True
2012,2013,85,FOREIGN LANGUAGE FILM,Norway,Kon-Tiki,False
2012,2013,85,FOREIGN LANGUAGE FILM,Chile,No,False
2012,2013,85,FOREIGN LANGUAGE FILM,Denmark,A Royal Affair,False
2012,2013,85,FOREIGN LANGUAGE FILM,Canada,War Witch,False
2012,2013,85,MAKEUP AND HAIRSTYLING,"Howard Berger, Peter Montagna and Martin Samuel",Hitchcock,False
2012,2013,85,MAKEUP AND HAIRSTYLING,"Peter Swords King, Rick Findlater and Tami Lane",The Hobbit: An Unexpected Journey,False
2012,2013,85,MAKEUP AND HAIRSTYLING,Lisa Westcott and Julie Dartnell,Les Misérables,True
2012,2013,85,MUSIC (Original Score),Dario Marianelli,Anna Karenina,False
2012,2013,85,MUSIC (Original Score),Alexandre Desplat,Argo,False
2012,2013,85,MUSIC (Original Score),Mychael Danna,Life of Pi,True
2012,2013,85,MUSIC (Original Score),John Williams,Lincoln,False
2012,2013,85,MUSIC (Original Score),Thomas Newman,Skyfall,False
2012,2013,85,MUSIC (Original Song),Music and Lyric by J. Ralph,Chasing Ice,False
2012,2013,85,MUSIC (Original Song),Music by Walter Murphy; Lyric by Seth MacFarlane,Ted,False
2012,2013,85,MUSIC (Original Song),Music by Mychael Danna; Lyric by Bombay Jayashri,Life of Pi,False
2012,2013,85,MUSIC (Original Song),Music and Lyric by Adele Adkins and Paul Epworth,Skyfall,True
2012,2013,85,MUSIC (Original Song),Music by Claude-Michel Schönberg; Lyric by Herbert Kretzmer and Alain Boublil,Les Misérables,False
2012,2013,85,BEST PICTURE,"Margaret Menegoz, Stefan Arndt, Veit Heiduschka and Michael Katz, Producers",Amour,False
2012,2013,85,BEST PICTURE,"Grant Heslov, Ben Affleck and George Clooney, Producers",Argo,True
2012,2013,85,BEST PICTURE,"Dan Janvey, Josh Penn and Michael Gottwald, Producers",Beasts of the Southern Wild,False
2012,2013,85,BEST PICTURE,"Stacey Sher, Reginald Hudlin and Pilar Savone, Producers",Django Unchained,False
2012,2013,85,BEST PICTURE,"Tim Bevan, Eric Fellner, Debra Hayward and Cameron Mackintosh, Producers",Les Misérables,False
2012,2013,85,BEST PICTURE,"Gil Netter, Ang Lee and David Womark, Producers",Life of Pi,False
2012,2013,85,BEST PICTURE,"Steven Spielberg and Kathleen Kennedy, Producers",Lincoln,False
2012,2013,85,BEST PICTURE,"Donna Gigliotti, Bruce Cohen and Jonathan Gordon, Producers",Silver Linings Playbook,False
2012,2013,85,BEST PICTURE,"Mark Boal, Kathryn Bigelow and Megan Ellison, Producers",Zero Dark Thirty,False
2012,2013,85,PRODUCTION DESIGN,Production Design: Sarah Greenwood; Set Decoration: Katie Spencer,Anna Karenina,False
2012,2013,85,PRODUCTION DESIGN,Production Design: Dan Hennah; Set Decoration: Ra Vincent and Simon Bright,The Hobbit: An Unexpected Journey,False
2012,2013,85,PRODUCTION DESIGN,Production Design: Eve Stewart; Set Decoration: Anna Lynch-Robinson,Les Misérables,False
2012,2013,85,PRODUCTION DESIGN,Production Design: David Gropman; Set Decoration: Anna Pinnock,Life of Pi,False
2012,2013,85,PRODUCTION DESIGN,Production Design: Rick Carter; Set Decoration: Jim Erickson,Lincoln,True
2012,2013,85,SHORT FILM (Animated),Minkyu Lee,Adam and Dog,False
2012,2013,85,SHORT FILM (Animated),PES,Fresh Guacamole,False
2012,2013,85,SHORT FILM (Animated),Timothy Reckart and Fodhla Cronin O'Reilly,Head over Heels,False
2012,2013,85,SHORT FILM (Animated),David Silverman,"Maggie Simpson in ""The Longest Daycare""",False
2012,2013,85,SHORT FILM (Animated),John Kahrs,Paperman,True
2012,2013,85,SHORT FILM (Live Action),Bryan Buckley and Mino Jarjoura,Asad,False
2012,2013,85,SHORT FILM (Live Action),Sam French and Ariel Nasr,Buzkashi Boys,False
2012,2013,85,SHORT FILM (Live Action),Shawn Christensen,Curfew,True
2012,2013,85,SHORT FILM (Live Action),Tom Van Avermaet and Ellen De Waele,Death of a Shadow (Dood van een Schaduw),False
2012,2013,85,SHORT FILM (Live Action),Yan England,Henry,False
2012,2013,85,SOUND EDITING,Erik Aadahl and Ethan Van der Ryn,Argo,False
2012,2013,85,SOUND EDITING,Wylie Stateman,Django Unchained,False
2012,2013,85,SOUND EDITING,Eugene Gearty and Philip Stockton,Life of Pi,False
2012,2013,85,SOUND EDITING,Per Hallberg and Karen Baker Landers,Skyfall,True
2012,2013,85,SOUND EDITING,Paul N.J. Ottosson,Zero Dark Thirty,True
2012,2013,85,SOUND MIXING,"John Reitz, Gregg Rudloff and Jose Antonio Garcia",Argo,False
2012,2013,85,SOUND MIXING,"Andy Nelson, Mark Paterson and Simon Hayes",Les Misérables,True
2012,2013,85,SOUND MIXING,"Ron Bartlett, D.M. Hemphill and Drew Kunin",Life of Pi,False
2012,2013,85,SOUND MIXING,"Andy Nelson, Gary Rydstrom and Ronald Judkins",Lincoln,False
2012,2013,85,SOUND MIXING,"Scott Millan, Greg P. Russell and Stuart Wilson",Skyfall,False
2012,2013,85,VISUAL EFFECTS,"Joe Letteri, Eric Saindon, David Clayton and R. Christopher White",The Hobbit: An Unexpected Journey,False
2012,2013,85,VISUAL EFFECTS,"Bill Westenhofer, Guillaume Rocheron, Erik-Jan De Boer and Donald R. Elliott",Life of Pi,True
2012,2013,85,VISUAL EFFECTS,"Janek Sirrs, Jeff White, Guy Williams and Dan Sudick",Marvel's The Avengers,False
2012,2013,85,VISUAL EFFECTS,"Richard Stammers, Trevor Wood, Charley Henley and Martin Hill",Prometheus,False
2012,2013,85,VISUAL EFFECTS,"Cedric Nicolas-Troyan, Philip Brennan, Neil Corbould and Michael Dawson",Snow White and the Huntsman,False
2012,2013,85,WRITING (Adapted Screenplay),Screenplay by Chris Terrio,Argo,True
2012,2013,85,WRITING (Adapted Screenplay),Screenplay by Lucy Alibar & Benh Zeitlin,Beasts of the Southern Wild,False
2012,2013,85,WRITING (Adapted Screenplay),Screenplay by David Magee,Life of Pi,False
2012,2013,85,WRITING (Adapted Screenplay),Screenplay by Tony Kushner,Lincoln,False
2012,2013,85,WRITING (Adapted Screenplay),Screenplay by David O. Russell,Silver Linings Playbook,False
2012,2013,85,WRITING (Original Screenplay),Written by Michael Haneke,Amour,False
2012,2013,85,WRITING (Original Screenplay),Written by Quentin Tarantino,Django Unchained,True
2012,2013,85,WRITING (Original Screenplay),Written by John Gatins,Flight,False
2012,2013,85,WRITING (Original Screenplay),Written by Wes Anderson & Roman Coppola,Moonrise Kingdom,False
2012,2013,85,WRITING (Original Screenplay),Written by Mark Boal,Zero Dark Thirty,False
2012,2013,85,JEAN HERSHOLT HUMANITARIAN AWARD,Jeffrey Katzenberg,,True
2012,2013,85,HONORARY AWARD, Hal Needham,,True
2012,2013,85,HONORARY AWARD, D.A. Pennebaker,,True
2012,2013,85,HONORARY AWARD, George Stevens,,True
2013,2014,86,ACTOR IN A LEADING ROLE,Christian Bale,American Hustle,False
2013,2014,86,ACTOR IN A LEADING ROLE,Bruce Dern,Nebraska,False
2013,2014,86,ACTOR IN A LEADING ROLE,Leonardo DiCaprio,The Wolf of Wall Street,False
2013,2014,86,ACTOR IN A LEADING ROLE,Chiwetel Ejiofor,12 Years a Slave,False
2013,2014,86,ACTOR IN A LEADING ROLE,Matthew McConaughey,Dallas Buyers Club,True
2013,2014,86,ACTOR IN A SUPPORTING ROLE,Barkhad Abdi,Captain Phillips,False
2013,2014,86,ACTOR IN A SUPPORTING ROLE,Bradley Cooper,American Hustle,False
2013,2014,86,ACTOR IN A SUPPORTING ROLE,Michael Fassbender,12 Years a Slave,False
2013,2014,86,ACTOR IN A SUPPORTING ROLE,Jonah Hill,The Wolf of Wall Street,False
2013,2014,86,ACTOR IN A SUPPORTING ROLE,Jared Leto,Dallas Buyers Club,True
2013,2014,86,ACTRESS IN A LEADING ROLE,Amy Adams,American Hustle,False
2013,2014,86,ACTRESS IN A LEADING ROLE,Cate Blanchett,Blue Jasmine,True
2013,2014,86,ACTRESS IN A LEADING ROLE,Sandra Bullock,Gravity,False
2013,2014,86,ACTRESS IN A LEADING ROLE,Judi Dench,Philomena,False
2013,2014,86,ACTRESS IN A LEADING ROLE,Meryl Streep,August: Osage County,False
2013,2014,86,ACTRESS IN A SUPPORTING ROLE,Sally Hawkins,Blue Jasmine,False
2013,2014,86,ACTRESS IN A SUPPORTING ROLE,Jennifer Lawrence,American Hustle,False
2013,2014,86,ACTRESS IN A SUPPORTING ROLE,Lupita Nyong'o,12 Years a Slave,True
2013,2014,86,ACTRESS IN A SUPPORTING ROLE,Julia Roberts,August: Osage County,False
2013,2014,86,ACTRESS IN A SUPPORTING ROLE,June Squibb,Nebraska,False
2013,2014,86,ANIMATED FEATURE FILM,"Chris Sanders, Kirk DeMicco and Kristine Belson",The Croods,False
2013,2014,86,ANIMATED FEATURE FILM,"Chris Renaud, Pierre Coffin and Chris Meledandri",Despicable Me 2,False
2013,2014,86,ANIMATED FEATURE FILM,Benjamin Renner and Didier Brunner,Ernest & Celestine,False
2013,2014,86,ANIMATED FEATURE FILM,"Chris Buck, Jennifer Lee and Peter Del Vecho",Frozen,True
2013,2014,86,ANIMATED FEATURE FILM,Hayao Miyazaki and Toshio Suzuki,The Wind Rises,False
2013,2014,86,CINEMATOGRAPHY,Philippe Le Sourd,The Grandmaster,False
2013,2014,86,CINEMATOGRAPHY,Emmanuel Lubezki,Gravity,True
2013,2014,86,CINEMATOGRAPHY,Bruno Delbonnel,Inside Llewyn Davis,False
2013,2014,86,CINEMATOGRAPHY,Phedon Papamichael,Nebraska,False
2013,2014,86,CINEMATOGRAPHY,Roger A. Deakins,Prisoners,False
2013,2014,86,COSTUME DESIGN,Michael Wilkinson,American Hustle,False
2013,2014,86,COSTUME DESIGN,William Chang Suk Ping,The Grandmaster,False
2013,2014,86,COSTUME DESIGN,Catherine Martin,The Great Gatsby,True
2013,2014,86,COSTUME DESIGN,Michael O'Connor,The Invisible Woman,False
2013,2014,86,COSTUME DESIGN,Patricia Norris,12 Years a Slave,False
2013,2014,86,DIRECTING,David O. Russell,American Hustle,False
2013,2014,86,DIRECTING,Alfonso Cuarón,Gravity,True
2013,2014,86,DIRECTING,Alexander Payne,Nebraska,False
2013,2014,86,DIRECTING,Steve McQueen,12 Years a Slave,False
2013,2014,86,DIRECTING,Martin Scorsese,The Wolf of Wall Street,False
2013,2014,86,DOCUMENTARY (Feature),Joshua Oppenheimer and Signe Byrge Sørensen,The Act of Killing,False
2013,2014,86,DOCUMENTARY (Feature),Zachary Heinzerling and Lydia Dean Pilcher,Cutie and the Boxer,False
2013,2014,86,DOCUMENTARY (Feature),Richard Rowley and Jeremy Scahill,Dirty Wars,False
2013,2014,86,DOCUMENTARY (Feature),Jehane Noujaim and Karim Amer,The Square,False
2013,2014,86,DOCUMENTARY (Feature),"Morgan Neville, Gil Friesen and Caitrin Rogers",20 Feet from Stardom,True
2013,2014,86,DOCUMENTARY (Short Subject),Jeffrey Karoff,CaveDigger,False
2013,2014,86,DOCUMENTARY (Short Subject),Jason Cohen,Facing Fear,False
2013,2014,86,DOCUMENTARY (Short Subject),Sara Ishaq,Karama Has No Walls,False
2013,2014,86,DOCUMENTARY (Short Subject),Malcolm Clarke and Nicholas Reed,The Lady in Number 6: Music Saved My Life,True
2013,2014,86,DOCUMENTARY (Short Subject),Edgar Barens,Prison Terminal: The Last Days of Private Jack Hall,False
2013,2014,86,FILM EDITING,"Jay Cassidy, Crispin Struthers and Alan Baumgarten",American Hustle,False
2013,2014,86,FILM EDITING,Christopher Rouse,Captain Phillips,False
2013,2014,86,FILM EDITING,John Mac McMurphy and Martin Pensa,Dallas Buyers Club,False
2013,2014,86,FILM EDITING,Alfonso Cuarón and Mark Sanger,Gravity,True
2013,2014,86,FILM EDITING,Joe Walker,12 Years a Slave,False
2013,2014,86,FOREIGN LANGUAGE FILM,Belgium,The Broken Circle Breakdown,False
2013,2014,86,FOREIGN LANGUAGE FILM,Italy,The Great Beauty,True
2013,2014,86,FOREIGN LANGUAGE FILM,Denmark,The Hunt,False
2013,2014,86,FOREIGN LANGUAGE FILM,Cambodia,The Missing Picture,False
2013,2014,86,FOREIGN LANGUAGE FILM,Palestine,Omar,False
2013,2014,86,MAKEUP AND HAIRSTYLING,Adruitha Lee and Robin Mathews,Dallas Buyers Club,True
2013,2014,86,MAKEUP AND HAIRSTYLING,Stephen Prouty,Jackass Presents: Bad Grandpa,False
2013,2014,86,MAKEUP AND HAIRSTYLING,Joel Harlow and Gloria Pasqua-Casny,The Lone Ranger,False
2013,2014,86,MUSIC (Original Score),John Williams,The Book Thief,False
2013,2014,86,MUSIC (Original Score),Steven Price,Gravity,True
2013,2014,86,MUSIC (Original Score),William Butler and Owen Pallett,Her,False
2013,2014,86,MUSIC (Original Score),Alexandre Desplat,Philomena,False
2013,2014,86,MUSIC (Original Score),Thomas Newman,Saving Mr. Banks,False
2013,2014,86,MUSIC (Original Song),Music by Bruce Broughton; Lyric by Dennis Spiegel,Alone Yet Not Alone,False
2013,2014,86,MUSIC (Original Song),Music and Lyric by Pharrell Williams,Despicable Me 2,False
2013,2014,86,MUSIC (Original Song),Music and Lyric by Kristen Anderson-Lopez and Robert Lopez,Frozen,True
2013,2014,86,MUSIC (Original Song),Music by Karen O; Lyric by Karen O and Spike Jonze,Her,False
2013,2014,86,MUSIC (Original Song),"Music by Paul Hewson, Dave Evans, Adam Clayton and Larry Mullen; Lyric by Paul Hewson",Mandela: Long Walk to Freedom,False
2013,2014,86,BEST PICTURE,"Charles Roven, Richard Suckle, Megan Ellison and Jonathan Gordon, Producers",American Hustle,False
2013,2014,86,BEST PICTURE,"Scott Rudin, Dana Brunetti and Michael De Luca, Producers",Captain Phillips,False
2013,2014,86,BEST PICTURE,"Robbie Brenner and Rachel Winter, Producers",Dallas Buyers Club,False
2013,2014,86,BEST PICTURE,"Alfonso Cuarón and David Heyman, Producers",Gravity,False
2013,2014,86,BEST PICTURE,"Megan Ellison, Spike Jonze and Vincent Landay, Producers",Her,False
2013,2014,86,BEST PICTURE,"Albert Berger and Ron Yerxa, Producers",Nebraska,False
2013,2014,86,BEST PICTURE,"Gabrielle Tana, Steve Coogan and Tracey Seaward, Producers",Philomena,False
2013,2014,86,BEST PICTURE,"Brad Pitt, Dede Gardner, Jeremy Kleiner, Steve McQueen and Anthony Katagas, Producers",12 Years a Slave,True
2013,2014,86,BEST PICTURE,"Martin Scorsese, Leonardo DiCaprio, Joey McFarland and Emma Tillinger Koskoff, Producers",The Wolf of Wall Street,False
2013,2014,86,PRODUCTION DESIGN,Production Design: Judy Becker; Set Decoration: Heather Loeffler,American Hustle,False
2013,2014,86,PRODUCTION DESIGN,Production Design: Andy Nicholson; Set Decoration: Rosie Goodwin and Joanne Woollard,Gravity,False
2013,2014,86,PRODUCTION DESIGN,Production Design: Catherine Martin; Set Decoration: Beverley Dunn,The Great Gatsby,True
2013,2014,86,PRODUCTION DESIGN,Production Design: K.K. Barrett; Set Decoration: Gene Serdena,Her,False
2013,2014,86,PRODUCTION DESIGN,Production Design: Adam Stockhausen; Set Decoration: Alice Baker,12 Years a Slave,False
2013,2014,86,SHORT FILM (Animated),Daniel Sousa and Dan Golden,Feral,False
2013,2014,86,SHORT FILM (Animated),Lauren MacMullan and Dorothy McKim,Get a Horse!,False
2013,2014,86,SHORT FILM (Animated),Laurent Witz and Alexandre Espigares,Mr. Hublot,True
2013,2014,86,SHORT FILM (Animated),Shuhei Morita,Possessions,False
2013,2014,86,SHORT FILM (Animated),Max Lang and Jan Lachauer,Room on the Broom,False
2013,2014,86,SHORT FILM (Live Action),Esteban Crespo,Aquel No Era Yo (That Wasn't Me),False
2013,2014,86,SHORT FILM (Live Action),Xavier Legrand and Alexandre Gavras,Avant Que De Tout Perdre (Just before Losing Everything),False
2013,2014,86,SHORT FILM (Live Action),Anders Walter and Kim Magnusson,Helium,True
2013,2014,86,SHORT FILM (Live Action),Selma Vilhunen and Kirsikka Saari,Pitääkö Mun Kaikki Hoitaa? (Do I Have to Take Care of Everything?),False
2013,2014,86,SHORT FILM (Live Action),Mark Gill and Baldwin Li,The Voorman Problem,False
2013,2014,86,SOUND EDITING,Steve Boeddeker and Richard Hymns,All Is Lost,False
2013,2014,86,SOUND EDITING,Oliver Tarney,Captain Phillips,False
2013,2014,86,SOUND EDITING,Glenn Freemantle,Gravity,True
2013,2014,86,SOUND EDITING,Brent Burge and Chris Ward,The Hobbit: The Desolation of Smaug,False
2013,2014,86,SOUND EDITING,Wylie Stateman,Lone Survivor,False
2013,2014,86,SOUND MIXING,"Chris Burdon, Mark Taylor, Mike Prestwood Smith and Chris Munro",Captain Phillips,False
2013,2014,86,SOUND MIXING,"Skip Lievsay, Niv Adiri, Christopher Benstead and Chris Munro",Gravity,True
2013,2014,86,SOUND MIXING,"Christopher Boyes, Michael Hedges, Michael Semanick and Tony Johnson",The Hobbit: The Desolation of Smaug,False
2013,2014,86,SOUND MIXING,"Skip Lievsay, Greg Orloff and Peter F. Kurland",Inside Llewyn Davis,False
2013,2014,86,SOUND MIXING,"Andy Koyama, Beau Borders and David Brownlow",Lone Survivor,False
2013,2014,86,VISUAL EFFECTS,"Tim Webber, Chris Lawrence, David Shirk and Neil Corbould",Gravity,True
2013,2014,86,VISUAL EFFECTS,"Joe Letteri, Eric Saindon, David Clayton and Eric Reynolds",The Hobbit: The Desolation of Smaug,False
2013,2014,86,VISUAL EFFECTS,"Christopher Townsend, Guy Williams, Erik Nash and Dan Sudick",Iron Man 3,False
2013,2014,86,VISUAL EFFECTS,"Tim Alexander, Gary Brozenich, Edson Williams and John Frazier",The Lone Ranger,False
2013,2014,86,VISUAL EFFECTS,"Roger Guyett, Patrick Tubach, Ben Grossmann and Burt Dalton",Star Trek Into Darkness,False
2013,2014,86,WRITING (Adapted Screenplay),"Written by Richard Linklater, Julie Delpy, Ethan Hawke",Before Midnight,False
2013,2014,86,WRITING (Adapted Screenplay),Screenplay by Billy Ray,Captain Phillips,False
2013,2014,86,WRITING (Adapted Screenplay),Screenplay by Steve Coogan and Jeff Pope,Philomena,False
2013,2014,86,WRITING (Adapted Screenplay),Screenplay by John Ridley,12 Years a Slave,True
2013,2014,86,WRITING (Adapted Screenplay),Screenplay by Terence Winter,The Wolf of Wall Street,False
2013,2014,86,WRITING (Original Screenplay),Written by Eric Warren Singer and David O. Russell,American Hustle,False
2013,2014,86,WRITING (Original Screenplay),Written by Woody Allen,Blue Jasmine,False
2013,2014,86,WRITING (Original Screenplay),Written by Craig Borten & Melisa Wallack,Dallas Buyers Club,False
2013,2014,86,WRITING (Original Screenplay),Written by Spike Jonze,Her,True
2013,2014,86,WRITING (Original Screenplay),Written by Bob Nelson,Nebraska,False
2013,2014,86,JEAN HERSHOLT HUMANITARIAN AWARD,Angelina Jolie,,True
2013,2014,86,HONORARY AWARD, Angela Lansbury,,True
2013,2014,86,HONORARY AWARD, Steve Martin in recognition of his extraordinary talents and the unique inspiration he has brought to the art of motion pictures.,,True
2013,2014,86,HONORARY AWARD, Piero si,,True
2014,2015,87,ACTOR IN A LEADING ROLE,Steve Carell,Foxcatcher,False
2014,2015,87,ACTOR IN A LEADING ROLE,Bradley Cooper,American Sniper,False
2014,2015,87,ACTOR IN A LEADING ROLE,Benedict Cumberbatch,The Imitation Game,False
2014,2015,87,ACTOR IN A LEADING ROLE,Michael Keaton,Birdman or (The Unexpected Virtue of Ignorance),False
2014,2015,87,ACTOR IN A LEADING ROLE,Eddie Redmayne,The Theory of Everything,True
2014,2015,87,ACTOR IN A SUPPORTING ROLE,Robert Duvall,The Judge,False
2014,2015,87,ACTOR IN A SUPPORTING ROLE,Ethan Hawke,Boyhood,False
2014,2015,87,ACTOR IN A SUPPORTING ROLE,Edward Norton,Birdman or (The Unexpected Virtue of Ignorance),False
2014,2015,87,ACTOR IN A SUPPORTING ROLE,Mark Ruffalo,Foxcatcher,False
2014,2015,87,ACTOR IN A SUPPORTING ROLE,J.K. Simmons,Whiplash,True
2014,2015,87,ACTRESS IN A LEADING ROLE,Marion Cotillard,"Two Days, One Night",False
2014,2015,87,ACTRESS IN A LEADING ROLE,Felicity Jones,The Theory of Everything,False
2014,2015,87,ACTRESS IN A LEADING ROLE,Julianne Moore,Still Alice,True
2014,2015,87,ACTRESS IN A LEADING ROLE,Rosamund Pike,Gone Girl,False
2014,2015,87,ACTRESS IN A LEADING ROLE,Reese Witherspoon,Wild,False
2014,2015,87,ACTRESS IN A SUPPORTING ROLE,Patricia Arquette,Boyhood,True
2014,2015,87,ACTRESS IN A SUPPORTING ROLE,Laura Dern,Wild,False
2014,2015,87,ACTRESS IN A SUPPORTING ROLE,Keira Knightley,The Imitation Game,False
2014,2015,87,ACTRESS IN A SUPPORTING ROLE,Emma Stone,Birdman or (The Unexpected Virtue of Ignorance),False
2014,2015,87,ACTRESS IN A SUPPORTING ROLE,Meryl Streep,Into the Woods,False
2014,2015,87,ANIMATED FEATURE FILM,"Don Hall, Chris Williams and Roy Conli",Big Hero 6,True
2014,2015,87,ANIMATED FEATURE FILM,"Anthony Stacchi, Graham Annable and Travis Knight",The Boxtrolls,False
2014,2015,87,ANIMATED FEATURE FILM,Dean DeBlois and Bonnie Arnold,How to Train Your Dragon 2,False
2014,2015,87,ANIMATED FEATURE FILM,Tomm Moore and Paul Young,Song of the Sea,False
2014,2015,87,ANIMATED FEATURE FILM,Isao Takahata and Yoshiaki Nishimura,The Tale of the Princess Kaguya,False
2014,2015,87,CINEMATOGRAPHY,Emmanuel Lubezki,Birdman or (The Unexpected Virtue of Ignorance),True
2014,2015,87,CINEMATOGRAPHY,Robert Yeoman,The Grand Budapest Hotel,False
2014,2015,87,CINEMATOGRAPHY,Lukasz Zal and Ryszard Lenczewski,Ida,False
2014,2015,87,CINEMATOGRAPHY,Dick Pope,Mr. Turner,False
2014,2015,87,CINEMATOGRAPHY,Roger Deakins,Unbroken,False
2014,2015,87,COSTUME DESIGN,Milena Canonero,The Grand Budapest Hotel,True
2014,2015,87,COSTUME DESIGN,Mark Bridges,Inherent Vice,False
2014,2015,87,COSTUME DESIGN,Colleen Atwood,Into the Woods,False
2014,2015,87,COSTUME DESIGN,Anna B. Sheppard,Maleficent,False
2014,2015,87,COSTUME DESIGN,Jacqueline Durran,Mr. Turner,False
2014,2015,87,DIRECTING,Alejandro G. Iñárritu,Birdman or (The Unexpected Virtue of Ignorance),True
2014,2015,87,DIRECTING,Richard Linklater,Boyhood,False
2014,2015,87,DIRECTING,Bennett Miller,Foxcatcher,False
2014,2015,87,DIRECTING,Wes Anderson,The Grand Budapest Hotel,False
2014,2015,87,DIRECTING,Morten Tyldum,The Imitation Game,False
2014,2015,87,DOCUMENTARY (Feature),"Laura Poitras, Mathilde Bonnefoy and Dirk Wilutzky",CitizenFour,True
2014,2015,87,DOCUMENTARY (Feature),John Maloof and Charlie Siskel,Finding Vivian Maier,False
2014,2015,87,DOCUMENTARY (Feature),Rory Kennedy and Keven McAlester,Last Days in Vietnam,False
2014,2015,87,DOCUMENTARY (Feature),"Wim Wenders, Juliano Ribeiro Salgado and David Rosier",The Salt of the Earth,False
2014,2015,87,DOCUMENTARY (Feature),Orlando von Einsiedel and Joanna Natasegara,Virunga,False
2014,2015,87,DOCUMENTARY (Short Subject),Ellen Goosenberg Kent and Dana Perry,Crisis Hotline: Veterans Press 1,True
2014,2015,87,DOCUMENTARY (Short Subject),Aneta Kopacz,Joanna,False
2014,2015,87,DOCUMENTARY (Short Subject),Tomasz Sliwinski and Maciej Slesicki,Our Curse,False
2014,2015,87,DOCUMENTARY (Short Subject),Gabriel Serra Arguello,The Reaper (La Parka),False
2014,2015,87,DOCUMENTARY (Short Subject),J. Christian Jensen,White Earth,False
2014,2015,87,FILM EDITING,Joel Cox and Gary D. Roach,American Sniper,False
2014,2015,87,FILM EDITING,Sandra Adair,Boyhood,False
2014,2015,87,FILM EDITING,Barney Pilling,The Grand Budapest Hotel,False
2014,2015,87,FILM EDITING,William Goldenberg,The Imitation Game,False
2014,2015,87,FILM EDITING,Tom Cross,Whiplash,True
2014,2015,87,FOREIGN LANGUAGE FILM,Poland,Ida,True
2014,2015,87,FOREIGN LANGUAGE FILM,Russia,Leviathan,False
2014,2015,87,FOREIGN LANGUAGE FILM,Estonia,Tangerines,False
2014,2015,87,FOREIGN LANGUAGE FILM,Mauritania,Timbuktu,False
2014,2015,87,FOREIGN LANGUAGE FILM,Argentina,Wild Tales,False
2014,2015,87,MAKEUP AND HAIRSTYLING,Bill Corso and Dennis Liddiard,Foxcatcher,False
2014,2015,87,MAKEUP AND HAIRSTYLING,Frances Hannon and Mark Coulier,The Grand Budapest Hotel,True
2014,2015,87,MAKEUP AND HAIRSTYLING,Elizabeth Yianni-Georgiou and David White,Guardians of the Galaxy,False
2014,2015,87,MUSIC (Original Score),Alexandre Desplat,The Grand Budapest Hotel,True
2014,2015,87,MUSIC (Original Score),Alexandre Desplat,The Imitation Game,False
2014,2015,87,MUSIC (Original Score),Hans Zimmer,Interstellar,False
2014,2015,87,MUSIC (Original Score),Gary Yershon,Mr. Turner,False
2014,2015,87,MUSIC (Original Score),Jóhann Jóhannsson,The Theory of Everything,False
2014,2015,87,MUSIC (Original Song),Music and Lyric by Shawn Patterson,The Lego Movie,False
2014,2015,87,MUSIC (Original Song),Music and Lyric by John Stephens and Lonnie Lynn,Selma,True
2014,2015,87,MUSIC (Original Song),Music and Lyric by Diane Warren,Beyond the Lights,False
2014,2015,87,MUSIC (Original Song),Music and Lyric by Glen Campbell and Julian Raymond,Glen Campbell...I'll Be Me,False
2014,2015,87,MUSIC (Original Song),Music and Lyric by Gregg Alexander and Danielle Brisebois,Begin Again,False
2014,2015,87,BEST PICTURE,"Clint Eastwood, Robert Lorenz, Andrew Lazar, Bradley Cooper and Peter Morgan, Producers",American Sniper,False
2014,2015,87,BEST PICTURE,"Alejandro G. Iñárritu, John Lesher and James W. Skotchdopole, Producers",Birdman or (The Unexpected Virtue of Ignorance),True
2014,2015,87,BEST PICTURE,"Richard Linklater and Cathleen Sutherland, Producers",Boyhood,False
2014,2015,87,BEST PICTURE,"Wes Anderson, Scott Rudin, Steven Rales and Jeremy Dawson, Producers",The Grand Budapest Hotel,False
2014,2015,87,BEST PICTURE,"Nora Grossman, Ido Ostrowsky and Teddy Schwarzman, Producers",The Imitation Game,False
2014,2015,87,BEST PICTURE,"Christian Colson, Oprah Winfrey, Dede Gardner and Jeremy Kleiner, Producers",Selma,False
2014,2015,87,BEST PICTURE,"Tim Bevan, Eric Fellner, Lisa Bruce and Anthony McCarten, Producers",The Theory of Everything,False
2014,2015,87,BEST PICTURE,"Jason Blum, Helen Estabrook and David Lancaster, Producers",Whiplash,False
2014,2015,87,PRODUCTION DESIGN,Production Design: Adam Stockhausen; Set Decoration: Anna Pinnock,The Grand Budapest Hotel,True
2014,2015,87,PRODUCTION DESIGN,Production Design: Maria Djurkovic; Set Decoration: Tatiana Macdonald,The Imitation Game,False
2014,2015,87,PRODUCTION DESIGN,Production Design: Nathan Crowley; Set Decoration: Gary Fettis,Interstellar,False
2014,2015,87,PRODUCTION DESIGN,Production Design: Dennis Gassner; Set Decoration: Anna Pinnock,Into the Woods,False
2014,2015,87,PRODUCTION DESIGN,Production Design: Suzie Davies; Set Decoration: Charlotte Watts,Mr. Turner,False
2014,2015,87,SHORT FILM (Animated),Daisy Jacobs and Christopher Hees,The Bigger Picture,False
2014,2015,87,SHORT FILM (Animated),Robert Kondo and Dice Tsutsumi,The Dam Keeper,False
2014,2015,87,SHORT FILM (Animated),Patrick Osborne and Kristina Reed,Feast,True
2014,2015,87,SHORT FILM (Animated),Torill Kove,Me and My Moulton,False
2014,2015,87,SHORT FILM (Animated),Joris Oprins,A Single Life,False
2014,2015,87,SHORT FILM (Live Action),Oded Binnun and Mihal Brezis,Aya,False
2014,2015,87,SHORT FILM (Live Action),Michael Lennox and Ronan Blaney,Boogaloo and Graham,False
2014,2015,87,SHORT FILM (Live Action),Hu Wei and Julien Féret,Butter Lamp (La Lampe Au Beurre De Yak),False
2014,2015,87,SHORT FILM (Live Action),Talkhon Hamzavi and Stefan Eichenberger,Parvaneh,False
2014,2015,87,SHORT FILM (Live Action),Mat Kirkby and James Lucas,The Phone Call,True
2014,2015,87,SOUND EDITING,Alan Robert Murray and Bub Asman,American Sniper,True
2014,2015,87,SOUND EDITING,Martín Hernández and Aaron Glascock,Birdman or (The Unexpected Virtue of Ignorance),False
2014,2015,87,SOUND EDITING,Brent Burge and Jason Canovas,The Hobbit: The Battle of the Five Armies,False
2014,2015,87,SOUND EDITING,Richard King,Interstellar,False
2014,2015,87,SOUND EDITING,Becky Sullivan and Andrew DeCristofaro,Unbroken,False
2014,2015,87,SOUND MIXING,"John Reitz, Gregg Rudloff and Walt Martin",American Sniper,False
2014,2015,87,SOUND MIXING,"Jon Taylor, Frank A. Montaño and Thomas Varga",Birdman or (The Unexpected Virtue of Ignorance),False
2014,2015,87,SOUND MIXING,"Gary A. Rizzo, Gregg Landaker and Mark Weingarten",Interstellar,False
2014,2015,87,SOUND MIXING,"Jon Taylor, Frank A. Montaño and David Lee",Unbroken,False
2014,2015,87,SOUND MIXING,"Craig Mann, Ben Wilkins and Thomas Curley",Whiplash,True
2014,2015,87,VISUAL EFFECTS,"Dan DeLeeuw, Russell Earl, Bryan Grill and Dan Sudick",Captain America: The Winter Soldier,False
2014,2015,87,VISUAL EFFECTS,"Joe Letteri, Dan Lemmon, Daniel Barrett and Erik Winquist",Dawn of the Planet of the Apes,False
2014,2015,87,VISUAL EFFECTS,"Stephane Ceretti, Nicolas Aithadi, Jonathan Fawkner and Paul Corbould",Guardians of the Galaxy,False
2014,2015,87,VISUAL EFFECTS,"Paul Franklin, Andrew Lockley, Ian Hunter and Scott Fisher",Interstellar,True
2014,2015,87,VISUAL EFFECTS,"Richard Stammers, Lou Pecora, Tim Crosbie and Cameron Waldbauer",X-Men: Days of Future Past,False
2014,2015,87,WRITING (Adapted Screenplay),Written by Jason Hall,American Sniper,False
2014,2015,87,WRITING (Adapted Screenplay),Written by Graham Moore,The Imitation Game,True
2014,2015,87,WRITING (Adapted Screenplay),Written for the screen by Paul Thomas Anderson,Inherent Vice,False
2014,2015,87,WRITING (Adapted Screenplay),Screenplay by Anthony McCarten,The Theory of Everything,False
2014,2015,87,WRITING (Adapted Screenplay),Written by Damien Chazelle,Whiplash,False
2014,2015,87,WRITING (Original Screenplay),"Written by Alejandro G. Iñárritu, Nicolás Giacobone, Alexander Dinelaris, Jr. & Armando Bo",Birdman or (The Unexpected Virtue of Ignorance),True
2014,2015,87,WRITING (Original Screenplay),Written by Richard Linklater,Boyhood,False
2014,2015,87,WRITING (Original Screenplay),Written by E. Max Frye and Dan Futterman,Foxcatcher,False
2014,2015,87,WRITING (Original Screenplay),Screenplay by Wes Anderson; Story by Wes Anderson & Hugo Guinness,The Grand Budapest Hotel,False
2014,2015,87,WRITING (Original Screenplay),Written by Dan Gilroy,Nightcrawler,False
2014,2015,87,JEAN HERSHOLT HUMANITARIAN AWARD,Harry Belafonte,,True
2014,2015,87,HONORARY AWARD, Jean-Claude Carrière,,True
2014,2015,87,HONORARY AWARD, Hayao Miyazaki,,True
2014,2015,87,HONORARY AWARD, Maureen O'Hara,,True
2015,2016,88,ACTOR IN A LEADING ROLE,Bryan Cranston,Trumbo,False
2015,2016,88,ACTOR IN A LEADING ROLE,Matt Damon,The Martian,False
2015,2016,88,ACTOR IN A LEADING ROLE,Leonardo DiCaprio,The Revenant,True
2015,2016,88,ACTOR IN A LEADING ROLE,Michael Fassbender,Steve Jobs,False
2015,2016,88,ACTOR IN A LEADING ROLE,Eddie Redmayne,The Danish Girl,False
2015,2016,88,ACTOR IN A SUPPORTING ROLE,Christian Bale,The Big Short,False
2015,2016,88,ACTOR IN A SUPPORTING ROLE,Tom Hardy,The Revenant,False
2015,2016,88,ACTOR IN A SUPPORTING ROLE,Mark Ruffalo,Spotlight,False
2015,2016,88,ACTOR IN A SUPPORTING ROLE,Mark Rylance,Bridge of Spies,True
2015,2016,88,ACTOR IN A SUPPORTING ROLE,Sylvester Stallone,Creed,False
2015,2016,88,ACTRESS IN A LEADING ROLE,Cate Blanchett,Carol,False
2015,2016,88,ACTRESS IN A LEADING ROLE,Brie Larson,Room,True
2015,2016,88,ACTRESS IN A LEADING ROLE,Jennifer Lawrence,Joy,False
2015,2016,88,ACTRESS IN A LEADING ROLE,Charlotte Rampling,45 Years,False
2015,2016,88,ACTRESS IN A LEADING ROLE,Saoirse Ronan,Brooklyn,False
2015,2016,88,ACTRESS IN A SUPPORTING ROLE,Jennifer Jason Leigh,The Hateful Eight,False
2015,2016,88,ACTRESS IN A SUPPORTING ROLE,Rooney Mara,Carol,False
2015,2016,88,ACTRESS IN A SUPPORTING ROLE,Rachel McAdams,Spotlight,False
2015,2016,88,ACTRESS IN A SUPPORTING ROLE,Alicia Vikander,The Danish Girl,True
2015,2016,88,ACTRESS IN A SUPPORTING ROLE,Kate Winslet,Steve Jobs,False
2015,2016,88,ANIMATED FEATURE FILM,"Charlie Kaufman, Duke Johnson and Rosa Tran",Anomalisa,False
2015,2016,88,ANIMATED FEATURE FILM,Alê Abreu,Boy and the World,False
2015,2016,88,ANIMATED FEATURE FILM,Pete Docter and Jonas Rivera,Inside Out,True
2015,2016,88,ANIMATED FEATURE FILM,Mark Burton and Richard Starzak,Shaun the Sheep Movie,False
2015,2016,88,ANIMATED FEATURE FILM,Hiromasa Yonebayashi and Yoshiaki Nishimura,When Marnie Was There,False
2015,2016,88,CINEMATOGRAPHY,Ed Lachman,Carol,False
2015,2016,88,CINEMATOGRAPHY,Robert Richardson,The Hateful Eight,False
2015,2016,88,CINEMATOGRAPHY,John Seale,Mad Max: Fury Road,False
2015,2016,88,CINEMATOGRAPHY,Emmanuel Lubezki,The Revenant,True
2015,2016,88,CINEMATOGRAPHY,Roger Deakins,Sicario,False
2015,2016,88,COSTUME DESIGN,Sandy Powell,Carol,False
2015,2016,88,COSTUME DESIGN,Sandy Powell,Cinderella,False
2015,2016,88,COSTUME DESIGN,Paco Delgado,The Danish Girl,False
2015,2016,88,COSTUME DESIGN,Jenny Beavan,Mad Max: Fury Road,True
2015,2016,88,COSTUME DESIGN,Jacqueline West,The Revenant,False
2015,2016,88,DIRECTING,Adam McKay,The Big Short,False
2015,2016,88,DIRECTING,George Miller,Mad Max: Fury Road,False
2015,2016,88,DIRECTING,Alejandro G. Iñárritu,The Revenant,True
2015,2016,88,DIRECTING,Lenny Abrahamson,Room,False
2015,2016,88,DIRECTING,Tom McCarthy,Spotlight,False
2015,2016,88,DOCUMENTARY (Feature),Asif Kapadia and James Gay-Rees,Amy,True
2015,2016,88,DOCUMENTARY (Feature),Matthew Heineman and Tom Yellin,Cartel Land,False
2015,2016,88,DOCUMENTARY (Feature),Joshua Oppenheimer and Signe Byrge Sørensen,The Look of Silence,False
2015,2016,88,DOCUMENTARY (Feature),"Liz Garbus, Amy Hobby and Justin Wilkes","What Happened, Miss Simone?",False
2015,2016,88,DOCUMENTARY (Feature),Evgeny Afineevsky and Den Tolmor,Winter on Fire: Ukraine's Fight for Freedom,False
2015,2016,88,DOCUMENTARY (Short Subject),David Darg and Bryn Mooser,Body Team 12,False
2015,2016,88,DOCUMENTARY (Short Subject),Courtney Marsh and Jerry Franck,"Chau, beyond the Lines",False
2015,2016,88,DOCUMENTARY (Short Subject),Adam Benzine,Claude Lanzmann: Spectres of the Shoah,False
2015,2016,88,DOCUMENTARY (Short Subject),Sharmeen Obaid-Chinoy,A Girl in the River: The Price of Forgiveness,True
2015,2016,88,DOCUMENTARY (Short Subject),Dee Hibbert-Jones and Nomi Talisman,Last Day of Freedom,False
2015,2016,88,FILM EDITING,Hank Corwin,The Big Short,False
2015,2016,88,FILM EDITING,Margaret Sixel,Mad Max: Fury Road,True
2015,2016,88,FILM EDITING,Stephen Mirrione,The Revenant,False
2015,2016,88,FILM EDITING,Tom McArdle,Spotlight,False
2015,2016,88,FILM EDITING,Maryann Brandon and Mary Jo Markey,Star Wars: The Force Awakens,False
2015,2016,88,FOREIGN LANGUAGE FILM,Colombia,Embrace of the Serpent,False
2015,2016,88,FOREIGN LANGUAGE FILM,France,Mustang,False
2015,2016,88,FOREIGN LANGUAGE FILM,Hungary,Son of Saul,True
2015,2016,88,FOREIGN LANGUAGE FILM,Jordan,Theeb,False
2015,2016,88,FOREIGN LANGUAGE FILM,Denmark,A War,False
2015,2016,88,MAKEUP AND HAIRSTYLING,"Lesley Vanderwalt, Elka Wardega and Damian Martin",Mad Max: Fury Road,True
2015,2016,88,MAKEUP AND HAIRSTYLING,Love Larson and Eva von Bahr,The 100-Year-Old Man Who Climbed out the Window and Disappeared,False
2015,2016,88,MAKEUP AND HAIRSTYLING,"Siân Grigg, Duncan Jarman and Robert Pandini",The Revenant,False
2015,2016,88,MUSIC (Original Score),Thomas Newman,Bridge of Spies,False
2015,2016,88,MUSIC (Original Score),Carter Burwell,Carol,False
2015,2016,88,MUSIC (Original Score),Ennio Morricone,The Hateful Eight,True
2015,2016,88,MUSIC (Original Score),Jóhann Jóhannsson,Sicario,False
2015,2016,88,MUSIC (Original Score),John Williams,Star Wars: The Force Awakens,False
2015,2016,88,MUSIC (Original Song),"Music and Lyric by The Weeknd, Ahmad Balshe, Jason Quenneville and Stephan Moccio",Fifty Shades of Grey,False
2015,2016,88,MUSIC (Original Song),Music by J. Ralph; Lyric by Anohni,Racing Extinction,False
2015,2016,88,MUSIC (Original Song),Music and Lyric by David Lang,Youth,False
2015,2016,88,MUSIC (Original Song),Music and Lyric by Diane Warren and Lady Gaga,The Hunting Ground,False
2015,2016,88,MUSIC (Original Song),Music and Lyric by Jimmy Napes and Sam Smith,Spectre,True
2015,2016,88,BEST PICTURE,"Brad Pitt, Dede Gardner and Jeremy Kleiner, Producers",The Big Short,False
2015,2016,88,BEST PICTURE,"Steven Spielberg, Marc Platt and Kristie Macosko Krieger, Producers",Bridge of Spies,False
2015,2016,88,BEST PICTURE,"Finola Dwyer and Amanda Posey, Producers",Brooklyn,False
2015,2016,88,BEST PICTURE,"Doug Mitchell and George Miller, Producers",Mad Max: Fury Road,False
2015,2016,88,BEST PICTURE,"Simon Kinberg, Ridley Scott, Michael Schaefer and Mark Huffam, Producers",The Martian,False
2015,2016,88,BEST PICTURE,"Arnon Milchan, Steve Golin, Alejandro G. Iñárritu, Mary Parent and Keith Redmon, Producers",The Revenant,False
2015,2016,88,BEST PICTURE,"Ed Guiney, Producer",Room,False
2015,2016,88,BEST PICTURE,"Michael Sugar, Steve Golin, Nicole Rocklin and Blye Pagon Faust, Producers",Spotlight,True
2015,2016,88,PRODUCTION DESIGN,Production Design: Adam Stockhausen; Set Decoration: Rena DeAngelo and Bernhard Henrich,Bridge of Spies,False
2015,2016,88,PRODUCTION DESIGN,Production Design: Eve Stewart; Set Decoration: Michael Standish,The Danish Girl,False
2015,2016,88,PRODUCTION DESIGN,Production Design: Colin Gibson; Set Decoration: Lisa Thompson,Mad Max: Fury Road,True
2015,2016,88,PRODUCTION DESIGN,Production Design: Arthur Max; Set Decoration: Celia Bobak,The Martian,False
2015,2016,88,PRODUCTION DESIGN,Production Design: Jack Fisk; Set Decoration: Hamish Purdy,The Revenant,False
2015,2016,88,SHORT FILM (Animated),Gabriel Osorio and Pato Escala,Bear Story,True
2015,2016,88,SHORT FILM (Animated),Richard Williams and Imogen Sutton,Prologue,False
2015,2016,88,SHORT FILM (Animated),Sanjay Patel and Nicole Grindle,Sanjay's Super Team,False
2015,2016,88,SHORT FILM (Animated),Konstantin Bronzit,We Can't Live without Cosmos,False
2015,2016,88,SHORT FILM (Animated),Don Hertzfeldt,World of Tomorrow,False
2015,2016,88,SHORT FILM (Live Action),Basil Khalil and Eric Dupont,Ave Maria,False
2015,2016,88,SHORT FILM (Live Action),Henry Hughes,Day One,False
2015,2016,88,SHORT FILM (Live Action),Patrick Vollrath,Everything Will Be Okay (Alles Wird Gut),False
2015,2016,88,SHORT FILM (Live Action),Jamie Donoughue,Shok,False
2015,2016,88,SHORT FILM (Live Action),Benjamin Cleary and Serena Armitage,Stutterer,True
2015,2016,88,SOUND EDITING,Mark Mangini and David White,Mad Max: Fury Road,True
2015,2016,88,SOUND EDITING,Oliver Tarney,The Martian,False
2015,2016,88,SOUND EDITING,Martin Hernandez and Lon Bender,The Revenant,False
2015,2016,88,SOUND EDITING,Alan Robert Murray,Sicario,False
2015,2016,88,SOUND EDITING,Matthew Wood and David Acord,Star Wars: The Force Awakens,False
2015,2016,88,SOUND MIXING,"Andy Nelson, Gary Rydstrom and Drew Kunin",Bridge of Spies,False
2015,2016,88,SOUND MIXING,"Chris Jenkins, Gregg Rudloff and Ben Osmo",Mad Max: Fury Road,True
2015,2016,88,SOUND MIXING,"Paul Massey, Mark Taylor and Mac Ruth",The Martian,False
2015,2016,88,SOUND MIXING,"Jon Taylor, Frank A. Montaño, Randy Thom and Chris Duesterdiek",The Revenant,False
2015,2016,88,SOUND MIXING,"Andy Nelson, Christopher Scarabosio and Stuart Wilson",Star Wars: The Force Awakens,False
2015,2016,88,VISUAL EFFECTS,"Andrew Whitehurst, Paul Norris, Mark Ardington and Sara Bennett",Ex Machina,True
2015,2016,88,VISUAL EFFECTS,"Andrew Jackson, Tom Wood, Dan Oliver and Andy Williams",Mad Max: Fury Road,False
2015,2016,88,VISUAL EFFECTS,"Richard Stammers, Anders Langlands, Chris Lawrence and Steven Warner",The Martian,False
2015,2016,88,VISUAL EFFECTS,"Rich McBride, Matthew Shumway, Jason Smith and Cameron Waldbauer",The Revenant,False
2015,2016,88,VISUAL EFFECTS,"Roger Guyett, Patrick Tubach, Neal Scanlan and Chris Corbould",Star Wars: The Force Awakens,False
2015,2016,88,WRITING (Adapted Screenplay),Screenplay by Charles Randolph and Adam McKay,The Big Short,True
2015,2016,88,WRITING (Adapted Screenplay),Screenplay by Nick Hornby,Brooklyn,False
2015,2016,88,WRITING (Adapted Screenplay),Screenplay by Phyllis Nagy,Carol,False
2015,2016,88,WRITING (Adapted Screenplay),Screenplay by Drew Goddard,The Martian,False
2015,2016,88,WRITING (Adapted Screenplay),Screenplay by Emma Donoghue,Room,False
2015,2016,88,WRITING (Original Screenplay),Written by Matt Charman and Ethan Coen & Joel Coen,Bridge of Spies,False
2015,2016,88,WRITING (Original Screenplay),Written by Alex Garland,Ex Machina,False
2015,2016,88,WRITING (Original Screenplay),"Screenplay by Pete Docter, Meg LeFauve, Josh Cooley; Original story by Pete Docter, Ronnie del Carmen",Inside Out,False
2015,2016,88,WRITING (Original Screenplay),Written by Josh Singer & Tom McCarthy,Spotlight,True
2015,2016,88,WRITING (Original Screenplay),Screenplay by Jonathan Herman and Andrea Berloff; Story by S. Leigh Savidge & Alan Wenkus and Andrea Berloff,Straight Outta Compton,False
2015,2016,88,JEAN HERSHOLT HUMANITARIAN AWARD,Debbie Reynolds,,True
2015,2016,88,HONORARY AWARD, Spike Lee,,True
2015,2016,88,HONORARY AWARD, Gena Rowlands,,True
2016,2017,89,ACTOR IN A LEADING ROLE,Casey Affleck,Manchester by the Sea,True
2016,2017,89,ACTOR IN A LEADING ROLE,Andrew Garfield,Hacksaw Ridge,False
2016,2017,89,ACTOR IN A LEADING ROLE,Ryan Gosling,La La Land,False
2016,2017,89,ACTOR IN A LEADING ROLE,Viggo Mortensen,Captain Fantastic,False
2016,2017,89,ACTOR IN A LEADING ROLE,Denzel Washington,Fences,False
2016,2017,89,ACTOR IN A SUPPORTING ROLE,Mahershala Ali,Moonlight,True
2016,2017,89,ACTOR IN A SUPPORTING ROLE,Jeff Bridges,Hell or High Water,False
2016,2017,89,ACTOR IN A SUPPORTING ROLE,Lucas Hedges,Manchester by the Sea,False
2016,2017,89,ACTOR IN A SUPPORTING ROLE,Dev Patel,Lion,False
2016,2017,89,ACTOR IN A SUPPORTING ROLE,Michael Shannon,Nocturnal Animals,False
2016,2017,89,ACTRESS IN A LEADING ROLE,Isabelle Huppert,Elle,False
2016,2017,89,ACTRESS IN A LEADING ROLE,Ruth Negga,Loving,False
2016,2017,89,ACTRESS IN A LEADING ROLE,Natalie Portman,Jackie,False
2016,2017,89,ACTRESS IN A LEADING ROLE,Emma Stone,La La Land,True
2016,2017,89,ACTRESS IN A LEADING ROLE,Meryl Streep,Florence Foster Jenkins,False
2016,2017,89,ACTRESS IN A SUPPORTING ROLE,Viola Davis,Fences,True
2016,2017,89,ACTRESS IN A SUPPORTING ROLE,Naomie Harris,Moonlight,False
2016,2017,89,ACTRESS IN A SUPPORTING ROLE,Nicole Kidman,Lion,False
2016,2017,89,ACTRESS IN A SUPPORTING ROLE,Octavia Spencer,Hidden Figures,False
2016,2017,89,ACTRESS IN A SUPPORTING ROLE,Michelle Williams,Manchester by the Sea,False
2016,2017,89,ANIMATED FEATURE FILM,Travis Knight and Arianne Sutner,Kubo and the Two Strings,False
2016,2017,89,ANIMATED FEATURE FILM,"John Musker, Ron Clements and Osnat Shurer",Moana,False
2016,2017,89,ANIMATED FEATURE FILM,Claude Barras and Max Karli,My Life as a Zucchini,False
2016,2017,89,ANIMATED FEATURE FILM,Michael Dudok de Wit and Toshio Suzuki,The Red Turtle,False
2016,2017,89,ANIMATED FEATURE FILM,"Byron Howard, Rich Moore and Clark Spencer",Zootopia,True
2016,2017,89,CINEMATOGRAPHY,Bradford Young,Arrival,False
2016,2017,89,CINEMATOGRAPHY,Linus Sandgren,La La Land,True
2016,2017,89,CINEMATOGRAPHY,Greig Fraser,Lion,False
2016,2017,89,CINEMATOGRAPHY,James Laxton,Moonlight,False
2016,2017,89,CINEMATOGRAPHY,Rodrigo Prieto,Silence,False
2016,2017,89,COSTUME DESIGN,Joanna Johnston,Allied,False
2016,2017,89,COSTUME DESIGN,Colleen Atwood,Fantastic Beasts and Where to Find Them,True
2016,2017,89,COSTUME DESIGN,Consolata Boyle,Florence Foster Jenkins,False
2016,2017,89,COSTUME DESIGN,Madeline Fontaine,Jackie,False
2016,2017,89,COSTUME DESIGN,Mary Zophres,La La Land,False
2016,2017,89,DIRECTING,Denis Villeneuve,Arrival,False
2016,2017,89,DIRECTING,Mel Gibson,Hacksaw Ridge,False
2016,2017,89,DIRECTING,Damien Chazelle,La La Land,True
2016,2017,89,DIRECTING,Kenneth Lonergan,Manchester by the Sea,False
2016,2017,89,DIRECTING,Barry Jenkins,Moonlight,False
2016,2017,89,DOCUMENTARY (Feature),Gianfranco Rosi and Donatella Palermo,Fire at Sea,False
2016,2017,89,DOCUMENTARY (Feature),"Raoul Peck, Rémi Grellety and Hébert Peck",I Am Not Your Negro,False
2016,2017,89,DOCUMENTARY (Feature),Roger Ross Williams and Julie Goldman,"Life, Animated",False
2016,2017,89,DOCUMENTARY (Feature),Ezra Edelman and Caroline Waterlow,O.J.: Made in America,True
2016,2017,89,DOCUMENTARY (Feature),"Ava DuVernay, Spencer Averick and Howard Barish",13th,False
2016,2017,89,DOCUMENTARY (Short Subject),Dan Krauss,Extremis,False
2016,2017,89,DOCUMENTARY (Short Subject),Daphne Matziaraki,4.1 Miles,False
2016,2017,89,DOCUMENTARY (Short Subject),Kahane Cooperman and Raphaela Neihausen,Joe's Violin,False
2016,2017,89,DOCUMENTARY (Short Subject),Marcel Mettelsiefen and Stephen Ellis,Watani: My Homeland,False
2016,2017,89,DOCUMENTARY (Short Subject),Orlando von Einsiedel and Joanna Natasegara,The White Helmets,True
2016,2017,89,FILM EDITING,Joe Walker,Arrival,False
2016,2017,89,FILM EDITING,John Gilbert,Hacksaw Ridge,True
2016,2017,89,FILM EDITING,Jake Roberts,Hell or High Water,False
2016,2017,89,FILM EDITING,Tom Cross,La La Land,False
2016,2017,89,FILM EDITING,Nat Sanders and Joi McMillon,Moonlight,False
2016,2017,89,FOREIGN LANGUAGE FILM,Denmark,Land of Mine,False
2016,2017,89,FOREIGN LANGUAGE FILM,Sweden,A Man Called Ove,False
2016,2017,89,FOREIGN LANGUAGE FILM,Iran,The Salesman,True
2016,2017,89,FOREIGN LANGUAGE FILM,Australia,Tanna,False
2016,2017,89,FOREIGN LANGUAGE FILM,Germany,Toni Erdmann,False
2016,2017,89,MAKEUP AND HAIRSTYLING,Eva von Bahr and Love Larson,A Man Called Ove,False
2016,2017,89,MAKEUP AND HAIRSTYLING,Joel Harlow and Richard Alonzo,Star Trek Beyond,False
2016,2017,89,MAKEUP AND HAIRSTYLING,"Alessandro Bertolazzi, Giorgio Gregorini and Christopher Nelson",Suicide Squad,True
2016,2017,89,MUSIC (Original Score),Mica Levi,Jackie,False
2016,2017,89,MUSIC (Original Score),Justin Hurwitz,La La Land,True
2016,2017,89,MUSIC (Original Score),Dustin O'Halloran and Hauschka,Lion,False
2016,2017,89,MUSIC (Original Score),Nicholas Britell,Moonlight,False
2016,2017,89,MUSIC (Original Score),Thomas Newman,Passengers,False
2016,2017,89,MUSIC (Original Song),Music by Justin Hurwitz; Lyric by Benj Pasek and Justin Paul,La La Land,False
2016,2017,89,MUSIC (Original Song),"Music and Lyric by Justin Timberlake, Max Martin and Karl Johan Schuster",Trolls,False
2016,2017,89,MUSIC (Original Song),Music by Justin Hurwitz; Lyric by Benj Pasek and Justin Paul,La La Land,True
2016,2017,89,MUSIC (Original Song),Music and Lyric by J. Ralph and Sting,Jim: The James Foley Story,False
2016,2017,89,MUSIC (Original Song),Music and Lyric by Lin-Manuel Miranda,Moana,False
2016,2017,89,BEST PICTURE,"Shawn Levy, Dan Levine, Aaron Ryder and David Linde, Producers",Arrival,False
2016,2017,89,BEST PICTURE,"Scott Rudin, Denzel Washington and Todd Black, Producers",Fences,False
2016,2017,89,BEST PICTURE,"Bill Mechanic and David Permut, Producers",Hacksaw Ridge,False
2016,2017,89,BEST PICTURE,"Carla Hacken and Julie Yorn, Producers",Hell or High Water,False
2016,2017,89,BEST PICTURE,"Donna Gigliotti, Peter Chernin, Jenno Topping, Pharrell Williams and Theodore Melfi, Producers",Hidden Figures,False
2016,2017,89,BEST PICTURE,"Fred Berger, Jordan Horowitz and Marc Platt, Producers",La La Land,False
2016,2017,89,BEST PICTURE,"Emile Sherman, Iain Canning and Angie Fielder, Producers",Lion,False
2016,2017,89,BEST PICTURE,"Matt Damon, Kimberly Steward, Chris Moore, Lauren Beck and Kevin J. Walsh, Producers",Manchester by the Sea,False
2016,2017,89,BEST PICTURE,"Adele Romanski, Dede Gardner and Jeremy Kleiner, Producers",Moonlight,True
2016,2017,89,PRODUCTION DESIGN,Production Design: Patrice Vermette; Set Decoration: Paul Hotte,Arrival,False
2016,2017,89,PRODUCTION DESIGN,Production Design: Stuart Craig; Set Decoration: Anna Pinnock,Fantastic Beasts and Where to Find Them,False
2016,2017,89,PRODUCTION DESIGN,Production Design: Jess Gonchor; Set Decoration: Nancy Haigh,"Hail, Caesar!",False
2016,2017,89,PRODUCTION DESIGN,Production Design: David Wasco; Set Decoration: Sandy Reynolds-Wasco,La La Land,True
2016,2017,89,PRODUCTION DESIGN,Production Design: Guy Hendrix Dyas; Set Decoration: Gene Serdena,Passengers,False
2016,2017,89,SHORT FILM (Animated),Theodore Ushev,Blind Vaysha,False
2016,2017,89,SHORT FILM (Animated),Andrew Coats and Lou Hamou-Lhadj,Borrowed Time,False
2016,2017,89,SHORT FILM (Animated),Robert Valley and Cara Speller,Pear Cider and Cigarettes,False
2016,2017,89,SHORT FILM (Animated),Patrick Osborne,Pearl,False
2016,2017,89,SHORT FILM (Animated),Alan Barillaro and Marc Sondheimer,Piper,True
2016,2017,89,SHORT FILM (Live Action),Sélim Azzazi,Ennemis Intérieurs,False
2016,2017,89,SHORT FILM (Live Action),Timo von Gunten and Giacun Caduff,La Femme et le TGV,False
2016,2017,89,SHORT FILM (Live Action),Aske Bang and Kim Magnusson,Silent Nights,False
2016,2017,89,SHORT FILM (Live Action),Kristof Deák and Anna Udvardy,Sing,True
2016,2017,89,SHORT FILM (Live Action),Juanjo Giménez,Timecode,False
2016,2017,89,SOUND EDITING,Sylvain Bellemare,Arrival,True
2016,2017,89,SOUND EDITING,Wylie Stateman and Renée Tondelli,Deepwater Horizon,False
2016,2017,89,SOUND EDITING,Robert Mackenzie and Andy Wright,Hacksaw Ridge,False
2016,2017,89,SOUND EDITING,Ai-Ling Lee and Mildred Iatrou Morgan,La La Land,False
2016,2017,89,SOUND EDITING,Alan Robert Murray and Bub Asman,Sully,False
2016,2017,89,SOUND MIXING,Bernard Gariépy Strobl and Claude La Haye,Arrival,False
2016,2017,89,SOUND MIXING,"Kevin O'Connell, Andy Wright, Robert Mackenzie and Peter Grace",Hacksaw Ridge,True
2016,2017,89,SOUND MIXING,"Andy Nelson, Ai-Ling Lee and Steve A. Morrow",La La Land,False
2016,2017,89,SOUND MIXING,"David Parker, Christopher Scarabosio and Stuart Wilson",Rogue One: A Star Wars Story,False
2016,2017,89,SOUND MIXING,"Gary Summers, Jeffrey J. Haboush and Mac Ruth",13 Hours: The Secret Soldiers of Benghazi,False
2016,2017,89,VISUAL EFFECTS,"Craig Hammack, Jason Snell, Jason Billington and Burt Dalton",Deepwater Horizon,False
2016,2017,89,VISUAL EFFECTS,"Stephane Ceretti, Richard Bluff, Vincent Cirelli and Paul Corbould",Doctor Strange,False
2016,2017,89,VISUAL EFFECTS,"Robert Legato, Adam Valdez, Andrew R. Jones and Dan Lemmon",The Jungle Book,True
2016,2017,89,VISUAL EFFECTS,"Steve Emerson, Oliver Jones, Brian McLean and Brad Schiff",Kubo and the Two Strings,False
2016,2017,89,VISUAL EFFECTS,"John Knoll, Mohen Leo, Hal Hickel and Neil Corbould",Rogue One: A Star Wars Story,False
2016,2017,89,WRITING (Adapted Screenplay),Screenplay by Eric Heisserer,Arrival,False
2016,2017,89,WRITING (Adapted Screenplay),Screenplay by August Wilson,Fences,False
2016,2017,89,WRITING (Adapted Screenplay),Screenplay by Allison Schroeder and Theodore Melfi,Hidden Figures,False
2016,2017,89,WRITING (Adapted Screenplay),Screenplay by Luke Davies,Lion,False
2016,2017,89,WRITING (Adapted Screenplay),Screenplay by Barry Jenkins; Story by Tarell Alvin McCraney,Moonlight,True
2016,2017,89,WRITING (Original Screenplay),Written by Taylor Sheridan,Hell or High Water,False
2016,2017,89,WRITING (Original Screenplay),Written by Damien Chazelle,La La Land,False
2016,2017,89,WRITING (Original Screenplay),"Written by Yorgos Lanthimos, Efthimis Filippou",The Lobster,False
2016,2017,89,WRITING (Original Screenplay),Written by Kenneth Lonergan,Manchester by the Sea,True
2016,2017,89,WRITING (Original Screenplay),Written by Mike Mills,20th Century Women,False
2016,2017,89,HONORARY AWARD, Jackie Chan,,True
2016,2017,89,HONORARY AWARD, Anne V. Coates,,True
2016,2017,89,HONORARY AWARD, Lynn Stalmaster,,True
2016,2017,89,HONORARY AWARD, Frederick Wiseman,,True
2017,2018,90,ACTOR IN A LEADING ROLE,Timothée Chalamet,Call Me by Your Name,False
2017,2018,90,ACTOR IN A LEADING ROLE,Daniel Day-Lewis,Phantom Thread,False
2017,2018,90,ACTOR IN A LEADING ROLE,Daniel Kaluuya,Get Out,False
2017,2018,90,ACTOR IN A LEADING ROLE,Gary Oldman,Darkest Hour,True
2017,2018,90,ACTOR IN A LEADING ROLE,Denzel Washington,"Roman J. Israel, Esq.",False
2017,2018,90,ACTOR IN A SUPPORTING ROLE,Willem Dafoe,The Florida Project,False
2017,2018,90,ACTOR IN A SUPPORTING ROLE,Woody Harrelson,"Three Billboards outside Ebbing, Missouri",False
2017,2018,90,ACTOR IN A SUPPORTING ROLE,Richard Jenkins,The Shape of Water,False
2017,2018,90,ACTOR IN A SUPPORTING ROLE,Christopher Plummer,All the Money in the World,False
2017,2018,90,ACTOR IN A SUPPORTING ROLE,Sam Rockwell,"Three Billboards outside Ebbing, Missouri",True
2017,2018,90,ACTRESS IN A LEADING ROLE,Sally Hawkins,The Shape of Water,False
2017,2018,90,ACTRESS IN A LEADING ROLE,Frances McDormand,"Three Billboards outside Ebbing, Missouri",True
2017,2018,90,ACTRESS IN A LEADING ROLE,Margot Robbie,"I, Tonya",False
2017,2018,90,ACTRESS IN A LEADING ROLE,Saoirse Ronan,Lady Bird,False
2017,2018,90,ACTRESS IN A LEADING ROLE,Meryl Streep,The Post,False
2017,2018,90,ACTRESS IN A SUPPORTING ROLE,Mary J. Blige,Mudbound,False
2017,2018,90,ACTRESS IN A SUPPORTING ROLE,Allison Janney,"I, Tonya",True
2017,2018,90,ACTRESS IN A SUPPORTING ROLE,Lesley Manville,Phantom Thread,False
2017,2018,90,ACTRESS IN A SUPPORTING ROLE,Laurie Metcalf,Lady Bird,False
2017,2018,90,ACTRESS IN A SUPPORTING ROLE,Octavia Spencer,The Shape of Water,False
2017,2018,90,ANIMATED FEATURE FILM,Tom McGrath and Ramsey Naito,The Boss Baby,False
2017,2018,90,ANIMATED FEATURE FILM,Nora Twomey and Anthony Leo,The Breadwinner,False
2017,2018,90,ANIMATED FEATURE FILM,Lee Unkrich and Darla K. Anderson,Coco,True
2017,2018,90,ANIMATED FEATURE FILM,Carlos Saldanha and Lori Forte,Ferdinand,False
2017,2018,90,ANIMATED FEATURE FILM,"Dorota Kobiela, Hugh Welchman and Ivan Mactaggart",Loving Vincent,False
2017,2018,90,CINEMATOGRAPHY,Roger A. Deakins,Blade Runner 2049,True
2017,2018,90,CINEMATOGRAPHY,Bruno Delbonnel,Darkest Hour,False
2017,2018,90,CINEMATOGRAPHY,Hoyte van Hoytema,Dunkirk,False
2017,2018,90,CINEMATOGRAPHY,Rachel Morrison,Mudbound,False
2017,2018,90,CINEMATOGRAPHY,Dan Laustsen,The Shape of Water,False
2017,2018,90,COSTUME DESIGN,Jacqueline Durran,Beauty and the Beast,False
2017,2018,90,COSTUME DESIGN,Jacqueline Durran,Darkest Hour,False
2017,2018,90,COSTUME DESIGN,Mark Bridges,Phantom Thread,True
2017,2018,90,COSTUME DESIGN,Luis Sequeira,The Shape of Water,False
2017,2018,90,COSTUME DESIGN,Consolata Boyle,Victoria & Abdul,False
2017,2018,90,DIRECTING,Christopher Nolan,Dunkirk,False
2017,2018,90,DIRECTING,Jordan Peele,Get Out,False
2017,2018,90,DIRECTING,Greta Gerwig,Lady Bird,False
2017,2018,90,DIRECTING,Paul Thomas Anderson,Phantom Thread,False
2017,2018,90,DIRECTING,Guillermo del Toro,The Shape of Water,True
2017,2018,90,DOCUMENTARY (Feature),"Steve James, Mark Mitten and Julie Goldman",Abacus: Small Enough to Jail,False
2017,2018,90,DOCUMENTARY (Feature),"Agnès Varda, JR and Rosalie Varda",Faces Places,False
2017,2018,90,DOCUMENTARY (Feature),Bryan Fogel and Dan Cogan,Icarus,True
2017,2018,90,DOCUMENTARY (Feature),"Feras Fayyad, Kareem Abeed and Søren Steen Jespersen",Last Men in Aleppo,False
2017,2018,90,DOCUMENTARY (Feature),Yance Ford and Joslyn Barnes,Strong Island,False
2017,2018,90,DOCUMENTARY (Short Subject),Laura Checkoway and Thomas Lee Wright,Edith+Eddie,False
2017,2018,90,DOCUMENTARY (Short Subject),Frank Stiefel,Heaven Is a Traffic Jam on the 405,True
2017,2018,90,DOCUMENTARY (Short Subject),Elaine McMillion Sheldon and Kerrin Sheldon,Heroin(e),False
2017,2018,90,DOCUMENTARY (Short Subject),Thomas Lennon,Knife Skills,False
2017,2018,90,DOCUMENTARY (Short Subject),Kate Davis and David Heilbroner,Traffic Stop,False
2017,2018,90,FILM EDITING,Paul Machliss and Jonathan Amos,Baby Driver,False
2017,2018,90,FILM EDITING,Lee Smith,Dunkirk,True
2017,2018,90,FILM EDITING,Tatiana S. Riegel,"I, Tonya",False
2017,2018,90,FILM EDITING,Sidney Wolinsky,The Shape of Water,False
2017,2018,90,FILM EDITING,Jon Gregory,"Three Billboards outside Ebbing, Missouri",False
2017,2018,90,FOREIGN LANGUAGE FILM,Chile,A Fantastic Woman,True
2017,2018,90,FOREIGN LANGUAGE FILM,Lebanon,The Insult,False
2017,2018,90,FOREIGN LANGUAGE FILM,Russia,Loveless,False
2017,2018,90,FOREIGN LANGUAGE FILM,Hungary,On Body and Soul,False
2017,2018,90,FOREIGN LANGUAGE FILM,Sweden,The Square,False
2017,2018,90,MAKEUP AND HAIRSTYLING,"Kazuhiro Tsuji, David Malinowski and Lucy Sibbick",Darkest Hour,True
2017,2018,90,MAKEUP AND HAIRSTYLING,Daniel Phillips and Lou Sheppard,Victoria & Abdul,False
2017,2018,90,MAKEUP AND HAIRSTYLING,Arjen Tuiten,Wonder,False
2017,2018,90,MUSIC (Original Score),Hans Zimmer,Dunkirk,False
2017,2018,90,MUSIC (Original Score),Jonny Greenwood,Phantom Thread,False
2017,2018,90,MUSIC (Original Score),Alexandre Desplat,The Shape of Water,True
2017,2018,90,MUSIC (Original Score),John Williams,Star Wars: The Last Jedi,False
2017,2018,90,MUSIC (Original Score),Carter Burwell,"Three Billboards outside Ebbing, Missouri",False
2017,2018,90,MUSIC (Original Song),"Music and Lyric by Mary J. Blige, Raphael Saadiq and Taura Stinson",Mudbound,False
2017,2018,90,MUSIC (Original Song),Music and Lyric by Sufjan Stevens,Call Me by Your Name,False
2017,2018,90,MUSIC (Original Song),Music and Lyric by Kristen Anderson-Lopez and Robert Lopez,Coco,True
2017,2018,90,MUSIC (Original Song),Music by Diane Warren; Lyric by Lonnie R. Lynn and Diane Warren,Marshall,False
2017,2018,90,MUSIC (Original Song),Music and Lyric by Benj Pasek and Justin Paul,The Greatest Showman,False
2017,2018,90,BEST PICTURE,"Peter Spears, Luca Guadagnino, Emilie Georges and Marco Morabito, Producers",Call Me by Your Name,False
2017,2018,90,BEST PICTURE,"Tim Bevan, Eric Fellner, Lisa Bruce, Anthony McCarten and Douglas Urbanski, Producers",Darkest Hour,False
2017,2018,90,BEST PICTURE,"Emma Thomas and Christopher Nolan, Producers",Dunkirk,False
2017,2018,90,BEST PICTURE,"Sean McKittrick, Jason Blum, Edward H. Hamm Jr. and Jordan Peele, Producers",Get Out,False
2017,2018,90,BEST PICTURE,"Scott Rudin, Eli Bush and Evelyn O'Neill, Producers",Lady Bird,False
2017,2018,90,BEST PICTURE,"JoAnne Sellar, Paul Thomas Anderson, Megan Ellison and Daniel Lupi, Producers",Phantom Thread,False
2017,2018,90,BEST PICTURE,"Amy Pascal, Steven Spielberg and Kristie Macosko Krieger, Producers",The Post,False
2017,2018,90,BEST PICTURE,"Guillermo del Toro and J. Miles Dale, Producers",The Shape of Water,True
2017,2018,90,BEST PICTURE,"Graham Broadbent, Pete Czernin and Martin McDonagh, Producers","Three Billboards outside Ebbing, Missouri",False
2017,2018,90,PRODUCTION DESIGN,Production Design: Sarah Greenwood; Set Decoration: Katie Spencer,Beauty and the Beast,False
2017,2018,90,PRODUCTION DESIGN,Production Design: Dennis Gassner; Set Decoration: Alessandra Querzola,Blade Runner 2049,False
2017,2018,90,PRODUCTION DESIGN,Production Design: Sarah Greenwood; Set Decoration: Katie Spencer,Darkest Hour,False
2017,2018,90,PRODUCTION DESIGN,Production Design: Nathan Crowley; Set Decoration: Gary Fettis,Dunkirk,False
2017,2018,90,PRODUCTION DESIGN,Production Design: Paul Denham Austerberry; Set Decoration: Shane Vieau and Jeffrey A. Melvin,The Shape of Water,True
2017,2018,90,SHORT FILM (Animated),Glen Keane and Kobe Bryant,Dear Basketball,True
2017,2018,90,SHORT FILM (Animated),Victor Caire and Gabriel Grapperon,Garden Party,False
2017,2018,90,SHORT FILM (Animated),Dave Mullins and Dana Murray,Lou,False
2017,2018,90,SHORT FILM (Animated),Max Porter and Ru Kuwahata,Negative Space,False
2017,2018,90,SHORT FILM (Animated),Jakob Schuh and Jan Lachauer,Revolting Rhymes,False
2017,2018,90,SHORT FILM (Live Action),Reed Van Dyk,DeKalb Elementary,False
2017,2018,90,SHORT FILM (Live Action),Derin Seale and Josh Lawson,The Eleven O'Clock,False
2017,2018,90,SHORT FILM (Live Action),"Kevin Wilson, Jr.",My Nephew Emmett,False
2017,2018,90,SHORT FILM (Live Action),Chris Overton and Rachel Shenton,The Silent Child,True
2017,2018,90,SHORT FILM (Live Action),Katja Benrath and Tobias Rosen,Watu Wote/All of Us,False
2017,2018,90,SOUND EDITING,Julian Slater,Baby Driver,False
2017,2018,90,SOUND EDITING,Mark Mangini and Theo Green,Blade Runner 2049,False
2017,2018,90,SOUND EDITING,Richard King and Alex Gibson,Dunkirk,True
2017,2018,90,SOUND EDITING,Nathan Robitaille and Nelson Ferreira,The Shape of Water,False
2017,2018,90,SOUND EDITING,Matthew Wood and Ren Klyce,Star Wars: The Last Jedi,False
2017,2018,90,SOUND MIXING,"Julian Slater, Tim Cavagin and Mary H. Ellis",Baby Driver,False
2017,2018,90,SOUND MIXING,"Ron Bartlett, Doug Hemphill and Mac Ruth",Blade Runner 2049,False
2017,2018,90,SOUND MIXING,"Gregg Landaker, Gary A. Rizzo and Mark Weingarten",Dunkirk,True
2017,2018,90,SOUND MIXING,"Christian Cooke, Brad Zoern and Glen Gauthier",The Shape of Water,False
2017,2018,90,SOUND MIXING,"David Parker, Michael Semanick, Ren Klyce and Stuart Wilson",Star Wars: The Last Jedi,False
2017,2018,90,VISUAL EFFECTS,"John Nelson, Gerd Nefzer, Paul Lambert and Richard R. Hoover",Blade Runner 2049,True
2017,2018,90,VISUAL EFFECTS,"Christopher Townsend, Guy Williams, Jonathan Fawkner and Dan Sudick",Guardians of the Galaxy Vol. 2,False
2017,2018,90,VISUAL EFFECTS,"Stephen Rosenbaum, Jeff White, Scott Benza and Mike Meinardus",Kong: Skull Island,False
2017,2018,90,VISUAL EFFECTS,"Ben Morris, Mike Mulholland, Neal Scanlan and Chris Corbould",Star Wars: The Last Jedi,False
2017,2018,90,VISUAL EFFECTS,"Joe Letteri, Daniel Barrett, Dan Lemmon and Joel Whist",War for the Planet of the Apes,False
2017,2018,90,WRITING (Adapted Screenplay),Screenplay by James Ivory,Call Me by Your Name,True
2017,2018,90,WRITING (Adapted Screenplay),Screenplay by Scott Neustadter & Michael H. Weber,The Disaster Artist,False
2017,2018,90,WRITING (Adapted Screenplay),Screenplay by Scott Frank & James Mangold and Michael Green; Story by James Mangold,Logan,False
2017,2018,90,WRITING (Adapted Screenplay),Written for the screen by Aaron Sorkin,Molly's Game,False
2017,2018,90,WRITING (Adapted Screenplay),Screenplay by Virgil Williams and Dee Rees,Mudbound,False
2017,2018,90,WRITING (Original Screenplay),Written by Emily V. Gordon & Kumail Nanjiani,The Big Sick,False
2017,2018,90,WRITING (Original Screenplay),Written by Jordan Peele,Get Out,True
2017,2018,90,WRITING (Original Screenplay),Written by Greta Gerwig,Lady Bird,False
2017,2018,90,WRITING (Original Screenplay),Screenplay by Guillermo del Toro & Vanessa Taylor; Story by Guillermo del Toro,The Shape of Water,False
2017,2018,90,WRITING (Original Screenplay),Written by Martin McDonagh,"Three Billboards outside Ebbing, Missouri",False
2017,2018,90,SPECIAL AWARD, Alejandro G. Iñárritu's CARNE y ARENA virtual reality installation,,True
2017,2018,90,HONORARY AWARD, Charles Burnett,,True
2017,2018,90,HONORARY AWARD, Owen Roizman,,True
2017,2018,90,HONORARY AWARD, Donald Sutherland for a lifetime of indelible characters,,True
2017,2018,90,HONORARY AWARD, Agnès Varda,,True
2018,2019,91,ACTOR IN A LEADING ROLE,Christian Bale,Vice,False
2018,2019,91,ACTOR IN A LEADING ROLE,Bradley Cooper,A Star Is Born,False
2018,2019,91,ACTOR IN A LEADING ROLE,Willem Dafoe,At Eternity's Gate,False
2018,2019,91,ACTOR IN A LEADING ROLE,Rami Malek,Bohemian Rhapsody,True
2018,2019,91,ACTOR IN A LEADING ROLE,Viggo Mortensen,Green Book,False
2018,2019,91,ACTOR IN A SUPPORTING ROLE,Mahershala Ali,Green Book,True
2018,2019,91,ACTOR IN A SUPPORTING ROLE,Adam Driver,BlacKkKlansman,False
2018,2019,91,ACTOR IN A SUPPORTING ROLE,Sam Elliott,A Star Is Born,False
2018,2019,91,ACTOR IN A SUPPORTING ROLE,Richard E. Grant,Can You Ever Forgive Me?,False
2018,2019,91,ACTOR IN A SUPPORTING ROLE,Sam Rockwell,Vice,False
2018,2019,91,ACTRESS IN A LEADING ROLE,Yalitza Aparicio,Roma,False
2018,2019,91,ACTRESS IN A LEADING ROLE,Glenn Close,The Wife,False
2018,2019,91,ACTRESS IN A LEADING ROLE,Olivia Colman,The Favourite,True
2018,2019,91,ACTRESS IN A LEADING ROLE,Lady Gaga,A Star Is Born,False
2018,2019,91,ACTRESS IN A LEADING ROLE,Melissa McCarthy,Can You Ever Forgive Me?,False
2018,2019,91,ACTRESS IN A SUPPORTING ROLE,Amy Adams,Vice,False
2018,2019,91,ACTRESS IN A SUPPORTING ROLE,Marina de Tavira,Roma,False
2018,2019,91,ACTRESS IN A SUPPORTING ROLE,Regina King,If Beale Street Could Talk,True
2018,2019,91,ACTRESS IN A SUPPORTING ROLE,Emma Stone,The Favourite,False
2018,2019,91,ACTRESS IN A SUPPORTING ROLE,Rachel Weisz,The Favourite,False
2018,2019,91,ANIMATED FEATURE FILM,"Brad Bird, John Walker and Nicole Paradis Grindle",Incredibles 2,False
2018,2019,91,ANIMATED FEATURE FILM,"Wes Anderson, Scott Rudin, Steven Rales and Jeremy Dawson",Isle of Dogs,False
2018,2019,91,ANIMATED FEATURE FILM,Mamoru Hosoda and Yuichiro Saito,Mirai,False
2018,2019,91,ANIMATED FEATURE FILM,"Rich Moore, Phil Johnston and Clark Spencer",Ralph Breaks the Internet,False
2018,2019,91,ANIMATED FEATURE FILM,"Bob Persichetti, Peter Ramsey, Rodney Rothman, Phil Lord and Christopher Miller",Spider-Man: Into the Spider-Verse,True
2018,2019,91,CINEMATOGRAPHY,Lukasz Zal,Cold War,False
2018,2019,91,CINEMATOGRAPHY,Robbie Ryan,The Favourite,False
2018,2019,91,CINEMATOGRAPHY,Caleb Deschanel,Never Look Away,False
2018,2019,91,CINEMATOGRAPHY,Alfonso Cuarón,Roma,True
2018,2019,91,CINEMATOGRAPHY,Matthew Libatique,A Star Is Born,False
2018,2019,91,COSTUME DESIGN,Mary Zophres,The Ballad of Buster Scruggs,False
2018,2019,91,COSTUME DESIGN,Ruth Carter,Black Panther,True
2018,2019,91,COSTUME DESIGN,Sandy Powell,The Favourite,False
2018,2019,91,COSTUME DESIGN,Sandy Powell,Mary Poppins Returns,False
2018,2019,91,COSTUME DESIGN,Alexandra Byrne,Mary Queen of Scots,False
2018,2019,91,DIRECTING,Spike Lee,BlacKkKlansman,False
2018,2019,91,DIRECTING,Pawel Pawlikowski,Cold War,False
2018,2019,91,DIRECTING,Yorgos Lanthimos,The Favourite,False
2018,2019,91,DIRECTING,Alfonso Cuarón,Roma,True
2018,2019,91,DIRECTING,Adam McKay,Vice,False
2018,2019,91,DOCUMENTARY (Feature),"Elizabeth Chai Vasarhelyi, Jimmy Chin, Evan Hayes and Shannon Dill",Free Solo,True
2018,2019,91,DOCUMENTARY (Feature),"RaMell Ross, Joslyn Barnes and Su Kim","Hale County This Morning, This Evening",False
2018,2019,91,DOCUMENTARY (Feature),Bing Liu and Diane Quon,Minding the Gap,False
2018,2019,91,DOCUMENTARY (Feature),"Talal Derki, Ansgar Frerich, Eva Kemme and Tobias N. Siebert",Of Fathers and Sons,False
2018,2019,91,DOCUMENTARY (Feature),Betsy West and Julie Cohen,RBG,False
2018,2019,91,DOCUMENTARY (Short Subject),Ed Perkins and Jonathan Chinn,Black Sheep,False
2018,2019,91,DOCUMENTARY (Short Subject),Rob Epstein and Jeffrey Friedman,End Game,False
2018,2019,91,DOCUMENTARY (Short Subject),Skye Fitzgerald and Bryn Mooser,Lifeboat,False
2018,2019,91,DOCUMENTARY (Short Subject),Marshall Curry,A Night at The Garden,False
2018,2019,91,DOCUMENTARY (Short Subject),Rayka Zehtabchi and Melissa Berton,Period. End of Sentence.,True
2018,2019,91,FILM EDITING,Barry Alexander Brown,BlacKkKlansman,False
2018,2019,91,FILM EDITING,John Ottman,Bohemian Rhapsody,True
2018,2019,91,FILM EDITING,Yorgos Mavropsaridis,The Favourite,False
2018,2019,91,FILM EDITING,Patrick J. Don Vito,Green Book,False
2018,2019,91,FILM EDITING,Hank Corwin,Vice,False
2018,2019,91,FOREIGN LANGUAGE FILM,Lebanon,Capernaum,False
2018,2019,91,FOREIGN LANGUAGE FILM,Poland,Cold War,False
2018,2019,91,FOREIGN LANGUAGE FILM,Germany,Never Look Away,False
2018,2019,91,FOREIGN LANGUAGE FILM,Mexico,Roma,True
2018,2019,91,FOREIGN LANGUAGE FILM,Japan,Shoplifters,False
2018,2019,91,MAKEUP AND HAIRSTYLING,Göran Lundström and Pamela Goldammer,Border,False
2018,2019,91,MAKEUP AND HAIRSTYLING,"Jenny Shircore, Marc Pilcher and Jessica Brooks",Mary Queen of Scots,False
2018,2019,91,MAKEUP AND HAIRSTYLING,"Greg Cannom, Kate Biscoe and Patricia Dehaney",Vice,True
2018,2019,91,MUSIC (Original Score),Ludwig Goransson,Black Panther,True
2018,2019,91,MUSIC (Original Score),Terence Blanchard,BlacKkKlansman,False
2018,2019,91,MUSIC (Original Score),Nicholas Britell,If Beale Street Could Talk,False
2018,2019,91,MUSIC (Original Score),Alexandre Desplat,Isle of Dogs,False
2018,2019,91,MUSIC (Original Score),Marc Shaiman,Mary Poppins Returns,False
2018,2019,91,MUSIC (Original Song),"Music by Kendrick Lamar, Mark ""Sounwave"" Spears and Anthony ""Top Dawg"" Tiffith; Lyric by Kendrick Lamar, SZA and Anthony ""Top Dawg"" Tiffith",Black Panther,False
2018,2019,91,MUSIC (Original Song),Music and Lyric by Diane Warren,RBG,False
2018,2019,91,MUSIC (Original Song),Music by Marc Shaiman; Lyric by Scott Wittman and Marc Shaiman,Mary Poppins Returns,False
2018,2019,91,MUSIC (Original Song),"Music and Lyric by Lady Gaga, Mark Ronson, Anthony Rossomando and Andrew Wyatt",A Star Is Born,True
2018,2019,91,MUSIC (Original Song),Music and Lyric by Gillian Welch and David Rawlings,The Ballad of Buster Scruggs,False
2018,2019,91,BEST PICTURE,"Kevin Feige, Producer",Black Panther,False
2018,2019,91,BEST PICTURE,"Sean McKittrick, Jason Blum, Raymond Mansfield, Jordan Peele and Spike Lee, Producers",BlacKkKlansman,False
2018,2019,91,BEST PICTURE,"Graham King, Producer",Bohemian Rhapsody,False
2018,2019,91,BEST PICTURE,"Ceci Dempsey, Ed Guiney, Lee Magiday and Yorgos Lanthimos, Producers",The Favourite,False
2018,2019,91,BEST PICTURE,"Jim Burke, Charles B. Wessler, Brian Currie, Peter Farrelly and Nick Vallelonga, Producers",Green Book,True
2018,2019,91,BEST PICTURE,"Gabriela Rodríguez and Alfonso Cuarón, Producers",Roma,False
2018,2019,91,BEST PICTURE,"Bill Gerber, Bradley Cooper and Lynette Howell Taylor, Producers",A Star Is Born,False
2018,2019,91,BEST PICTURE,"Dede Gardner, Jeremy Kleiner, Adam McKay and Kevin Messick, Producers",Vice,False
2018,2019,91,PRODUCTION DESIGN,Production Design: Hannah Beachler; Set Decoration: Jay Hart,Black Panther,True
2018,2019,91,PRODUCTION DESIGN,Production Design: Fiona Crombie; Set Decoration: Alice Felton,The Favourite,False
2018,2019,91,PRODUCTION DESIGN,Production Design: Nathan Crowley; Set Decoration: Kathy Lucas,First Man,False
2018,2019,91,PRODUCTION DESIGN,Production Design: John Myhre; Set Decoration: Gordon Sim,Mary Poppins Returns,False
2018,2019,91,PRODUCTION DESIGN,Production Design: Eugenio Caballero; Set Decoration: Bárbara Enríquez,Roma,False
2018,2019,91,SHORT FILM (Animated),Alison Snowden and David Fine,Animal Behaviour,False
2018,2019,91,SHORT FILM (Animated),Domee Shi and Becky Neiman-Cobb,Bao,True
2018,2019,91,SHORT FILM (Animated),Louise Bagnall and Nuria González Blanco,Late Afternoon,False
2018,2019,91,SHORT FILM (Animated),Andrew Chesworth and Bobby Pontillas,One Small Step,False
2018,2019,91,SHORT FILM (Animated),Trevor Jimenez,Weekends,False
2018,2019,91,SHORT FILM (Live Action),Vincent Lambe and Darren Mahon,Detainment,False
2018,2019,91,SHORT FILM (Live Action),Jeremy Comte and Maria Gracia Turgeon,Fauve,False
2018,2019,91,SHORT FILM (Live Action),Marianne Farley and Marie-Hélène Panisset,Marguerite,False
2018,2019,91,SHORT FILM (Live Action),Rodrigo Sorogoyen and María del Puy Alvarado,Mother,False
2018,2019,91,SHORT FILM (Live Action),Guy Nattiv and Jaime Ray Newman,Skin,True
2018,2019,91,SOUND EDITING,Benjamin A. Burtt and Steve Boeddeker,Black Panther,False
2018,2019,91,SOUND EDITING,John Warhurst and Nina Hartstone,Bohemian Rhapsody,True
2018,2019,91,SOUND EDITING,Ai-Ling Lee and Mildred Iatrou Morgan,First Man,False
2018,2019,91,SOUND EDITING,Ethan Van der Ryn and Erik Aadahl,A Quiet Place,False
2018,2019,91,SOUND EDITING,Sergio Díaz and Skip Lievsay,Roma,False
2018,2019,91,SOUND MIXING,"Steve Boeddeker, Brandon Proctor and Peter Devlin",Black Panther,False
2018,2019,91,SOUND MIXING,"Paul Massey, Tim Cavagin and John Casali",Bohemian Rhapsody,True
2018,2019,91,SOUND MIXING,"Jon Taylor, Frank A. Montaño, Ai-Ling Lee and Mary H. Ellis",First Man,False
2018,2019,91,SOUND MIXING,"Skip Lievsay, Craig Henighan and José Antonio García",Roma,False
2018,2019,91,SOUND MIXING,"Tom Ozanich, Dean Zupancic, Jason Ruder and Steve Morrow",A Star Is Born,False
2018,2019,91,VISUAL EFFECTS,"Dan DeLeeuw, Kelly Port, Russell Earl and Dan Sudick",Avengers: Infinity War,False
2018,2019,91,VISUAL EFFECTS,"Christopher Lawrence, Michael Eames, Theo Jones and Chris Corbould",Christopher Robin,False
2018,2019,91,VISUAL EFFECTS,"Paul Lambert, Ian Hunter, Tristan Myles and J.D. Schwalm",First Man,True
2018,2019,91,VISUAL EFFECTS,"Roger Guyett, Grady Cofer, Matthew E. Butler and David Shirk",Ready Player One,False
2018,2019,91,VISUAL EFFECTS,"Rob Bredow, Patrick Tubach, Neal Scanlan and Dominic Tuohy",Solo: A Star Wars Story,False
2018,2019,91,WRITING (Adapted Screenplay),Written by Joel Coen & Ethan Coen,The Ballad of Buster Scruggs,False
2018,2019,91,WRITING (Adapted Screenplay),Written by Charlie Wachtel & David Rabinowitz and Kevin Willmott & Spike Lee,BlacKkKlansman,True
2018,2019,91,WRITING (Adapted Screenplay),Screenplay by Nicole Holofcener and Jeff Whitty,Can You Ever Forgive Me?,False
2018,2019,91,WRITING (Adapted Screenplay),Written for the screen by Barry Jenkins,If Beale Street Could Talk,False
2018,2019,91,WRITING (Adapted Screenplay),Screenplay by Eric Roth and Bradley Cooper & Will Fetters,A Star Is Born,False
2018,2019,91,WRITING (Original Screenplay),Written by Deborah Davis and Tony McNamara,The Favourite,False
2018,2019,91,WRITING (Original Screenplay),Written by Paul Schrader,First Reformed,False
2018,2019,91,WRITING (Original Screenplay),"Written by Nick Vallelonga, Brian Currie, Peter Farrelly",Green Book,True
2018,2019,91,WRITING (Original Screenplay),Written by Alfonso Cuarón,Roma,False
2018,2019,91,WRITING (Original Screenplay),Written by Adam McKay,Vice,False
2018,2019,91,HONORARY AWARD, Marvin Levy,,True
2018,2019,91,HONORARY AWARD, Lalo Schifrin,,True
2018,2019,91,HONORARY AWARD, Cicely Tyson,,True
2018,2019,91,IRVING G. THALBERG MEMORIAL AWARD,Kathleen Kennedy and Frank Marshall,,True
2019,2020,92,ACTOR IN A LEADING ROLE,Antonio Banderas,Pain and Glory,False
2019,2020,92,ACTOR IN A LEADING ROLE,Leonardo DiCaprio,Once upon a Time...in Hollywood,False
2019,2020,92,ACTOR IN A LEADING ROLE,Adam Driver,Marriage Story,False
2019,2020,92,ACTOR IN A LEADING ROLE,Joaquin Phoenix,Joker,True
2019,2020,92,ACTOR IN A LEADING ROLE,Jonathan Pryce,The Two Popes,False
2019,2020,92,ACTOR IN A SUPPORTING ROLE,Tom Hanks,A Beautiful Day in the Neighborhood,False
2019,2020,92,ACTOR IN A SUPPORTING ROLE,Anthony Hopkins,The Two Popes,False
2019,2020,92,ACTOR IN A SUPPORTING ROLE,Al Pacino,The Irishman,False
2019,2020,92,ACTOR IN A SUPPORTING ROLE,Joe Pesci,The Irishman,False
2019,2020,92,ACTOR IN A SUPPORTING ROLE,Brad Pitt,Once upon a Time...in Hollywood,True
2019,2020,92,ACTRESS IN A LEADING ROLE,Cynthia Erivo,Harriet,False
2019,2020,92,ACTRESS IN A LEADING ROLE,Scarlett Johansson,Marriage Story,False
2019,2020,92,ACTRESS IN A LEADING ROLE,Saoirse Ronan,Little Women,False
2019,2020,92,ACTRESS IN A LEADING ROLE,Charlize Theron,Bombshell,False
2019,2020,92,ACTRESS IN A LEADING ROLE,Renée Zellweger,Judy,True
2019,2020,92,ACTRESS IN A SUPPORTING ROLE,Kathy Bates,Richard Jewell,False
2019,2020,92,ACTRESS IN A SUPPORTING ROLE,Laura Dern,Marriage Story,True
2019,2020,92,ACTRESS IN A SUPPORTING ROLE,Scarlett Johansson,Jojo Rabbit,False
2019,2020,92,ACTRESS IN A SUPPORTING ROLE,Florence Pugh,Little Women,False
2019,2020,92,ACTRESS IN A SUPPORTING ROLE,Margot Robbie,Bombshell,False
2019,2020,92,ANIMATED FEATURE FILM,"Dean DeBlois, Bradford Lewis and Bonnie Arnold",How to Train Your Dragon: The Hidden World,False
2019,2020,92,ANIMATED FEATURE FILM,Jérémy Clapin and Marc du Pontavice,I Lost My Body,False
2019,2020,92,ANIMATED FEATURE FILM,"Sergio Pablos, Jinko Gotoh and Marisa Román",Klaus,False
2019,2020,92,ANIMATED FEATURE FILM,"Chris Butler, Arianne Sutner and Travis Knight",Missing Link,False
2019,2020,92,ANIMATED FEATURE FILM,"Josh Cooley, Mark Nielsen and Jonas Rivera",Toy Story 4,True
2019,2020,92,CINEMATOGRAPHY,Rodrigo Prieto,The Irishman,False
2019,2020,92,CINEMATOGRAPHY,Lawrence Sher,Joker,False
2019,2020,92,CINEMATOGRAPHY,Jarin Blaschke,The Lighthouse,False
2019,2020,92,CINEMATOGRAPHY,Roger Deakins,1917,True
2019,2020,92,CINEMATOGRAPHY,Robert Richardson,Once upon a Time...in Hollywood,False
2019,2020,92,COSTUME DESIGN,Sandy Powell and Christopher Peterson,The Irishman,False
2019,2020,92,COSTUME DESIGN,Mayes C. Rubeo,Jojo Rabbit,False
2019,2020,92,COSTUME DESIGN,Mark Bridges,Joker,False
2019,2020,92,COSTUME DESIGN,Jacqueline Durran,Little Women,True
2019,2020,92,COSTUME DESIGN,Arianne Phillips,Once upon a Time...in Hollywood,False
2019,2020,92,DIRECTING,Martin Scorsese,The Irishman,False
2019,2020,92,DIRECTING,Todd Phillips,Joker,False
2019,2020,92,DIRECTING,Sam Mendes,1917,False
2019,2020,92,DIRECTING,Quentin Tarantino,Once upon a Time...in Hollywood,False
2019,2020,92,DIRECTING,Bong Joon Ho,Parasite,True
2019,2020,92,DOCUMENTARY (Feature),"Steven Bognar, Julia Reichert and Jeff Reichert",American Factory,True
2019,2020,92,DOCUMENTARY (Feature),"Feras Fayyad, Kirstine Barfod and Sigrid Dyekjær",The Cave,False
2019,2020,92,DOCUMENTARY (Feature),"Petra Costa, Joanna Natasegara, Shane Boris and Tiago Pavan",The Edge of Democracy,False
2019,2020,92,DOCUMENTARY (Feature),Waad al-Kateab and Edward Watts,For Sama,False
2019,2020,92,DOCUMENTARY (Feature),"Ljubo Stefanov, Tamara Kotevska and Atanas Georgiev",Honeyland,False
2019,2020,92,DOCUMENTARY (Short Subject),Yi Seung-Jun and Gary Byung-Seok Kam,In the Absence,False
2019,2020,92,DOCUMENTARY (Short Subject),Carol Dysinger and Elena Andreicheva,Learning to Skateboard in a Warzone (If You're a Girl),True
2019,2020,92,DOCUMENTARY (Short Subject),John Haptas and Kristine Samuelson,Life Overtakes Me,False
2019,2020,92,DOCUMENTARY (Short Subject),Smriti Mundhra and Sami Khan,St. Louis Superman,False
2019,2020,92,DOCUMENTARY (Short Subject),Laura Nix and Colette Sandstedt,Walk Run Cha-Cha,False
2019,2020,92,FILM EDITING,Michael McCusker and Andrew Buckland,Ford v Ferrari,True
2019,2020,92,FILM EDITING,Thelma Schoonmaker,The Irishman,False
2019,2020,92,FILM EDITING,Tom Eagles,Jojo Rabbit,False
2019,2020,92,FILM EDITING,Jeff Groth,Joker,False
2019,2020,92,FILM EDITING,Yang Jinmo,Parasite,False
2019,2020,92,INTERNATIONAL FEATURE FILM,Poland,Corpus Christi,False
2019,2020,92,INTERNATIONAL FEATURE FILM,North Macedonia,Honeyland,False
2019,2020,92,INTERNATIONAL FEATURE FILM,France,Les Misérables,False
2019,2020,92,INTERNATIONAL FEATURE FILM,Spain,Pain and Glory,False
2019,2020,92,INTERNATIONAL FEATURE FILM,South Korea,Parasite,True
2019,2020,92,MAKEUP AND HAIRSTYLING,"Kazu Hiro, Anne Morgan and Vivian Baker",Bombshell,True
2019,2020,92,MAKEUP AND HAIRSTYLING,Nicki Ledermann and Kay Georgiou,Joker,False
2019,2020,92,MAKEUP AND HAIRSTYLING,Jeremy Woodhead,Judy,False
2019,2020,92,MAKEUP AND HAIRSTYLING,"Paul Gooch, Arjen Tuiten and David White",Maleficent: Mistress of Evil,False
2019,2020,92,MAKEUP AND HAIRSTYLING,"Naomi Donne, Tristan Versluis and Rebecca Cole",1917,False
2019,2020,92,MUSIC (Original Score),Hildur Guðnadóttir,Joker,True
2019,2020,92,MUSIC (Original Score),Alexandre Desplat,Little Women,False
2019,2020,92,MUSIC (Original Score),Randy Newman,Marriage Story,False
2019,2020,92,MUSIC (Original Score),Thomas Newman,1917,False
2019,2020,92,MUSIC (Original Score),John Williams,Star Wars: The Rise of Skywalker,False
2019,2020,92,MUSIC (Original Song),Music and Lyric by Randy Newman,Toy Story 4,False
2019,2020,92,MUSIC (Original Song),Music by Elton John; Lyric by Bernie Taupin,Rocketman,True
2019,2020,92,MUSIC (Original Song),Music and Lyric by Diane Warren,Breakthrough,False
2019,2020,92,MUSIC (Original Song),Music and Lyric by Kristen Anderson-Lopez and Robert Lopez,Frozen II,False
2019,2020,92,MUSIC (Original Song),Music and Lyric by Joshuah Brian Campbell and Cynthia Erivo,Harriet,False
2019,2020,92,BEST PICTURE,"Peter Chernin, Jenno Topping and James Mangold, Producers",Ford v Ferrari,False
2019,2020,92,BEST PICTURE,"Martin Scorsese, Robert De Niro, Jane Rosenthal and Emma Tillinger Koskoff, Producers",The Irishman,False
2019,2020,92,BEST PICTURE,"Carthew Neal, Taika Waititi and Chelsea Winstanley, Producers",Jojo Rabbit,False
2019,2020,92,BEST PICTURE,"Todd Phillips, Bradley Cooper and Emma Tillinger Koskoff, Producers",Joker,False
2019,2020,92,BEST PICTURE,"Amy Pascal, Producer",Little Women,False
2019,2020,92,BEST PICTURE,"Noah Baumbach and David Heyman, Producers",Marriage Story,False
2019,2020,92,BEST PICTURE,"Sam Mendes, Pippa Harris, Jayne-Ann Tenggren and Callum McDougall, Producers",1917,False
2019,2020,92,BEST PICTURE,"David Heyman, Shannon McIntosh and Quentin Tarantino, Producers",Once upon a Time...in Hollywood,False
2019,2020,92,BEST PICTURE,"Kwak Sin Ae and Bong Joon Ho, Producers",Parasite,True
2019,2020,92,PRODUCTION DESIGN,Production Design: Bob Shaw; Set Decoration: Regina Graves,The Irishman,False
2019,2020,92,PRODUCTION DESIGN,Production Design: Ra Vincent; Set Decoration: Nora Sopková,Jojo Rabbit,False
2019,2020,92,PRODUCTION DESIGN,Production Design: Dennis Gassner; Set Decoration: Lee Sandales,1917,False
2019,2020,92,PRODUCTION DESIGN,Production Design: Barbara Ling; Set Decoration: Nancy Haigh,Once upon a Time...in Hollywood,True
2019,2020,92,PRODUCTION DESIGN,Production Design: Lee Ha Jun; Set Decoration: Cho Won Woo,Parasite,False
2019,2020,92,SHORT FILM (Animated),Daria Kashcheeva,Dcera (Daughter),False
2019,2020,92,SHORT FILM (Animated),Matthew A. Cherry and Karen Rupert Toliver,Hair Love,True
2019,2020,92,SHORT FILM (Animated),Rosana Sullivan and Kathryn Hendrickson,Kitbull,False
2019,2020,92,SHORT FILM (Animated),Bruno Collet and Jean-François Le Corre,Memorable,False
2019,2020,92,SHORT FILM (Animated),Siqi Song,Sister,False
2019,2020,92,SHORT FILM (Live Action),Meryam Joobeur and Maria Gracia Turgeon,Brotherhood,False
2019,2020,92,SHORT FILM (Live Action),Yves Piat and Damien Megherbi,Nefta Football Club,False
2019,2020,92,SHORT FILM (Live Action),Marshall Curry,The Neighbors' Window,True
2019,2020,92,SHORT FILM (Live Action),Bryan Buckley and Matt Lefebvre,Saria,False
2019,2020,92,SHORT FILM (Live Action),Delphine Girard,A Sister,False
2019,2020,92,SOUND EDITING,Donald Sylvester,Ford v Ferrari,True
2019,2020,92,SOUND EDITING,Alan Robert Murray,Joker,False
2019,2020,92,SOUND EDITING,Oliver Tarney and Rachael Tate,1917,False
2019,2020,92,SOUND EDITING,Wylie Stateman,Once upon a Time...in Hollywood,False
2019,2020,92,SOUND EDITING,Matthew Wood and David Acord,Star Wars: The Rise of Skywalker,False
2019,2020,92,SOUND MIXING,"Gary Rydstrom, Tom Johnson and Mark Ulano",Ad Astra,False
2019,2020,92,SOUND MIXING,"Paul Massey, David Giammarco and Steven A. Morrow",Ford v Ferrari,False
2019,2020,92,SOUND MIXING,"Tom Ozanich, Dean Zupancic and Tod Maitland",Joker,False
2019,2020,92,SOUND MIXING,Mark Taylor and Stuart Wilson,1917,True
2019,2020,92,SOUND MIXING,"Michael Minkler, Christian P. Minkler and Mark Ulano",Once upon a Time...in Hollywood,False
2019,2020,92,VISUAL EFFECTS,"Dan DeLeeuw, Russell Earl, Matt Aitken and Dan Sudick",Avengers: Endgame,False
2019,2020,92,VISUAL EFFECTS,"Pablo Helman, Leandro Estebecorena, Nelson Sepulveda-Fauser and Stephane Grabli",The Irishman,False
2019,2020,92,VISUAL EFFECTS,"Robert Legato, Adam Valdez, Andrew R. Jones and Elliot Newman",The Lion King,False
2019,2020,92,VISUAL EFFECTS,"Guillaume Rocheron, Greg Butler and Dominic Tuohy",1917,True
2019,2020,92,VISUAL EFFECTS,"Roger Guyett, Neal Scanlan, Patrick Tubach and Dominic Tuohy",Star Wars: The Rise of Skywalker,False
2019,2020,92,WRITING (Adapted Screenplay),Screenplay by Steven Zaillian,The Irishman,False
2019,2020,92,WRITING (Adapted Screenplay),Screenplay by Taika Waititi,Jojo Rabbit,True
2019,2020,92,WRITING (Adapted Screenplay),Written by Todd Phillips & Scott Silver,Joker,False
2019,2020,92,WRITING (Adapted Screenplay),Written for the screen by Greta Gerwig,Little Women,False
2019,2020,92,WRITING (Adapted Screenplay),Written by Anthony McCarten,The Two Popes,False
2019,2020,92,WRITING (Original Screenplay),Written by Rian Johnson,Knives Out,False
2019,2020,92,WRITING (Original Screenplay),Written by Noah Baumbach,Marriage Story,False
2019,2020,92,WRITING (Original Screenplay),Written by Sam Mendes & Krysty Wilson-Cairns,1917,False
2019,2020,92,WRITING (Original Screenplay),Written by Quentin Tarantino,Once upon a Time...in Hollywood,False
2019,2020,92,WRITING (Original Screenplay),"Screenplay by Bong Joon Ho, Han Jin Won; Story by Bong Joon Ho",Parasite,True
2019,2020,92,JEAN HERSHOLT HUMANITARIAN AWARD,Geena Davis,,True
2019,2020,92,HONORARY AWARD, David Lynch,,True
2019,2020,92,HONORARY AWARD, Wes Studi,,True
2019,2020,92,HONORARY AWARD, Lina Wertmüller,,True
2020,2021,93,ACTOR IN A LEADING ROLE,Riz Ahmed,Sound of Metal,False
2020,2021,93,ACTOR IN A LEADING ROLE,Chadwick Boseman,Ma Rainey's Black Bottom,False
2020,2021,93,ACTOR IN A LEADING ROLE,Anthony Hopkins,The Father,True
2020,2021,93,ACTOR IN A LEADING ROLE,Gary Oldman,Mank,False
2020,2021,93,ACTOR IN A LEADING ROLE,Steven Yeun,Minari,False
2020,2021,93,ACTOR IN A SUPPORTING ROLE,Sacha Baron Cohen,The Trial of the Chicago 7,False
2020,2021,93,ACTOR IN A SUPPORTING ROLE,Daniel Kaluuya,Judas and the Black Messiah,True
2020,2021,93,ACTOR IN A SUPPORTING ROLE,"Leslie Odom, Jr.",One Night in Miami...,False
2020,2021,93,ACTOR IN A SUPPORTING ROLE,Paul Raci,Sound of Metal,False
2020,2021,93,ACTOR IN A SUPPORTING ROLE,Lakeith Stanfield,Judas and the Black Messiah,False
2020,2021,93,ACTRESS IN A LEADING ROLE,Viola Davis,Ma Rainey's Black Bottom,False
2020,2021,93,ACTRESS IN A LEADING ROLE,Andra Day,The United States vs. Billie Holiday,False
2020,2021,93,ACTRESS IN A LEADING ROLE,Vanessa Kirby,Pieces of a Woman,False
2020,2021,93,ACTRESS IN A LEADING ROLE,Frances McDormand,Nomadland,True
2020,2021,93,ACTRESS IN A LEADING ROLE,Carey Mulligan,Promising Young Woman,False
2020,2021,93,ACTRESS IN A SUPPORTING ROLE,Maria Bakalova,Borat Subsequent Moviefilm: Delivery of Prodigious Bribe to American Regime for Make Benefit Once Glorious Nation of Kazakhstan,False
2020,2021,93,ACTRESS IN A SUPPORTING ROLE,Glenn Close,Hillbilly Elegy,False
2020,2021,93,ACTRESS IN A SUPPORTING ROLE,Olivia Colman,The Father,False
2020,2021,93,ACTRESS IN A SUPPORTING ROLE,Amanda Seyfried,Mank,False
2020,2021,93,ACTRESS IN A SUPPORTING ROLE,Yuh-Jung Youn,Minari,True
2020,2021,93,ANIMATED FEATURE FILM,Dan Scanlon and Kori Rae,Onward,False
2020,2021,93,ANIMATED FEATURE FILM,"Glen Keane, Gennie Rim and Peilin Chou",Over the Moon,False
2020,2021,93,ANIMATED FEATURE FILM,"Richard Phelan, Will Becher and Paul Kewley",A Shaun the Sheep Movie: Farmageddon,False
2020,2021,93,ANIMATED FEATURE FILM,Pete Docter and Dana Murray,Soul,True
2020,2021,93,ANIMATED FEATURE FILM,"Tomm Moore, Ross Stewart, Paul Young and Stéphan Roelants",Wolfwalkers,False
2020,2021,93,CINEMATOGRAPHY,Sean Bobbitt,Judas and the Black Messiah,False
2020,2021,93,CINEMATOGRAPHY,Erik Messerschmidt,Mank,True
2020,2021,93,CINEMATOGRAPHY,Dariusz Wolski,News of the World,False
2020,2021,93,CINEMATOGRAPHY,Joshua James Richards,Nomadland,False
2020,2021,93,CINEMATOGRAPHY,Phedon Papamichael,The Trial of the Chicago 7,False
2020,2021,93,COSTUME DESIGN,Alexandra Byrne,Emma,False
2020,2021,93,COSTUME DESIGN,Ann Roth,Ma Rainey's Black Bottom,True
2020,2021,93,COSTUME DESIGN,Trish Summerville,Mank,False
2020,2021,93,COSTUME DESIGN,Bina Daigeler,Mulan,False
2020,2021,93,COSTUME DESIGN,Massimo Cantini Parrini,Pinocchio,False
2020,2021,93,DIRECTING,Thomas Vinterberg,Another Round,False
2020,2021,93,DIRECTING,David Fincher,Mank,False
2020,2021,93,DIRECTING,Lee Isaac Chung,Minari,False
2020,2021,93,DIRECTING,Chloé Zhao,Nomadland,True
2020,2021,93,DIRECTING,Emerald Fennell,Promising Young Woman,False
2020,2021,93,DOCUMENTARY (Feature),Alexander Nanau and Bianca Oana,Collective,False
2020,2021,93,DOCUMENTARY (Feature),"Nicole Newnham, Jim LeBrecht and Sara Bolder",Crip Camp,False
2020,2021,93,DOCUMENTARY (Feature),Maite Alberdi and Marcela Santibáñez,The Mole Agent,False
2020,2021,93,DOCUMENTARY (Feature),"Pippa Ehrlich, James Reed and Craig Foster",My Octopus Teacher,True
2020,2021,93,DOCUMENTARY (Feature),"Garrett Bradley, Lauren Domino and Kellen Quinn",Time,False
2020,2021,93,DOCUMENTARY (Short Subject),Anthony Giacchino and Alice Doyard,Colette,True
2020,2021,93,DOCUMENTARY (Short Subject),Ben Proudfoot and Kris Bowers,A Concerto Is a Conversation,False
2020,2021,93,DOCUMENTARY (Short Subject),Anders Hammer and Charlotte Cook,Do Not Split,False
2020,2021,93,DOCUMENTARY (Short Subject),Skye Fitzgerald and Michael Scheuerman,Hunger Ward,False
2020,2021,93,DOCUMENTARY (Short Subject),Sophia Nahli Allison and Janice Duncan,A Love Song for Latasha,False
2020,2021,93,FILM EDITING,Yorgos Lamprinos,The Father,False
2020,2021,93,FILM EDITING,Chloé Zhao,Nomadland,False
2020,2021,93,FILM EDITING,Frédéric Thoraval,Promising Young Woman,False
2020,2021,93,FILM EDITING,Mikkel E. G. Nielsen,Sound of Metal,True
2020,2021,93,FILM EDITING,Alan Baumgarten,The Trial of the Chicago 7,False
2020,2021,93,INTERNATIONAL FEATURE FILM,Denmark,Another Round,True
2020,2021,93,INTERNATIONAL FEATURE FILM,Hong Kong,Better Days,False
2020,2021,93,INTERNATIONAL FEATURE FILM,Romania,Collective,False
2020,2021,93,INTERNATIONAL FEATURE FILM,Tunisia,The Man Who Sold His Skin,False
2020,2021,93,INTERNATIONAL FEATURE FILM,Bosnia and Herzegovina,"Quo Vadis, Aida?",False
2020,2021,93,MAKEUP AND HAIRSTYLING,"Marese Langan, Laura Allen and Claudia Stolze",Emma,False
2020,2021,93,MAKEUP AND HAIRSTYLING,"Eryn Krueger Mekash, Matthew Mungle and Patricia Dehaney",Hillbilly Elegy,False
2020,2021,93,MAKEUP AND HAIRSTYLING,"Sergio Lopez-Rivera, Mia Neal and Jamika Wilson",Ma Rainey's Black Bottom,True
2020,2021,93,MAKEUP AND HAIRSTYLING,"Gigi Williams, Kimberley Spiteri and Colleen LaBaff",Mank,False
2020,2021,93,MAKEUP AND HAIRSTYLING,"Mark Coulier, Dalia Colli and Francesco Pegoretti",Pinocchio,False
2020,2021,93,MUSIC (Original Score),Terence Blanchard,Da 5 Bloods,False
2020,2021,93,MUSIC (Original Score),Trent Reznor and Atticus Ross,Mank,False
2020,2021,93,MUSIC (Original Score),Emile Mosseri,Minari,False
2020,2021,93,MUSIC (Original Score),James Newton Howard,News of the World,False
2020,2021,93,MUSIC (Original Score),"Trent Reznor, Atticus Ross and Jon Batiste",Soul,True
2020,2021,93,MUSIC (Original Song),Music by H.E.R. and Dernst Emile II; Lyric by H.E.R. and Tiara Thomas,Judas and the Black Messiah,True
2020,2021,93,MUSIC (Original Song),Music by Daniel Pemberton; Lyric by Daniel Pemberton and Celeste Waite,The Trial of the Chicago 7,False
2020,2021,93,MUSIC (Original Song),"Music and Lyric by Savan Kotecha, Fat Max Gsus and Rickard Göransson",Eurovision Song Contest: The Story of Fire Saga,False
2020,2021,93,MUSIC (Original Song),Music by Diane Warren; Lyric by Diane Warren and Laura Pausini,The Life Ahead (La Vita Davanti a Se),False
2020,2021,93,MUSIC (Original Song),"Music and Lyric by Leslie Odom, Jr. and Sam Ashworth",One Night in Miami...,False
2020,2021,93,BEST PICTURE,"David Parfitt, Jean-Louis Livi and Philippe Carcassonne, Producers",The Father,False
2020,2021,93,BEST PICTURE,"Shaka King, Charles D. King and Ryan Coogler, Producers",Judas and the Black Messiah,False
2020,2021,93,BEST PICTURE,"Ceán Chaffin, Eric Roth and Douglas Urbanski, Producers",Mank,False
2020,2021,93,BEST PICTURE,"Christina Oh, Producer",Minari,False
2020,2021,93,BEST PICTURE,"Frances McDormand, Peter Spears, Mollye Asher, Dan Janvey and Chloé Zhao, Producers",Nomadland,True
2020,2021,93,BEST PICTURE,"Ben Browning, Ashley Fox, Emerald Fennell and Josey McNamara, Producers",Promising Young Woman,False
2020,2021,93,BEST PICTURE,"Bert Hamelinck and Sacha Ben Harroche, Producers",Sound of Metal,False
2020,2021,93,BEST PICTURE,"Marc Platt and Stuart Besser, Producers",The Trial of the Chicago 7,False
2020,2021,93,PRODUCTION DESIGN,Production Design: Peter Francis; Set Decoration: Cathy Featherstone,The Father,False
2020,2021,93,PRODUCTION DESIGN,Production Design: Mark Ricker; Set Decoration: Karen O'Hara and Diana Stoughton,Ma Rainey's Black Bottom,False
2020,2021,93,PRODUCTION DESIGN,Production Design: Donald Graham Burt; Set Decoration: Jan Pascale,Mank,True
2020,2021,93,PRODUCTION DESIGN,Production Design: David Crank; Set Decoration: Elizabeth Keenan,News of the World,False
2020,2021,93,PRODUCTION DESIGN,Production Design: Nathan Crowley; Set Decoration: Kathy Lucas,Tenet,False
2020,2021,93,SHORT FILM (Animated),Madeline Sharafian and Michael Capbarat,Burrow,False
2020,2021,93,SHORT FILM (Animated),Adrien Mérigeau and Amaury Ovise,Genius Loci,False
2020,2021,93,SHORT FILM (Animated),Will McCormack and Michael Govier,If Anything Happens I Love You,True
2020,2021,93,SHORT FILM (Animated),Erick Oh,Opera,False
2020,2021,93,SHORT FILM (Animated),Gísli Darri Halldórsson and Arnar Gunnarsson,Yes-People,False
2020,2021,93,SHORT FILM (Live Action),Doug Roland and Susan Ruzenski,Feeling Through,False
2020,2021,93,SHORT FILM (Live Action),Elvira Lind and Sofia Sondervan,The Letter Room,False
2020,2021,93,SHORT FILM (Live Action),Farah Nabulsi and Ossama Bawardi,The Present,False
2020,2021,93,SHORT FILM (Live Action),Travon Free and Martin Desmond Roe,Two Distant Strangers,True
2020,2021,93,SHORT FILM (Live Action),Tomer Shushan and Shira Hochman,White Eye,False
2020,2021,93,SOUND,"Warren Shaw, Michael Minkler, Beau Borders and David Wyman",Greyhound,False
2020,2021,93,SOUND,"Ren Klyce, Jeremy Molod, David Parker, Nathan Nance and Drew Kunin",Mank,False
2020,2021,93,SOUND,"Oliver Tarney, Mike Prestwood Smith, William Miller and John Pritchett",News of the World,False
2020,2021,93,SOUND,"Ren Klyce, Coya Elliott and David Parker",Soul,False
2020,2021,93,SOUND,"Nicolas Becker, Jaime Baksht, Michellee Couttolenc, Carlos Cortés and Phillip Bladh",Sound of Metal,True
2020,2021,93,VISUAL EFFECTS,"Matt Sloan, Genevieve Camilleri, Matt Everitt and Brian Cox",Love and Monsters,False
2020,2021,93,VISUAL EFFECTS,"Matthew Kasmir, Christopher Lawrence, Max Solomon and David Watkins",The Midnight Sky,False
2020,2021,93,VISUAL EFFECTS,"Sean Faden, Anders Langlands, Seth Maury and Steve Ingram",Mulan,False
2020,2021,93,VISUAL EFFECTS,"Nick Davis, Greg Fisher, Ben Jones and Santiago Colomo Martinez",The One and Only Ivan,False
2020,2021,93,VISUAL EFFECTS,"Andrew Jackson, David Lee, Andrew Lockley and Scott Fisher",Tenet,True
2020,2021,93,WRITING (Adapted Screenplay),Screenplay by Sacha Baron Cohen & Anthony Hines & Dan Swimer & Peter Baynham & Erica Rivinoja & Dan Mazer & Jena Friedman & Lee Kern; Story by Sacha Baron Cohen & Anthony Hines & Dan Swimer & Nina Pedrad,Borat Subsequent Moviefilm: Delivery of Prodigious Bribe to American Regime for Make Benefit Once Glorious Nation of Kazakhstan,False
2020,2021,93,WRITING (Adapted Screenplay),Screenplay by Christopher Hampton and Florian Zeller,The Father,True
2020,2021,93,WRITING (Adapted Screenplay),Written for the screen by Chloé Zhao,Nomadland,False
2020,2021,93,WRITING (Adapted Screenplay),Screenplay by Kemp Powers,One Night in Miami...,False
2020,2021,93,WRITING (Adapted Screenplay),Written for the screen by Ramin Bahrani,The White Tiger,False
2020,2021,93,WRITING (Original Screenplay),Screenplay by Will Berson & Shaka King; Story by Will Berson & Shaka King and Kenny Lucas & Keith Lucas,Judas and the Black Messiah,False
2020,2021,93,WRITING (Original Screenplay),Written by Lee Isaac Chung,Minari,False
2020,2021,93,WRITING (Original Screenplay),Written by Emerald Fennell,Promising Young Woman,True
2020,2021,93,WRITING (Original Screenplay),Screenplay by Darius Marder & Abraham Marder; Story by Darius Marder & Derek Cianfrance,Sound of Metal,False
2020,2021,93,WRITING (Original Screenplay),Written by Aaron Sorkin,The Trial of the Chicago 7,False
2020,2021,93,JEAN HERSHOLT HUMANITARIAN AWARD,,,True
2021,2022,94,ACTOR IN A LEADING ROLE,Javier Bardem,Being the Ricardos,False
2021,2022,94,ACTOR IN A LEADING ROLE,Benedict Cumberbatch,The Power of the Dog,False
2021,2022,94,ACTOR IN A LEADING ROLE,Andrew Garfield,"tick, tick...BOOM!",False
2021,2022,94,ACTOR IN A LEADING ROLE,Will Smith,King Richard,True
2021,2022,94,ACTOR IN A LEADING ROLE,Denzel Washington,The Tragedy of Macbeth,False
2021,2022,94,ACTOR IN A SUPPORTING ROLE,Ciarán Hinds,Belfast,False
2021,2022,94,ACTOR IN A SUPPORTING ROLE,Troy Kotsur,CODA,True
2021,2022,94,ACTOR IN A SUPPORTING ROLE,Jesse Plemons,The Power of the Dog,False
2021,2022,94,ACTOR IN A SUPPORTING ROLE,J.K. Simmons,Being the Ricardos,False
2021,2022,94,ACTOR IN A SUPPORTING ROLE,Kodi Smit-McPhee,The Power of the Dog,False
2021,2022,94,ACTRESS IN A LEADING ROLE,Jessica Chastain,The Eyes of Tammy Faye,True
2021,2022,94,ACTRESS IN A LEADING ROLE,Olivia Colman,The Lost Daughter,False
2021,2022,94,ACTRESS IN A LEADING ROLE,Penélope Cruz,Parallel Mothers,False
2021,2022,94,ACTRESS IN A LEADING ROLE,Nicole Kidman,Being the Ricardos,False
2021,2022,94,ACTRESS IN A LEADING ROLE,Kristen Stewart,Spencer,False
2021,2022,94,ACTRESS IN A SUPPORTING ROLE,Jessie Buckley,The Lost Daughter,False
2021,2022,94,ACTRESS IN A SUPPORTING ROLE,Ariana DeBose,West Side Story,True
2021,2022,94,ACTRESS IN A SUPPORTING ROLE,Judi Dench,Belfast,False
2021,2022,94,ACTRESS IN A SUPPORTING ROLE,Kirsten Dunst,The Power of the Dog,False
2021,2022,94,ACTRESS IN A SUPPORTING ROLE,Aunjanue Ellis,King Richard,False
2021,2022,94,ANIMATED FEATURE FILM,"Jared Bush, Byron Howard, Yvett Merino and Clark Spencer",Encanto,True
2021,2022,94,ANIMATED FEATURE FILM,"Jonas Poher Rasmussen, Monica Hellström, Signe Byrge Sørensen and Charlotte De La Gournerie",Flee,False
2021,2022,94,ANIMATED FEATURE FILM,Enrico Casarosa and Andrea Warren,Luca,False
2021,2022,94,ANIMATED FEATURE FILM,"Mike Rianda, Phil Lord, Christopher Miller and Kurt Albrecht",The Mitchells vs. the Machines,False
2021,2022,94,ANIMATED FEATURE FILM,"Don Hall, Carlos López Estrada, Osnat Shurer and Peter Del Vecho",Raya and the Last Dragon,False
2021,2022,94,CINEMATOGRAPHY,Greig Fraser,Dune,True
2021,2022,94,CINEMATOGRAPHY,Dan Laustsen,Nightmare Alley,False
2021,2022,94,CINEMATOGRAPHY,Ari Wegner,The Power of the Dog,False
2021,2022,94,CINEMATOGRAPHY,Bruno Delbonnel,The Tragedy of Macbeth,False
2021,2022,94,CINEMATOGRAPHY,Janusz Kaminski,West Side Story,False
2021,2022,94,COSTUME DESIGN,Jenny Beavan,Cruella,True
2021,2022,94,COSTUME DESIGN,Massimo Cantini Parrini and Jacqueline Durran,Cyrano,False
2021,2022,94,COSTUME DESIGN,Jacqueline West and Robert Morgan,Dune,False
2021,2022,94,COSTUME DESIGN,Luis Sequeira,Nightmare Alley,False
2021,2022,94,COSTUME DESIGN,Paul Tazewell,West Side Story,False
2021,2022,94,DIRECTING,Kenneth Branagh,Belfast,False
2021,2022,94,DIRECTING,Ryusuke Hamaguchi,Drive My Car,False
2021,2022,94,DIRECTING,Paul Thomas Anderson,Licorice Pizza,False
2021,2022,94,DIRECTING,Jane Campion,The Power of the Dog,True
2021,2022,94,DIRECTING,Steven Spielberg,West Side Story,False
2021,2022,94,DOCUMENTARY (Feature),"Jessica Kingdon, Kira Simon-Kennedy and Nathan Truesdell",Ascension,False
2021,2022,94,DOCUMENTARY (Feature),Stanley Nelson and Traci A. Curry,Attica,False
2021,2022,94,DOCUMENTARY (Feature),"Jonas Poher Rasmussen, Monica Hellström, Signe Byrge Sørensen and Charlotte De La Gournerie",Flee,False
2021,2022,94,DOCUMENTARY (Feature),"Ahmir ""Questlove"" Thompson, Joseph Patel, Robert Fyvolent and David Dinerstein","Summer of Soul (...Or, When the Revolution Could Not Be Televised)",True
2021,2022,94,DOCUMENTARY (Feature),Rintu Thomas and Sushmit Ghosh,Writing with Fire,False
2021,2022,94,DOCUMENTARY (Short Subject),Matt Ogens and Geoff McLean,Audible,False
2021,2022,94,DOCUMENTARY (Short Subject),Pedro Kos and Jon Shenk,Lead Me Home,False
2021,2022,94,DOCUMENTARY (Short Subject),Ben Proudfoot,The Queen of Basketball,True
2021,2022,94,DOCUMENTARY (Short Subject),Elizabeth Mirzaei and Gulistan Mirzaei,Three Songs for Benazir,False
2021,2022,94,DOCUMENTARY (Short Subject),Jay Rosenblatt,When We Were Bullies,False
2021,2022,94,FILM EDITING,Hank Corwin,Don't Look Up,False
2021,2022,94,FILM EDITING,Joe Walker,Dune,True
2021,2022,94,FILM EDITING,Pamela Martin,King Richard,False
2021,2022,94,FILM EDITING,Peter Sciberras,The Power of the Dog,False
2021,2022,94,FILM EDITING,Myron Kerstein and Andrew Weisblum,"tick, tick...BOOM!",False
2021,2022,94,INTERNATIONAL FEATURE FILM,Japan,Drive My Car,True
2021,2022,94,INTERNATIONAL FEATURE FILM,Denmark,Flee,False
2021,2022,94,INTERNATIONAL FEATURE FILM,Italy,The Hand of God,False
2021,2022,94,INTERNATIONAL FEATURE FILM,Bhutan,Lunana: A Yak in the Classroom,False
2021,2022,94,INTERNATIONAL FEATURE FILM,Norway,The Worst Person in the World,False
2021,2022,94,MAKEUP AND HAIRSTYLING,"Mike Marino, Stacey Morris and Carla Farmer",Coming 2 America,False
2021,2022,94,MAKEUP AND HAIRSTYLING,"Nadia Stacey, Naomi Donne and Julia Vernon",Cruella,False
2021,2022,94,MAKEUP AND HAIRSTYLING,"Donald Mowat, Love Larson and Eva von Bahr",Dune,False
2021,2022,94,MAKEUP AND HAIRSTYLING,"Linda Dowds, Stephanie Ingram and Justin Raleigh",The Eyes of Tammy Faye,True
2021,2022,94,MAKEUP AND HAIRSTYLING,"Göran Lundström, Anna Carin Lock and Frederic Aspiras",House of Gucci,False
2021,2022,94,MUSIC (Original Score),Nicholas Britell,Don't Look Up,False
2021,2022,94,MUSIC (Original Score),Hans Zimmer,Dune,True
2021,2022,94,MUSIC (Original Score),Germaine Franco,Encanto,False
2021,2022,94,MUSIC (Original Score),Alberto Iglesias,Parallel Mothers,False
2021,2022,94,MUSIC (Original Score),Jonny Greenwood,The Power of the Dog,False
2021,2022,94,MUSIC (Original Song),Music and Lyric by DIXSON and Beyoncé Knowles-Carter,King Richard,False
2021,2022,94,MUSIC (Original Song),Music and Lyric by Lin-Manuel Miranda,Encanto,False
2021,2022,94,MUSIC (Original Song),Music and Lyric by Van Morrison,Belfast,False
2021,2022,94,MUSIC (Original Song),Music and Lyric by Billie Eilish and Finneas O'Connell,No Time to Die,True
2021,2022,94,MUSIC (Original Song),Music and Lyric by Diane Warren,Four Good Days,False
2021,2022,94,BEST PICTURE,"Laura Berwick, Kenneth Branagh, Becca Kovacik and Tamar Thomas, Producers",Belfast,False
2021,2022,94,BEST PICTURE,"Philippe Rousselet, Fabrice Gianfermi and Patrick Wachsberger, Producers",CODA,True
2021,2022,94,BEST PICTURE,"Adam McKay and Kevin Messick, Producers",Don't Look Up,False
2021,2022,94,BEST PICTURE,"Teruhisa Yamamoto, Producer",Drive My Car,False
2021,2022,94,BEST PICTURE,"Mary Parent, Denis Villeneuve and Cale Boyter, Producers",Dune,False
2021,2022,94,BEST PICTURE,"Tim White, Trevor White and Will Smith, Producers",King Richard,False
2021,2022,94,BEST PICTURE,"Sara Murphy, Adam Somner and Paul Thomas Anderson, Producers",Licorice Pizza,False
2021,2022,94,BEST PICTURE,"Guillermo del Toro, J. Miles Dale and Bradley Cooper, Producers",Nightmare Alley,False
2021,2022,94,BEST PICTURE,"Jane Campion, Tanya Seghatchian, Emile Sherman, Iain Canning and Roger Frappier, Producers",The Power of the Dog,False
2021,2022,94,BEST PICTURE,"Steven Spielberg and Kristie Macosko Krieger, Producers",West Side Story,False
2021,2022,94,PRODUCTION DESIGN,Production Design: Patrice Vermette; Set Decoration: Zsuzsanna Sipos,Dune,True
2021,2022,94,PRODUCTION DESIGN,Production Design: Tamara Deverell; Set Decoration: Shane Vieau,Nightmare Alley,False
2021,2022,94,PRODUCTION DESIGN,Production Design: Grant Major; Set Decoration: Amber Richards,The Power of the Dog,False
2021,2022,94,PRODUCTION DESIGN,Production Design: Stefan Dechant; Set Decoration: Nancy Haigh,The Tragedy of Macbeth,False
2021,2022,94,PRODUCTION DESIGN,Production Design: Adam Stockhausen; Set Decoration: Rena DeAngelo,West Side Story,False
2021,2022,94,SHORT FILM (Animated),Joanna Quinn and Les Mills,Affairs of the Art,False
2021,2022,94,SHORT FILM (Animated),Hugo Covarrubias and Tevo Díaz,Bestia,False
2021,2022,94,SHORT FILM (Animated),Anton Dyakov,Boxballet,False
2021,2022,94,SHORT FILM (Animated),Dan Ojari and Mikey Please,Robin Robin,False
2021,2022,94,SHORT FILM (Animated),Alberto Mielgo and Leo Sanchez,The Windshield Wiper,True
2021,2022,94,SHORT FILM (Live Action),Maria Brendle and Nadine Lüchinger,Ala Kachuu - Take and Run,False
2021,2022,94,SHORT FILM (Live Action),Tadeusz Lysiak and Maciej Slesicki,The Dress,False
2021,2022,94,SHORT FILM (Live Action),Aneil Karia and Riz Ahmed,The Long Goodbye,True
2021,2022,94,SHORT FILM (Live Action),Martin Strange-Hansen and Kim Magnusson,On My Mind,False
2021,2022,94,SHORT FILM (Live Action),K.D. Dávila and Levin Menekse,Please Hold,False
2021,2022,94,SOUND,"Denise Yarde, Simon Chase, James Mather and Niv Adiri",Belfast,False
2021,2022,94,SOUND,"Mac Ruth, Mark Mangini, Theo Green, Doug Hemphill and Ron Bartlett",Dune,True
2021,2022,94,SOUND,"Simon Hayes, Oliver Tarney, James Harrison, Paul Massey and Mark Taylor",No Time to Die,False
2021,2022,94,SOUND,"Richard Flynn, Robert Mackenzie and Tara Webb",The Power of the Dog,False
2021,2022,94,SOUND,"Tod A. Maitland, Gary Rydstrom, Brian Chumney, Andy Nelson and Shawn Murphy",West Side Story,False
2021,2022,94,VISUAL EFFECTS,"Paul Lambert, Tristan Myles, Brian Connor and Gerd Nefzer",Dune,True
2021,2022,94,VISUAL EFFECTS,"Swen Gillberg, Bryan Grill, Nikos Kalaitzidis and Dan Sudick",Free Guy,False
2021,2022,94,VISUAL EFFECTS,"Charlie Noble, Joel Green, Jonathan Fawkner and Chris Corbould",No Time to Die,False
2021,2022,94,VISUAL EFFECTS,"Christopher Townsend, Joe Farrell, Sean Noel Walker and Dan Oliver",Shang-Chi and the Legend of the Ten Rings,False
2021,2022,94,VISUAL EFFECTS,"Kelly Port, Chris Waegner, Scott Edelstein and Dan Sudick",Spider-Man: No Way Home,False
2021,2022,94,WRITING (Adapted Screenplay),Screenplay by Siân Heder,CODA,True
2021,2022,94,WRITING (Adapted Screenplay),"Screenplay by Ryusuke Hamaguchi, Takamasa Oe",Drive My Car,False
2021,2022,94,WRITING (Adapted Screenplay),Screenplay by Jon Spaihts and Denis Villeneuve and Eric Roth,Dune,False
2021,2022,94,WRITING (Adapted Screenplay),Written by Maggie Gyllenhaal,The Lost Daughter,False
2021,2022,94,WRITING (Adapted Screenplay),Written by Jane Campion,The Power of the Dog,False
2021,2022,94,WRITING (Original Screenplay),Written by Kenneth Branagh,Belfast,True
2021,2022,94,WRITING (Original Screenplay),Screenplay by Adam McKay; Story by Adam McKay & David Sirota,Don't Look Up,False
2021,2022,94,WRITING (Original Screenplay),Written by Zach Baylin,King Richard,False
2021,2022,94,WRITING (Original Screenplay),Written by Paul Thomas Anderson,Licorice Pizza,False
2021,2022,94,WRITING (Original Screenplay),"Written by Eskil Vogt, Joachim Trier",The Worst Person in the World,False
2021,2022,94,JEAN HERSHOLT HUMANITARIAN AWARD,,,True
2021,2022,94,HONORARY AWARD,"To Samuel L. Jackson, whose dynamic performances resonate across genres and generations of audiences worldwide.",,True
2021,2022,94,HONORARY AWARD,"To Elaine May, writer, director, performer, pioneer whose bracing comedic spark illuminates us all.",,True
2021,2022,94,HONORARY AWARD,"To Liv Ullmann, for her deeply affecting screen portrayals and lifelong commitment to exploring the human condition.",,True
2022,2023,95,ACTOR IN A LEADING ROLE,Austin Butler,Elvis,False
2022,2023,95,ACTOR IN A LEADING ROLE,Colin Farrell,The Banshees of Inisherin,False
2022,2023,95,ACTOR IN A LEADING ROLE,Brendan Fraser,The Whale,True
2022,2023,95,ACTOR IN A LEADING ROLE,Paul Mescal,Aftersun,False
2022,2023,95,ACTOR IN A LEADING ROLE,Bill Nighy,Living,False
2022,2023,95,ACTOR IN A SUPPORTING ROLE,Brendan Gleeson,The Banshees of Inisherin,False
2022,2023,95,ACTOR IN A SUPPORTING ROLE,Brian Tyree Henry,Causeway,False
2022,2023,95,ACTOR IN A SUPPORTING ROLE,Judd Hirsch,The Fabelmans,False
2022,2023,95,ACTOR IN A SUPPORTING ROLE,Barry Keoghan,The Banshees of Inisherin,False
2022,2023,95,ACTOR IN A SUPPORTING ROLE,Ke Huy Quan,Everything Everywhere All at Once,True
2022,2023,95,ACTRESS IN A LEADING ROLE,Cate Blanchett,Tár,False
2022,2023,95,ACTRESS IN A LEADING ROLE,Ana de Armas,Blonde,False
2022,2023,95,ACTRESS IN A LEADING ROLE,Andrea Riseborough,To Leslie,False
2022,2023,95,ACTRESS IN A LEADING ROLE,Michelle Williams,The Fabelmans,False
2022,2023,95,ACTRESS IN A LEADING ROLE,Michelle Yeoh,Everything Everywhere All at Once,True
2022,2023,95,ACTRESS IN A SUPPORTING ROLE,Angela Bassett,Black Panther: Wakanda Forever,False
2022,2023,95,ACTRESS IN A SUPPORTING ROLE,Hong Chau,The Whale,False
2022,2023,95,ACTRESS IN A SUPPORTING ROLE,Kerry Condon,The Banshees of Inisherin,False
2022,2023,95,ACTRESS IN A SUPPORTING ROLE,Jamie Lee Curtis,Everything Everywhere All at Once,True
2022,2023,95,ACTRESS IN A SUPPORTING ROLE,Stephanie Hsu,Everything Everywhere All at Once,False
2022,2023,95,ANIMATED FEATURE FILM,"Guillermo del Toro, Mark Gustafson, Gary Ungar and Alex Bulkley",Guillermo del Toro's Pinocchio,True
2022,2023,95,ANIMATED FEATURE FILM,"Dean Fleischer Camp, Elisabeth Holm, Andrew Goldman, Caroline Kaplan and Paul Mezey",Marcel the Shell with Shoes On,False
2022,2023,95,ANIMATED FEATURE FILM,Joel Crawford and Mark Swift,Puss in Boots: The Last Wish,False
2022,2023,95,ANIMATED FEATURE FILM,Chris Williams and Jed Schlanger,The Sea Beast,False
2022,2023,95,ANIMATED FEATURE FILM,Domee Shi and Lindsey Collins,Turning Red,False
2022,2023,95,CINEMATOGRAPHY,James Friend,All Quiet on the Western Front,True
2022,2023,95,CINEMATOGRAPHY,Darius Khondji,"Bardo, False Chronicle of a Handful of Truths",False
2022,2023,95,CINEMATOGRAPHY,Mandy Walker,Elvis,False
2022,2023,95,CINEMATOGRAPHY,Roger Deakins,Empire of Light,False
2022,2023,95,CINEMATOGRAPHY,Florian Hoffmeister,Tár,False
2022,2023,95,COSTUME DESIGN,Mary Zophres,Babylon,False
2022,2023,95,COSTUME DESIGN,Ruth Carter,Black Panther: Wakanda Forever,True
2022,2023,95,COSTUME DESIGN,Catherine Martin,Elvis,False
2022,2023,95,COSTUME DESIGN,Shirley Kurata,Everything Everywhere All at Once,False
2022,2023,95,COSTUME DESIGN,Jenny Beavan,Mrs. Harris Goes to Paris,False
2022,2023,95,DIRECTING,Martin McDonagh,The Banshees of Inisherin,False
2022,2023,95,DIRECTING,Daniel Kwan and Daniel Scheinert,Everything Everywhere All at Once,True
2022,2023,95,DIRECTING,Steven Spielberg,The Fabelmans,False
2022,2023,95,DIRECTING,Todd Field,Tár,False
2022,2023,95,DIRECTING,Ruben Östlund,Triangle of Sadness,False
2022,2023,95,DOCUMENTARY FEATURE FILM,"Shaunak Sen, Aman Mann and Teddy Leifer",All That Breathes,False
2022,2023,95,DOCUMENTARY FEATURE FILM,"Laura Poitras, Howard Gertler, John Lyons, Nan Goldin and Yoni Golijov",All the Beauty and the Bloodshed,False
2022,2023,95,DOCUMENTARY FEATURE FILM,"Sara Dosa, Shane Boris and Ina Fichman",Fire of Love,False
2022,2023,95,DOCUMENTARY FEATURE FILM,Simon Lereng Wilmont and Monica Hellström,A House Made of Splinters,False
2022,2023,95,DOCUMENTARY FEATURE FILM,"Daniel Roher, Odessa Rae, Diane Becker, Melanie Miller and Shane Boris",Navalny,True
2022,2023,95,DOCUMENTARY SHORT FILM,Kartiki Gonsalves and Guneet Monga,The Elephant Whisperers,True
2022,2023,95,DOCUMENTARY SHORT FILM,Evgenia Arbugaeva and Maxim Arbugaev,Haulout,False
2022,2023,95,DOCUMENTARY SHORT FILM,Jay Rosenblatt,How Do You Measure a Year?,False
2022,2023,95,DOCUMENTARY SHORT FILM,Anne Alvergue and Beth Levison,The Martha Mitchell Effect,False
2022,2023,95,DOCUMENTARY SHORT FILM,Joshua Seftel and Conall Jones,Stranger at the Gate,False
2022,2023,95,FILM EDITING,Mikkel E.G. Nielsen,The Banshees of Inisherin,False
2022,2023,95,FILM EDITING,Matt Villa and Jonathan Redmond,Elvis,False
2022,2023,95,FILM EDITING,Paul Rogers,Everything Everywhere All at Once,True
2022,2023,95,FILM EDITING,Monika Willi,Tár,False
2022,2023,95,FILM EDITING,Eddie Hamilton,Top Gun: Maverick,False
2022,2023,95,INTERNATIONAL FEATURE FILM,Germany,All Quiet on the Western Front,True
2022,2023,95,INTERNATIONAL FEATURE FILM,Argentina,"Argentina, 1985",False
2022,2023,95,INTERNATIONAL FEATURE FILM,Belgium,Close,False
2022,2023,95,INTERNATIONAL FEATURE FILM,Poland,EO,False
2022,2023,95,INTERNATIONAL FEATURE FILM,Ireland,The Quiet Girl,False
2022,2023,95,MAKEUP AND HAIRSTYLING,Heike Merker and Linda Eisenhamerová,All Quiet on the Western Front,False
2022,2023,95,MAKEUP AND HAIRSTYLING,"Naomi Donne, Mike Marino and Mike Fontaine",The Batman,False
2022,2023,95,MAKEUP AND HAIRSTYLING,Camille Friend and Joel Harlow,Black Panther: Wakanda Forever,False
2022,2023,95,MAKEUP AND HAIRSTYLING,"Mark Coulier, Jason Baird and Aldo Signoretti",Elvis,False
2022,2023,95,MAKEUP AND HAIRSTYLING,"Adrien Morot, Judy Chin and Annemarie Bradley",The Whale,True
2022,2023,95,MUSIC (Original Score),Volker Bertelmann,All Quiet on the Western Front,True
2022,2023,95,MUSIC (Original Score),Justin Hurwitz,Babylon,False
2022,2023,95,MUSIC (Original Score),Carter Burwell,The Banshees of Inisherin,False
2022,2023,95,MUSIC (Original Score),Son Lux,Everything Everywhere All at Once,False
2022,2023,95,MUSIC (Original Score),John Williams,The Fabelmans,False
2022,2023,95,MUSIC (Original Song),Music and Lyric by Diane Warren,Tell It like a Woman,False
2022,2023,95,MUSIC (Original Song),Music and Lyric by Lady Gaga and BloodPop,Top Gun: Maverick,False
2022,2023,95,MUSIC (Original Song),"Music by Tems, Rihanna, Ryan Coogler and Ludwig Goransson; Lyric by Tems and Ryan Coogler",Black Panther: Wakanda Forever,False
2022,2023,95,MUSIC (Original Song),Music by M.M. Keeravaani; Lyric by Chandrabose,RRR,True
2022,2023,95,MUSIC (Original Song),"Music by Ryan Lott, David Byrne and Mitski; Lyric by Ryan Lott and David Byrne",Everything Everywhere All at Once,False
2022,2023,95,BEST PICTURE,"Malte Grunert, Producer",All Quiet on the Western Front,False
2022,2023,95,BEST PICTURE,"James Cameron and Jon Landau, Producers",Avatar: The Way of Water,False
2022,2023,95,BEST PICTURE,"Graham Broadbent, Pete Czernin and Martin McDonagh, Producers",The Banshees of Inisherin,False
2022,2023,95,BEST PICTURE,"Baz Luhrmann, Catherine Martin, Gail Berman, Patrick McCormick and Schuyler Weiss, Producers",Elvis,False
2022,2023,95,BEST PICTURE,"Daniel Kwan, Daniel Scheinert and Jonathan Wang, Producers",Everything Everywhere All at Once,True
2022,2023,95,BEST PICTURE,"Kristie Macosko Krieger, Steven Spielberg and Tony Kushner, Producers",The Fabelmans,False
2022,2023,95,BEST PICTURE,"Todd Field, Alexandra Milchan and Scott Lambert, Producers",Tár,False
2022,2023,95,BEST PICTURE,"Tom Cruise, Christopher McQuarrie, David Ellison and Jerry Bruckheimer, Producers",Top Gun: Maverick,False
2022,2023,95,BEST PICTURE,"Erik Hemmendorff and Philippe Bober, Producers",Triangle of Sadness,False
2022,2023,95,BEST PICTURE,"Dede Gardner, Jeremy Kleiner and Frances McDormand, Producers",Women Talking,False
2022,2023,95,PRODUCTION DESIGN,Production Design: Christian M. Goldbeck; Set Decoration: Ernestine Hipper,All Quiet on the Western Front,True
2022,2023,95,PRODUCTION DESIGN,Production Design: Dylan Cole and Ben Procter; Set Decoration: Vanessa Cole,Avatar: The Way of Water,False
2022,2023,95,PRODUCTION DESIGN,Production Design: Florencia Martin; Set Decoration: Anthony Carlino,Babylon,False
2022,2023,95,PRODUCTION DESIGN,Production Design: Catherine Martin and Karen Murphy; Set Decoration: Bev Dunn,Elvis,False
2022,2023,95,PRODUCTION DESIGN,Production Design: Rick Carter; Set Decoration: Karen O'Hara,The Fabelmans,False
2022,2023,95,SHORT FILM (Animated),Charlie Mackesy and Matthew Freud,"The Boy, the Mole, the Fox and the Horse",True
2022,2023,95,SHORT FILM (Animated),Amanda Forbis and Wendy Tilby,The Flying Sailor,False
2022,2023,95,SHORT FILM (Animated),João Gonzalez and Bruno Caetano,Ice Merchants,False
2022,2023,95,SHORT FILM (Animated),Sara Gunnarsdóttir and Pamela Ribon,My Year of Dicks,False
2022,2023,95,SHORT FILM (Animated),Lachlan Pendragon,An Ostrich Told Me the World Is Fake and I Think I Believe It,False
2022,2023,95,SHORT FILM (Live Action),Tom Berkeley and Ross White,An Irish Goodbye,True
2022,2023,95,SHORT FILM (Live Action),Anders Walter and Rebecca Pruzan,Ivalu,False
2022,2023,95,SHORT FILM (Live Action),Alice Rohrwacher and Alfonso Cuarón,Le Pupille,False
2022,2023,95,SHORT FILM (Live Action),Eirik Tveiten and Gaute Lid Larssen,Night Ride,False
2022,2023,95,SHORT FILM (Live Action),Cyrus Neshvad,The Red Suitcase,False
2022,2023,95,SOUND,"Viktor Prášil, Frank Kruse, Markus Stemler, Lars Ginzel and Stefan Korte",All Quiet on the Western Front,False
2022,2023,95,SOUND,"Julian Howarth, Gwendolyn Yates Whittle, Dick Bernstein, Christopher Boyes, Gary Summers and Michael Hedges",Avatar: The Way of Water,False
2022,2023,95,SOUND,"Stuart Wilson, William Files, Douglas Murray and Andy Nelson",The Batman,False
2022,2023,95,SOUND,"David Lee, Wayne Pashley, Andy Nelson and Michael Keller",Elvis,False
2022,2023,95,SOUND,"Mark Weingarten, James H. Mather, Al Nelson, Chris Burdon and Mark Taylor",Top Gun: Maverick,True
2022,2023,95,VISUAL EFFECTS,"Frank Petzold, Viktor Müller, Markus Frank and Kamil Jafar",All Quiet on the Western Front,False
2022,2023,95,VISUAL EFFECTS,"Joe Letteri, Richard Baneham, Eric Saindon and Daniel Barrett",Avatar: The Way of Water,True
2022,2023,95,VISUAL EFFECTS,"Dan Lemmon, Russell Earl, Anders Langlands and Dominic Tuohy",The Batman,False
2022,2023,95,VISUAL EFFECTS,"Geoffrey Baumann, Craig Hammack, R. Christopher White and Dan Sudick",Black Panther: Wakanda Forever,False
2022,2023,95,VISUAL EFFECTS,"Ryan Tudhope, Seth Hill, Bryan Litson and Scott R. Fisher",Top Gun: Maverick,False
2022,2023,95,WRITING (Adapted Screenplay),"Screenplay - Edward Berger, Lesley Paterson & Ian Stokell",All Quiet on the Western Front,False
2022,2023,95,WRITING (Adapted Screenplay),Written by Rian Johnson,Glass Onion: A Knives Out Mystery,False
2022,2023,95,WRITING (Adapted Screenplay),Written by Kazuo Ishiguro,Living,False
2022,2023,95,WRITING (Adapted Screenplay),Screenplay by Ehren Kruger and Eric Warren Singer and Christopher McQuarrie; Story by Peter Craig and Justin Marks,Top Gun: Maverick,False
2022,2023,95,WRITING (Adapted Screenplay),Screenplay by Sarah Polley,Women Talking,True
2022,2023,95,WRITING (Original Screenplay),Written by Martin McDonagh,The Banshees of Inisherin,False
2022,2023,95,WRITING (Original Screenplay),Written by Daniel Kwan & Daniel Scheinert,Everything Everywhere All at Once,True
2022,2023,95,WRITING (Original Screenplay),Written by Steven Spielberg & Tony Kushner,The Fabelmans,False
2022,2023,95,WRITING (Original Screenplay),Written by Todd Field,Tár,False
2022,2023,95,WRITING (Original Screenplay),Written by Ruben Östlund,Triangle of Sadness,False
2022,2023,95,JEAN HERSHOLT HUMANITARIAN AWARD,,,True
2022,2023,95,HONORARY AWARD,"To Euzhan Palcy, a masterful filmmaker who broke ground for Black women directors and inspired storytellers of all kinds across the globe.",,True
2022,2023,95,HONORARY AWARD,"To Diane Warren, for her genius, generosity and passionate commitment to the power of song in film.",,True
2022,2023,95,HONORARY AWARD,"To Peter Weir, a fearless and consummate filmmaker who has illuminated the human experience with his unique and expansive body of work.",,True
2022,2023,95,GORDON E. SAWYER AWARD,Iain Neil,,True
2022,2023,95,AWARD OF COMMENDATION,To Ryan Laney for his innovative adaptation and deployment of AI-driven facial veiling technology used to protect the identities while preserving the visual relatability of subjects in documentary filmmaking as exemplified in Welcome to Chechnya (2020).,Welcome to Chechnya,True
2023,2024,96,ACTOR IN A LEADING ROLE,Bradley Cooper,Maestro,False
2023,2024,96,ACTOR IN A LEADING ROLE,Colman Domingo,Rustin,False
2023,2024,96,ACTOR IN A LEADING ROLE,Paul Giamatti,The Holdovers,False
2023,2024,96,ACTOR IN A LEADING ROLE,Cillian Murphy,Oppenheimer,True
2023,2024,96,ACTOR IN A LEADING ROLE,Jeffrey Wright,American Fiction,False
2023,2024,96,ACTOR IN A SUPPORTING ROLE,Sterling K. Brown,American Fiction,False
2023,2024,96,ACTOR IN A SUPPORTING ROLE,Robert De Niro,Killers of the Flower Moon,False
2023,2024,96,ACTOR IN A SUPPORTING ROLE,Robert Downey Jr.,Oppenheimer,True
2023,2024,96,ACTOR IN A SUPPORTING ROLE,Ryan Gosling,Barbie,False
2023,2024,96,ACTOR IN A SUPPORTING ROLE,Mark Ruffalo,Poor Things,False
2023,2024,96,ACTRESS IN A LEADING ROLE,Annette Bening,Nyad,False
2023,2024,96,ACTRESS IN A LEADING ROLE,Lily Gladstone,Killers of the Flower Moon,False
2023,2024,96,ACTRESS IN A LEADING ROLE,Sandra Hüller,Anatomy of a Fall,False
2023,2024,96,ACTRESS IN A LEADING ROLE,Carey Mulligan,Maestro,False
2023,2024,96,ACTRESS IN A LEADING ROLE,Emma Stone,Poor Things,True
2023,2024,96,ACTRESS IN A SUPPORTING ROLE,Emily Blunt,Oppenheimer,False
2023,2024,96,ACTRESS IN A SUPPORTING ROLE,Danielle Brooks,The Color Purple,False
2023,2024,96,ACTRESS IN A SUPPORTING ROLE,America Ferrera,Barbie,False
2023,2024,96,ACTRESS IN A SUPPORTING ROLE,Jodie Foster,Nyad,False
2023,2024,96,ACTRESS IN A SUPPORTING ROLE,Da'Vine Joy Randolph,The Holdovers,True
2023,2024,96,ANIMATED FEATURE FILM,Hayao Miyazaki and Toshio Suzuki,The Boy and the Heron,True
2023,2024,96,ANIMATED FEATURE FILM,Peter Sohn and Denise Ream,Elemental,False
2023,2024,96,ANIMATED FEATURE FILM,"Nick Bruno, Troy Quane, Karen Ryan and Julie Zackary",Nimona,False
2023,2024,96,ANIMATED FEATURE FILM,"Pablo Berger, Ibon Cormenzana, Ignasi Estapé and Sandra Tapia Díaz",Robot Dreams,False
2023,2024,96,ANIMATED FEATURE FILM,"Kemp Powers, Justin K. Thompson, Phil Lord, Christopher Miller and Amy Pascal",Spider-Man: Across the Spider-Verse,False
2023,2024,96,CINEMATOGRAPHY,Edward Lachman,El Conde,False
2023,2024,96,CINEMATOGRAPHY,Rodrigo Prieto,Killers of the Flower Moon,False
2023,2024,96,CINEMATOGRAPHY,Matthew Libatique,Maestro,False
2023,2024,96,CINEMATOGRAPHY,Hoyte van Hoytema,Oppenheimer,True
2023,2024,96,CINEMATOGRAPHY,Robbie Ryan,Poor Things,False
2023,2024,96,COSTUME DESIGN,Jacqueline Durran,Barbie,False
2023,2024,96,COSTUME DESIGN,Jacqueline West,Killers of the Flower Moon,False
2023,2024,96,COSTUME DESIGN,Janty Yates and Dave Crossman,Napoleon,False
2023,2024,96,COSTUME DESIGN,Ellen Mirojnick,Oppenheimer,False
2023,2024,96,COSTUME DESIGN,Holly Waddington,Poor Things,True
2023,2024,96,DIRECTING,Justine Triet,Anatomy of a Fall,False
2023,2024,96,DIRECTING,Martin Scorsese,Killers of the Flower Moon,False
2023,2024,96,DIRECTING,Christopher Nolan,Oppenheimer,True
2023,2024,96,DIRECTING,Yorgos Lanthimos,Poor Things,False
2023,2024,96,DIRECTING,Jonathan Glazer,The Zone of Interest,False
2023,2024,96,DOCUMENTARY FEATURE FILM,"Moses Bwayo, Christopher Sharp and John Battsek",Bobi Wine: The People's President,False
2023,2024,96,DOCUMENTARY FEATURE FILM,Maite Alberdi,The Eternal Memory,False
2023,2024,96,DOCUMENTARY FEATURE FILM,Kaouther Ben Hania and Nadim Cheikhrouha,Four Daughters,False
2023,2024,96,DOCUMENTARY FEATURE FILM,"Nisha Pahuja, Cornelia Principe and David Oppenheim",To Kill a Tiger,False
2023,2024,96,DOCUMENTARY FEATURE FILM,"Mstyslav Chernov, Michelle Mizner and Raney Aronson-Rath",20 Days in Mariupol,True
2023,2024,96,DOCUMENTARY SHORT FILM,Sheila Nevins and Trish Adlesic,The ABCs of Book Banning,False
2023,2024,96,DOCUMENTARY SHORT FILM,John Hoffman and Christine Turner,The Barber of Little Rock,False
2023,2024,96,DOCUMENTARY SHORT FILM,S. Leo Chiang and Jean Tsien,Island in Between,False
2023,2024,96,DOCUMENTARY SHORT FILM,Ben Proudfoot and Kris Bowers,The Last Repair Shop,True
2023,2024,96,DOCUMENTARY SHORT FILM,Sean Wang and Sam Davis,Nai Nai & Wài Pó,False
2023,2024,96,FILM EDITING,Laurent Sénéchal,Anatomy of a Fall,False
2023,2024,96,FILM EDITING,Kevin Tent,The Holdovers,False
2023,2024,96,FILM EDITING,Thelma Schoonmaker,Killers of the Flower Moon,False
2023,2024,96,FILM EDITING,Jennifer Lame,Oppenheimer,True
2023,2024,96,FILM EDITING,Yorgos Mavropsaridis,Poor Things,False
2023,2024,96,INTERNATIONAL FEATURE FILM,Italy,Io Capitano,False
2023,2024,96,INTERNATIONAL FEATURE FILM,Japan,Perfect Days,False
2023,2024,96,INTERNATIONAL FEATURE FILM,Spain,Society of the Snow,False
2023,2024,96,INTERNATIONAL FEATURE FILM,Germany,The Teachers' Lounge,False
2023,2024,96,INTERNATIONAL FEATURE FILM,United Kingdom,The Zone of Interest,True
2023,2024,96,MAKEUP AND HAIRSTYLING,"Karen Hartley Thomas, Suzi Battersby and Ashra Kelly-Blue",Golda,False
2023,2024,96,MAKEUP AND HAIRSTYLING,"Kazu Hiro, Kay Georgiou and Lori McCoy-Bell",Maestro,False
2023,2024,96,MAKEUP AND HAIRSTYLING,Luisa Abel,Oppenheimer,False
2023,2024,96,MAKEUP AND HAIRSTYLING,"Nadia Stacey, Mark Coulier and Josh Weston",Poor Things,True
2023,2024,96,MAKEUP AND HAIRSTYLING,"Ana López-Puigcerver, David Martí and Montse Ribé",Society of the Snow,False
2023,2024,96,MUSIC (Original Score),Laura Karpman,American Fiction,False
2023,2024,96,MUSIC (Original Score),John Williams,Indiana Jones and the Dial of Destiny,False
2023,2024,96,MUSIC (Original Score),Robbie Robertson,Killers of the Flower Moon,False
2023,2024,96,MUSIC (Original Score),Ludwig Göransson,Oppenheimer,True
2023,2024,96,MUSIC (Original Score),Jerskin Fendrix,Poor Things,False
2023,2024,96,MUSIC (Original Song),Music and Lyric by Diane Warren,Flamin' Hot,False
2023,2024,96,MUSIC (Original Song),Music and Lyric by Mark Ronson and Andrew Wyatt,Barbie,False
2023,2024,96,MUSIC (Original Song),Music and Lyric by Jon Batiste and Dan Wilson,American Symphony,False
2023,2024,96,MUSIC (Original Song),Music and Lyric by Scott George,Killers of the Flower Moon,False
2023,2024,96,MUSIC (Original Song),Music and Lyric by Billie Eilish and Finneas O'Connell,Barbie,True
2023,2024,96,BEST PICTURE,"Ben LeClair, Nikos Karamigios, Cord Jefferson and Jermaine Johnson, Producers",American Fiction,False
2023,2024,96,BEST PICTURE,"Marie-Ange Luciani and David Thion, Producers",Anatomy of a Fall,False
2023,2024,96,BEST PICTURE,"David Heyman, Margot Robbie, Tom Ackerley and Robbie Brenner, Producers",Barbie,False
2023,2024,96,BEST PICTURE,"Mark Johnson, Producer",The Holdovers,False
2023,2024,96,BEST PICTURE,"Dan Friedkin, Bradley Thomas, Martin Scorsese and Daniel Lupi, Producers",Killers of the Flower Moon,False
2023,2024,96,BEST PICTURE,"Bradley Cooper, Steven Spielberg, Fred Berner, Amy Durning and Kristie Macosko Krieger, Producers",Maestro,False
2023,2024,96,BEST PICTURE,"Emma Thomas, Charles Roven and Christopher Nolan, Producers",Oppenheimer,True
2023,2024,96,BEST PICTURE,"David Hinojosa, Christine Vachon and Pamela Koffler, Producers",Past Lives,False
2023,2024,96,BEST PICTURE,"Ed Guiney, Andrew Lowe, Yorgos Lanthimos and Emma Stone, Producers",Poor Things,False
2023,2024,96,BEST PICTURE,"James Wilson, Producer",The Zone of Interest,False
2023,2024,96,PRODUCTION DESIGN,Production Design: Sarah Greenwood; Set Decoration: Katie Spencer,Barbie,False
2023,2024,96,PRODUCTION DESIGN,Production Design: Jack Fisk; Set Decoration: Adam Willis,Killers of the Flower Moon,False
2023,2024,96,PRODUCTION DESIGN,Production Design: Arthur Max; Set Decoration: Elli Griff,Napoleon,False
2023,2024,96,PRODUCTION DESIGN,Production Design: Ruth De Jong; Set Decoration: Claire Kaufman,Oppenheimer,False
2023,2024,96,PRODUCTION DESIGN,Production Design: James Price and Shona Heath; Set Decoration: Zsuzsa Mihalek,Poor Things,True
2023,2024,96,SHORT FILM (Animated),Tal Kantor and Amit R. Gicelter,Letter to a Pig,False
2023,2024,96,SHORT FILM (Animated),Jerusha Hess and Jared Hess,Ninety-Five Senses,False
2023,2024,96,SHORT FILM (Animated),Yegane Moghaddam,Our Uniform,False
2023,2024,96,SHORT FILM (Animated),Stéphanie Clément and Marc Rius,Pachyderme,False
2023,2024,96,SHORT FILM (Animated),Dave Mullins and Brad Booker,WAR IS OVER! Inspired by the Music of John & Yoko,True
2023,2024,96,SHORT FILM (Live Action),Misan Harriman and Nicky Bentham,The After,False
2023,2024,96,SHORT FILM (Live Action),Vincent René-Lortie and Samuel Caron,Invincible,False
2023,2024,96,SHORT FILM (Live Action),Lasse Lyskjær Noer and Christian Norlyk,Knight of Fortune,False
2023,2024,96,SHORT FILM (Live Action),Nazrin Choudhury and Sara McFarlane,"Red, White and Blue",False
2023,2024,96,SHORT FILM (Live Action),Wes Anderson and Steven Rales,The Wonderful Story of Henry Sugar,True
2023,2024,96,SOUND,"Ian Voigt, Erik Aadahl, Ethan Van der Ryn, Tom Ozanich and Dean Zupancic",The Creator,False
2023,2024,96,SOUND,"Steven A. Morrow, Richard King, Jason Ruder, Tom Ozanich and Dean Zupancic",Maestro,False
2023,2024,96,SOUND,"Chris Munro, James H. Mather, Chris Burdon and Mark Taylor",Mission: Impossible - Dead Reckoning Part One,False
2023,2024,96,SOUND,"Willie Burton, Richard King, Gary A. Rizzo and Kevin O'Connell",Oppenheimer,False
2023,2024,96,SOUND,Tarn Willers and Johnnie Burn,The Zone of Interest,True
2023,2024,96,VISUAL EFFECTS,"Jay Cooper, Ian Comley, Andrew Roberts and Neil Corbould",The Creator,False
2023,2024,96,VISUAL EFFECTS,"Takashi Yamazaki, Kiyoko Shibuya, Masaki Takahashi and Tatsuji Nojima",Godzilla Minus One,True
2023,2024,96,VISUAL EFFECTS,"Stephane Ceretti, Alexis Wajsbrot, Guy Williams and Theo Bialek",Guardians of the Galaxy Vol. 3,False
2023,2024,96,VISUAL EFFECTS,"Alex Wuttke, Simone Coco, Jeff Sutherland and Neil Corbould",Mission: Impossible - Dead Reckoning Part One,False
2023,2024,96,VISUAL EFFECTS,"Charley Henley, Luc-Ewen Martin-Fenouillet, Simone Coco and Neil Corbould",Napoleon,False
2023,2024,96,WRITING (Adapted Screenplay),Written for the screen by Cord Jefferson,American Fiction,True
2023,2024,96,WRITING (Adapted Screenplay),Written by Greta Gerwig & Noah Baumbach,Barbie,False
2023,2024,96,WRITING (Adapted Screenplay),Written for the screen by Christopher Nolan,Oppenheimer,False
2023,2024,96,WRITING (Adapted Screenplay),Screenplay by Tony McNamara,Poor Things,False
2023,2024,96,WRITING (Adapted Screenplay),Written by Jonathan Glazer,The Zone of Interest,False
2023,2024,96,WRITING (Original Screenplay),Screenplay - Justine Triet and Arthur Harari,Anatomy of a Fall,True
2023,2024,96,WRITING (Original Screenplay),Written by David Hemingson,The Holdovers,False
2023,2024,96,WRITING (Original Screenplay),Written by Bradley Cooper & Josh Singer,Maestro,False
2023,2024,96,WRITING (Original Screenplay),Screenplay by Samy Burch; Story by Samy Burch & Alex Mechanik,May December,False
2023,2024,96,WRITING (Original Screenplay),Written by Celine Song,Past Lives,False
2023,2024,96,JEAN HERSHOLT HUMANITARIAN AWARD,,,True
2023,2024,96,HONORARY AWARD,"To Angela Bassett, who has inspired audiences around the world with her powerful and fearless performances.",,True
2023,2024,96,HONORARY AWARD,"To Mel Brooks, for his comedic brilliance, producing acumen and expansive body of work.",,True
2023,2024,96,HONORARY AWARD,"To Carol Littleton, whose commitment to her craft has significantly elevated the art of film editing.",,True
