page_number,content
1,"Peppa Pig 第一季
1 Muddy puddles
This is my little brother, George.
This is Mummy Pig.
And this is Daddy Pig.
Peppa pig.
Muddy Puddles.
It is raining today.
So, Peppa and George cannot play outside.
Daddy, it's stopped raining.
Can we go out to play?
Al right, run along you two.
Peppa loves jumping in muddy puddles.
I love muddy puddles.
Peppa. If you jump in muddy puddles, you must wear your
boots.
Sorry, Mummy.
George likes to jump in muddy puddles, too.
George. If you jump in muddy puddles, you must wear
your boots.
Peppa likes to look after her little brother, George.
George, let's find some more puddles.
Peppa and George are having a lot of fun.
Peppa has found a little puddle.
George has found a big puddle.
Look, George. There's a really big puddle.
George wants to jump into the big puddle first.
Stop, George.
I must check if it's safe for you.
Good. It is safe for you.
Sorry, George. It's only mud.
Peppa and George love jumping in muddy puddles.
Come on, George.
Let's go and show Daddy.
Goodness me.
Daddy. Daddy.
Guess what we've been doing.
Let me think...
Have you been watching television?
No. No. Daddy.
Have you just had a bath?

I know. You've been jumping in muddy puddles.
Yes. Yes. Daddy. We've been jumping in muddy puddles.
Ho. Ho. And look at the mess you're in.
Oooh...
Oh, well, it's only mud.
Let's clean up quickly before Mummy sees the mess.
Daddy, when we've cleaned up, will you and Mummy
Come and play, too?
Yes, we can all play in the garden.
Peppa and George are wearing their boots.
Mummy and Daddy are wearing their boots.
Peppa loves jumping up and down in muddy puddles.
Everyone loves jumping up and down in muddy puddles.
Oh, Daddy pig, look at the mess you're in.
It's only mud.
I'm Peppa Pig.
This is my little brother, George.
This is Mummy Pig.
2 Mr. Dinosaur is Lost.
George's favourite toy is Mr. Dinosaur. DineDine SawSaw.
George loves Mr. Dinosaur. Grrrrrrrrrrrrrrrr..
Sometimes, George Iikes to scare Peppa with Mr. Dinosaur.
Grrrrrrrrrrrrrrrrrrrr. Eeek. Too scary.
At suppertime,
Mr. Dinosaur sits next to George.
I beg your pardon.
Was that you George, or was it Mr. Dinosaur?
DineDine SawSaw.
At bath time,
George shares his bath with Mr. Dinosaur. Grrrrrrrrrrrrr.
Goodnight, Peppa. Goodnight, Mummy. Goodnight,
George.
And goodnight, Mr. Dinosaur. Grrrrrrrrr.
When George goes to bed,
Mr. Dinosaur is tucked up with him.
George's favourite game is throwing Mr. Dinosaur up in
the air...
Wheeeeeee. ...and Catching him when he falls back down.
Wheeeee.
Peppa and Daddy Pig are playing draughts.
I win, Daddy.
Oh, WeIIDine Sawdone , Peppa. Whhhhaaaaaaaaaaa.
George? Whaaaaaaaaa.
George, what's the matter? DineDine SawSaw..."
2,"George has lost Mr. Dinosaur.
Don't worry George.
We'll find Mr. Dinosaur. It's a job for a detective.
Daddy, what is a deDine SawteChDine Sawtiff?
A detective is a very important person
Who is good at finding things.
Me. Me. I'm good at finding things.
Alright. Peppa is the detective.
George. I am the deDine SawteChDine Sawtiff.
I will help you find Mr. Dinosaur.
Maybe the detective should ask
George some simple questions.
George? Where's Mr. Dinosaur? Whaaaaaaaaaa.
George does not know where Mr. Dinosaur is.
The detective could try and guess where Mr. Dinosaur
might be.
I know. I know where he is.
George always has Mr. Dinosaur ith him in the bath.
So Mr. Dinosaur is in the bath.
Mr. Dinosaur is not in the bath.
Oh. I know.
I know where Mr. Dinosaur is.
George always has Mr. Dinosaur in his bed at night.
So that's where he is.
Mr. Dinosaur is not in George's bed.
Oh.
Maybe we should try the garden.
Yes, the garden.
I was going to say that.
Where is Mr. Dinosaur?
Mr. Dinosaur is very hard to find.
Oh. Mr. Dinosaur isn't anywhere.
George? You do love to throw Mr. Dinosaur in the air...
I wonder if this time you threw Mr. Dinosaur just a bit too
high.
There he is. There he is.
I saw him first. WeIIDine Sawdone, Peppa.
You really are a very good detective. DineDine SawSaw.
Grrrrrrrrrr. George is so happy to have Mr. Dinosaur back
again.
Wheeeeeeeeee.
Maybe it isn't a good idea to play with dinosaurs near
trees.
DineDine Sawsaw.

3 Polly Parrot
Peppa and her family are visiting Granny Pig and Grandpa
Pig.
Granny Pig! Grandpa Pig! Ganggy Ig! Baba Ig!
Hello, my little ones. Come inside,
We have a surprise.
What is it?
We have a new pet.
Can you guess What it is?
Dine-saw?
No, it's not a dinosaur. Come and see.
Granny Pig and Grandpa Pig have a pet parrot.
Peppa, George, this is our pet parrot.
She's called Polly.
Pretty Polly. Pretty Polly. Oooh. WoW.
I'm a clever parrot. I'm a clever parrot.
Mummy, Why does Polly copy everything that Granny
says?
That's what parrots do. I'll show you.
Hello, Polly. Hello, Polly.
What a sweet little parrot! What a sweet little parrot!
Come on, everyone, tea time!
Peppa, George. Come on!
There's chocolate cake!
Coming, Granny!
Peppa and George love eating chocolate cake.
But today, they are in a hurry to get back and play with
Polly Parrot.
Finished!
What noisy little ones you are!
Granny, please, can we leave the table and go and see
Polly Parrot?
Are sure you've completely finished your cake?
Off you go, then.
Hurray!
George, say something to Polly.
George is a little bit shy.
Hello. Hello.
Peppa and George are really enjoying playing with Polly
Parrot.
I'm Peppa Pig!
I'm Peppa Pig!
George, say something. Peppa and George are pretending
to be parrots.
I'm Polly Parrot,"
3,"I'm a noisy parrot! I'm a noisy parrot!
Peppa, George, have you been playing with Polly?
Yes, Granny. Polly is such a sweet parrot.
Yes, Granny.
I'm a clever parrot. I'm a noisy parrot! I'm a noisy parrot!
Ohh! Oh, my word!
I'm Peppa Pig. This is my little brother, George.
4 Best Friend.
Peppa is waiting for her best friend, Suzy Sheep.
HeIIo, Suzy!
Baaaa! HeIIo, Peppa.
Suzy Sheep has come to play with Peppa.
Peppa loves Suzy.
Suzy loves Peppa.
They are best friends.
Peppa, why don't you and Suzy go and play in your
bedroom?
Yes, Mummy!
George wants to play, too.
Peppa and Suzy love playing in Peppa's bedroom.
So does George.
No, George.
This game is just for big girls.
Go and play with your own toys.
Peppa and Suzy want to play on their own.
I'm a tiny little fairy princess!
I'm going to wave my magic Wand... and turn you into a
frog!
George doesn't like playing on his own.
George wants to play, too.
No, George!
I'm playing with Suzy...
You'll have to play somewhere else.
George wants to play with Peppa.
He feels a bit lonely.
George, I need some help!!
I'm making chocolate chip cookies!!
Someone needs to lick out the bowl.
George likes helping Mummy make cookies.
But he likes playing with Peppa more.
Baaaa! I want to be a nurse!
I want to be a doctor.
But who's gonna be the sick person?

Peppa and Suzy love playing doctors and nurses.
So does George.
Peppa listens to George's chest.
Now, George, take a big breath in... then cough.
Mm, I think your heart's a bitloose...
...I'II put a plaster on it.
Baa! Open wide, please.
Suzy takes George's temperature.
Oh, dear, you're very, very hot.
I think you have to stay in bed for three years.
Daddy Pig has come to find George.
Oh, no! What's Wrong With George?
Don't Worry, Daddy.
It's only a game.
George is our patient.
Oh, I see.
Can the patient have a visitor?
Just for a little While.
He might get tired.
Cookies!!!
Yes, they're for George.
They're his medicine to make him feel better.
Um, excuse me, doctor,
Can you help me?
I have a sore tummy.
That tickles!
I can hear it rumbling.
I think you're hungry, Daddy.
Then I think I need lots of cookies to make me better.
And me!
And me!
And me! Baa
I'm Peppa Pig.
This is my IittIe brother, George.
5 Hide and Seek
Peppa and George are playing hide and seek.
It is George's turn to hide.
He must quickly find somewhere to hide before Peppa
finishes counting!
One... two... three...four... five... six... seven...
George has found somewhere to hide,
eight... just in time!
nine... ten... Ready or not.
Here I come!"
4,"Found you!
Peppa has found George.
George, I could see you too easily.
Now it is Peppa's turn to hide.
One... erm... three.
I'II help George to count.
One... two... three...four... five...six... seven... eight...nine...
ten!
Okay, George, open your eyes!
George has to find Where Peppa is hiding.
Oh.
Peppa isn't hiding under the table.
George, have you thought of looking upstairs?
Peppa isn't under the bed.
What was that strange noise?
Peppa isn't behind the curtain.
There is that strange noise again!
What can it be?
Whee !
George has found where
Peppa was hiding.
George found me!
Now it's Daddy's turn to hide!
Oh, I think George should have another turn.
But George isn't very good at hiding...
I'm sure he'll be better this time.
Close your eyes and start counting.
One... two...three... Oh, dear.
Peppa will easily find George. four...five...six... George!
Come over here... seven...eight... nine... ten!
Ready or not, here I come!
Oh, George isn't hiding under the table!
But George always hides under the table!
Have you thought of looking upstairs?
I know where he is!
George is in the toy basket.
Oh.
George is not in the toy basket!
Where can he be?
Peppa can not find George anywhere.
Daddy? I can't find George anywhere.
Oh, dear, I wonder where he can be.
Actually, I think there's something about George in this
newspaper...
Whee...
George! Found you!

George was hiding behind
Daddy Pig's newspaper all the time!
I'm Peppa Pig.
This is my little brother, George.
6 The Playgroup
Peppa and George are going to the playgroup.
It is George's first day.
George, are you looking forward to the playgroup?
Daddy, maybe George is too small to go to my playgroup?
He'll be fine, Peppa.
There'll be you and Mr. Dinosaur there to keep him
company.
Grrr! Dine-Saw!
But I want to play with the big children!
Not George and his toy dinosaur.
Oh dear, Peppa doesn't Want George to go to her
playgroup.
We're here!
Daddy, are you sure George is big enough?
He'll be fine.
Alright, he can come.
Bye bye.
Madame Gazelle looks after the children at the playgroup.
Hello! This is my
Iittle brother, George.
Hello, George.
Baa! I Wish I had a little brother like George.
Really?
Hello! I'm Danny Dog.
Woof woof! Is that a dinosaur?
It's just a toy dinosaur.
Grrr! Dine-Saw!
Brilliant! Woof woof!
Dine-Saw! Grrr!
Aaaaaggghh!
Dine-SaW! Grrr!
Aaaah, reaIIy scary.
That's brilliant!
George is my brother.
He's brilliant.
Peppa is proud of her
IittIe brother, George.
ShaII we show George how we paint pictures?"
5,"WeII, maybe you could heIp him?
Yes, I'm very good!
I wiII show him how to paint a flower.
George, today I'm going to teach you how to paint a
fIower.
First, you paint a big circIe.
No, George, that's the Wrong color.
Now you paint the fIower's petals.
George! That's the Wrong shape!
Now you paint the stalk and the leaves.
Perfect!
George, you've done it all wrong!
Now what do we have here?
I've painted a fIower.
That's very good, Peppa.
And George has painted a dinosaur.
Grrr... Dine-SaW!
Woof! BriIIiant!
I think George and Peppa's pictures
shouId go on the Wall.
Hurray!
Peppa, you must be very proud of your little brother.
Yes, I am.
It is home time and the children's parents are here to pick
them up.
Can George come next time?
Yes, and he can paint us another lovely picture.
And what wiII you paint next time, George?
Dine-Saw! Grrr!
Another dinosaur picture?
Well maybe you can show us all how to paint a dinosaur?
Woof! Brilliant!
Yes! BriIIiant!
Bri-y-ant!
7 Mummy Pig at Work
Mummy Pig is working on her computer.
Daddy Pig is making soup for lunch.
Daddy? Can We go and Watch mummy on her computer?
Yes, as Iong as you don't disturb her.
She has a Iot of important work to do today.
Thank you, Daddy!
Mummy Pig has a lot of important work to do.
Mummy. Can George and I sit on your lap and watch you
work?

Peppa and George love to watch mummy work on the
computer.
Mummy? Can We play that computer game,
''HappyMrs.Chicken''?
We can play ''Happy Mrs. Chicken'' later.
But now I have to Work.
Mummy? Can We heIp you Work?
No, Peppa! You mustn't touch the computer.
And George, you mustn't touch the computer, either.
Yes, George. You mustn't do this.
Peppa, stop!
Sorry, Mummy.
I was just showing George what not to do.
Oh, dear. The computer is not meant to do that.
Daddy Pig! Daddy Pig!!
What is it, Mummy Pig?
Daddy Pig, can you mend the computer?
Err...
I'II finish the Iunch whiIe you mend the computer.
Err... Right. you are, Mummy Pig,
but I'm not very good with these things...
Oh, thank you, Daddy Pig!
Daddy Pig is going
to mend the computer!
Hmm. Hmmm. Hmm.
Um. Maybe if I just switch if off... And then switch it on
again...
Daddy Pig has mended the computer!
Hurray, Daddy!
Yes, I am a bit of an expert at these things.
Daddy? Can We play that computer game, ''Happy Mrs.
Chicken?''
Maybe you should ask Mummy Pig.
Mummy said that we could play it later.
WeII, that's okay, then.
But I don't know where the disc is.
Yippeeee!
Now, it's my turn!
Now, it's my turn!
What on earth is going on?
Well, I see that the computer is working again.
I'm Peppa Pig. This is my littIe brother, George.
8 Camping!
Peppa and her famiIy are going camping."
6,"We're here.
Hurray!
Peppa, George, this is the tent I had When I Was a IittLe
boy!
Daddy? HoW are you going to make that into a tent?
Don't Worry, Peppa!
I'm an expert at camping!
Mummy Pig, put the tent on the poles, please.
That's it!
Easy as pie!
Oh!
Do these pegs do anything?
Of course!
I forgot about the pegs!
The pegs hold the tent up.
There!
The tent is a bit Iittle.
It was big enough for me
When I was a boy.
But it does look a bit small now..
That's because you've grown a bit since you were a boy,
Daddy Pig!
And your tummy has grown the most of all!
TaIking of tummies,
We shouId cook supper!
Yes! Yes!
First, We have to collect sticks to make a fire.
Yipee!
Peppa and George are helping Daddy Pig collect sticks for
the campfire.
George, I'll pick up the sticks and you can carry them.
Collecting sticks is fun!
Good. That's enough sticks.
That's a splendid campfire!
Now I'll Iight it.
Here are the matches.
We don't need matches!
Daddy, how can you Iight it without matches?
I'm going to make fire the old way, by simply rubbing these
two sticks together!
Daddy Pig is rubbing the two sticks together to light the
campfire.
Where is the fire, Daddy?
NearIy there...
Hurray!
Easy as pie!

What is that sound?
That is the sound of crickets chirping.
What is that?
That's an owl.
Look! There it is!
WoW...
And What's that noise?
Oh, I'm not sure.
It's Daddy's tummy!
My tummy rumbling is one of the best sounds of nature!
It means it's time to eat!
I Iove tomato soup!
So do I!
There's another one of Daddy Pig's sounds of nature!
Eh? What?
Come on, children, into the tent, it's bedtime.
We won't allfit in!
The tent is too Iittle!
It will be fine!
In you go!
Move further in, Mummy Pig!
Daddy, you're too big for the tent!
Never mind, I'd rather sleep outside anyway.
Goodnight, Daddy Pig!
Goodnight, Daddy!
Night! Night!
Goodnight, everyone!
Mummy Pig, Peppa and George are sleeping in the tent.
Daddy Pig is sleeping outside, under the stars.
Ahh! I Iove camping!
SIeeping in the open air with the stars above me!
Maybe this Wasn't such a good idea after all...brrrrrr
It is morning.
Daddy! It was lovely and cozy in the tent!
Oh... Where's Daddy?
Daddy Pig has gone!
Poor Daddy Pig. He must have been cold and wet.
And now where is he?
What's that sound?
It sounds like snoring!
Daddy Pig!
What?
Daddy, you're safe!
Of course I'm safe!
I'm an expert at camping!
I slept in the car."
7,"9 Gardening!
Peppa and George are playing at
Granny Pig and Grandpa Pig's house.
Grandpa! Catch! Catch!
What's this? Dine-SaW! Grrrrr! A dinosaur!
Grandpa, What are you doing?
I'm planting these seeds.
Seeds? What do seeds do?
Seeds groW into plants.
I just make a Iittle hole and put the seed in.
Then I cover it with earth and water it.
Everything in my garden grows from tiny seeds like these.
Even the big apple tree?
Oh! Yes!
This tiny seed... wiII grow into a little apple tree, like this.
Oooh.
And that Iittle apple tree will growinto a big appIe tree like
this.
Ouch! Mmmm !
And inside this apple are more seeds.
To make more apple trees! ExactIy!
Grandpa! Grandpa!
I lant to plant a seed!
Would you like to plant
a stralberry seed?
Yes, please!
This seed will grow into a lovely strawberry plant.
First, make a Iittle hole. Then I put the seed in
and cover it with earth.
Shall I water it for you?
No! No! I want to water it.
Good! Now we wait for it to grow.
Peppa and George are waiting for the seed to grow.
It's not doing anything!
You wiII have to be patient, Peppa.
It Will take a long time to grow.
Peppa! George!
It's time to go home.
But we're waiting for my strawberry plant to grow!
I wanted strawberries for teas.
Don't worry, Peppa. Next time you come,
the seed wiII have grown into a plant.
And We wiII have strawberries!
Yes.
Come on, Peppa.

Bye bye, strawberry.
Grandpa Pig looks after Peppa's strawberry plant.
After many days, Grandpa Pig finds a tiny plant growWing.
Day by day, the plant grows bigger and bigger.
Then one day, Grandpa Pig finds something very special.
Strawberries!
Grandpa! We're back!
Peppa and George have come to play again.
Grandpa! Grandpa!
Did my plant grow?
Yes! Look!
Oooo! Strawberries!
Thank you, Grandpa!
Grandpa, can We plant something eIse?
Yes! Now, it's George's turn to choose.
Yes! You choose, George.
Choose... a carrot!
Grandpa, I think George wants to grow a carrot.
George, WouId you like to grow a carrot?
No!
What Would you Iike to grow?
George has thought of something he wants to grow.
Dine-Saw!
George Wants to grow a dinosaur tree!
SiIIy George!
Dinosaurs don't grow on trees.
Dine-saW. Grrrrr....
I'm Peppa Pig.
This is my Iittle brother, George.
10 bicycles
It is a loveIy, sunny day, and Peppa and George are riding
their bicycles.
That's a fine pumpkin, Daddy Pig!
Daddy Pig is very proud of his pumpkin.
Pumpkins are the onIy thing I can grow.
ProbabIy because I Iove pumpkin pie!
Come on, George.
Danny, Suzy, Rebecca!
Peppa and her friends, Danny Dog, Suzy Sheep and
Rebecca Rabbit,are riding their bicycles.
George is riding his tricycIe.
He's going so sIowly.
Let's race to Daddy Pig's pumpkin.
If We race to Daddy's Pumpkin,"
8,"Daddy Would be very sad if the pumpkin got broken.
Don't Worry, Peppa..
Race you!
Peppa and her friends are racing to Daddy Pig's pumpkin!
Hey! Watch out for my pumpkin!!
Hurray!
Peppa! Look out!
Daddy's Pumpkin!!!!
Sorry, Daddy!
Look at George!
He's going so slowIy!
George is still riding a baby bike!
Yours is a baby bike, too, Peppa!
You've still got stabilizers!
I can ride without my stabilizers.
Me, too.
And me.
Let's ride up the hill again!
Are you coming, Peppa?
No, I think I'll stay here.
See you later!
Bye!
Peppa wishes she did not have stabilizers on her bicycle.
Daddy, I don't want stabilizers anymore.
Do you think you can ride without them? Yes.
AIright, Peppa. Let's take them off.
Daddy Pig is taking the stabilizers off Peppa's bicycle.
Are you sure you want to ride without stabilizers?
Yes!
You've never done it before.
I can do it. I can! I can! Arrgh!
It's not funny!
Riding without stabilizers is not easy.
WouId you like some help, Peppa?
Yes, pIease, Daddy.
Alright. Ready... Steady... GO!
Don't Iet go, Daddy!
Don't worry. I've got you.
You're doing really well, Peppa.
HoId on, Daddy!
Just keep peddling.
Peppa is riding on her own,
Without stabilizers!
Daddy! You let go!
You've been cycling on your own for ages. Have I?
You're really very good at it! Am I?

Danny! Suzy! Rebecca! Look!
I don't need my stabilizers anymore! Look at me! Hurray!
Race you to Daddy's pumpkin! Wheeeee!
Peppa, look out my pumpkin!
I'm going to win!
Peppa isn't looking
Where she is going!
Wahhhh! Oops!
Oh, dear, Peppa has squashed
Daddy Pig's pumpkin!
Sorry I squashed your pumpkin, Daddy.
Never mind the pumpkin.
The important thing is that you are okay.
In future, you really must look where you are going.
I promise I will, Daddy.
Good. Anyway, now the pumpkin is broken,
I can make it into pumpkin pie!
I Iove pumpkin pie!
And because Daddy Pig's pumpkin is so big,
there wiII be enough pumpkin pie for everyone!
Hurray!
11 The New Car
The New Car!
Today, Peppa and her family
are going for a drive
in their red car.
Shall we have the roof down?
Yes, please!
Peppa and George love their car.
Is everybody ready?
Ready!
Then let's go!
I love our car!
And our car loves us, too!
Don't you?
Oh, dear, the car does not
sound very well.
Hmm!
What's wrong, Daddy?
Hmmm! Er... I don't know.
Let's take it to
Granddad Dog's Garage.
He can fix it.
That's a good idea, Mummy Pig."
9,"Granddad Dog runs the garage;
he is very good at mending cars.
Woof! Oh, dear, Daddy Pig!
Your car does not sound very well.
Can you fix it, please,
Granddad Dog?
Yes...
...but it will take all day.
Ohhh...
We wanted to go for a drive in our car.
Woof! Don't worry.
You can borrow this new car
while I fix yours.
Hurray!
Thank you, Granddad Dog.
Would you like the roof down?
Yes, please!
I'll just press this red button.
What a clever car!
Wow.
Woof! When you come back,
I will have fixed your car.
Thank you, Grandad Dog.
Goodbye.
Goodbye!
Bye bye!
Goodbye! Woof!
Peppa and her family
like the new blue car.
There are so many buttons
in this new car.
What does the green button do, Daddy?
Let's see.
Magic windows!
Daddy! Make the magic windows go down.
What does the blue button do?
I don't know. Let's see.
Arrgh!
I love this new car. Can we keep it?
No, we can't keep it, Peppa.
We've only borrowed it for today.
Ohh.
Oh, no, I think it's going to rain.
Yes, I'll just put the roof up.
Now, which is the button
to close the roof?

Arrgh!
The new car has squirted
Daddy Pig with water.
Silly Daddy, that's not the roof!
This button! Oops!
Not that one! This button!
Arrgh! Help!
Daddy Pig has forgotten
which button closes the roof.
I don't think this car likes me!
Let's try the red button.
Hurray!
But now it's stopped raining.
Can we open the roof again?
Er, yes. Which button was it?
The red one! Hurray!
Granddad Dog has fixed the car.
Your car is fixed.
Hurray!
Thank you, Granddad Dog,
and keep the change.
Thank you, Daddy Pig.
Woof! Woof! Goodbye!
Goodbye!
Goodbye!
Bye bye!
Ahhh! It's good to get
our old car back again!
I liked the new car
but I like our old car better.
And I think our old car
likes us, too. Don't you?
12 snow
Peppa and George are very excited today.
It is snowing outside!
Mummy! Can we go and play in the snow?
Yes, but it's very cold outside, so you must wrap up warm.
Hurray!
And don't forget to wear your hats, and scarves and
gloves.
It is very cold outside.
Peppa and George must wear their hats...and scarves...
and gloves.
Come on, George!"
10,"Peppa and George Iove making footprints in the snow!
Oops!
Oh, dear It's not funny!
George, let's play snowballs!
Peppa has made a snowball.
Peppa and George are having a lot of fun.
George, come back, you Iittle piggy!
Arrgh!
Oh, dear. Maybe this game is getting a Iittle too rough.
Sorry, George.
George! Let's build a snowman!
Peppa and George are making a snowman.
First, they make the body.
George, this is the snowman's body.
Now, they make the snowman's head.
Now, he needs arms and eyes and a mouth!
George has found some sticks for the snowman's arms.
Peppa has found some stones for the snoWman's eyes and
mouth.
This is his face. Now the snowman needs a nose.
Peppa has got a carrot, to make the snowman's nose.
The snowman looks very happy.
But maybe he is bit cold.
The snowman needs some clothes to keep him warm.
George has found some clothes to keep the snowman nice
and warm!
The snowman is wearing his hat... and scarf... and gloves.
Mummy! Daddy! Come and look!
Mummy Pig is wearing her hat and scarf and gloves.
That is the best snowman I have ever seen!
Daddy Pig looks quite coId.
He isn't wearing his hat and scarf and gloves.
Daddy, Why aren't you wearing your hat and scarf and
gloves?
I don't know where they are!
I can't find them anywhere.
I think I know where
Daddy's hat, scarf and gIoves are...
Daddy Pig's hat and scarf and gIoves
are on the snowman!
Oh!
13 flying a kite
It is a bright, sunny day.

They are going to fly a kite!
George is going to fly the kite first.
George runs as fast as he can.
But the kite won't fIy.
George! You're doing it all wrong!
You didn't run fast enough.
Now, it's my turn!
Peppa runs as fast as she can.
But the kite still won't fly.
The kite won't fly if there isn't any wind, no matter how
fast you run.
Oh!
We'll just have to wait, until the wind picks up a bit.
Oh!
Look, it's getting windy!
Now that it is Windy, the kite can fIy!
The wind is quite strong now.
The wind is very strong now!
George!
Wahhh!
Peppa!
Thank you, Daddy
Daddy Pig fIies the kite.
Hurray!
Higher, higher!
Daddy pig flies the kite very well.
Wow!
Yes, I am a bit of an expert at these things
Watch out for the trees! You might get the kite stuck in
one.
Don't worry;
I know what I'm doing.
Oh, dear. Daddy Pig has got the kite caught in a tree.
Oh, no!
Hmmm!
Don't worry, George.
Daddy will get the kite down.
Hurray!
Err... yes.
CarefuI! There's a big muddy puddle!
Peppa and George Iove to jump in muddy puddles.
Can We jump in the puddle?
Please!
No. I don't want you covered in mud.
Ohhhhhhhhh...
Stand back, children."
11,"PIease be carefuI! Just a bit further, Daddy!
Daddy Pig, you are much too heavy for that branch!
Nonsense! I know exactIy how heavy I am. There!
Hurray!
Daddy Pig has rescued the kite!
Whoa!
Oh, dear. Everyone is covered in mud.
It's onIy mud.
LuckiIy, Daddy Pig hasn't hurt himseIf.
And the kite is out of the tree!
Hurray!
Mummy... Now that we are all muddy, can We jump in the
puddle?
I suppose so. After all, you can't get any muddier...
And I think Daddy Pig is going to be doing the washing...
Oh!
Peppa and George love jumping up and doWn in muddy
puddles!
Mummy and Daddy love jumping up and down in muddy
puddles.
Everyone loves jumping .
Jumping up and doWn in muddy puddles up and down in
muddy puddles! is just as much fun as flying the kite!
14 My Cousin Chloe.
My Cousin Chloe!
Peppa and George are
playing in the garden.
To me, George!
You threw the ball too hard, George!
So the rules say,
I win!
Now it's my turn.
I win again!
Peppa, George. Today your big cousin,
Chloe is coming to visit!
Yippee! Cousin Chloe!
George, Chloe is a big girl,
like me.
So, don't be sad if she finds
you too Little to play with.
I'm sure Chloe
will play with both of you.
Chloe is here!
Aunty Pig has brought Chloe to

Chloe is Peppa and George's cousin.
Chloe is a bit older than
Peppa and George.
Hello, Chloe!
Hello, Peppa! Hello, George!
See you later!
Do you want to play a game?
Yes! Let's play
""Catch!""
Peppa loves playing ""Catch"".
Do you still play ""Catch""?
That's a game for Little children.
We only play ""Catch""
because George likes it.
Okay. Let's play it for George.
Do you play with the proper rules
or the baby rules?
Proper rules!
I'll start.
Peppa! You're ""it"".
Catch me if you can!
Peppa is ""it"". She has to
chase Chloe and George.
Can't catch me!
George!
I'm going to easily
catch you! You're so Little!
That's not fair!!
You're helping George!
That's because he's Little.
Do you want me to help you?
No! I don't need help.
I'm a big girl like you.
Come on, then, Peppa!
Try and catch us!
Can't catch us!
Can't catch us!
This is a silly game.
Can we play something else?
Okay, I know a really good
game for big children.
It's called ""Sly Fox""!
""Sly Fox""!!
I want to play ""Sly Fox""!!
What is it?
One person is the ""Sly Fox"""
12,"Me! Me! I want to
be the ""Sly Fox""!
Peppa is the ""Sly Fox"".
While her back is turned,
the others creep up on her.
But if Peppa turns and
sees someone move,
they have to go back to the start!
George, I saw you move!
Back to the start!
Got you! I win!
You moved before
I was ready!
The rules say I can
move when I like.
Don't they, George?
Now it's Chloe's turn
to be the ""Sly Fox"".
Peppa and George must
stay very still.
Whoaao!
Peppa! I saw you move!
Back to the start!
It's not fair!
You looked too long!
The rules say, I can look
as long as I want.
Back to the start.
George is the winner!
Can we play a different game?
Yes.
But as long as it's
a grown-up game.
I know!
Let's play my favorite game!
It's very grown-up!
George, do you know
what Peppa's
favorite game is?
Peppa's favorite game is
jumping up and down in muddy puddles!
George, if you jump in puddles,
you must wear your boots!
I've brought some boots
for you too, Chloe!
I'm too grown-up to jump

George loves jumping
in muddy puddles.
Secretly, Peppa would love
to jump in the puddle.
But she wants to look grown-up.
I hear there's some puddle
jumping going on!
Mummy Pig and Daddy Pig love
jumping in muddy puddles!
It does look fun.
Yes, it does.
Maybe there's a rule that says,
big girls can jump in
muddy puddles.
Yes! That's a good rule!
Race you!
Race you!
Peppa and Chloe love jumping up
and down in muddy puddles!
Everyone loves jumping up
and down in muddy puddles,
even grown-up girls!
15 Daddy Loses his Glasses.
I'm Peppa Pig
This is my IittIe brother, George.
This is Mummy Pig.
And this is Daddy Pig.
Peppa Pig.
Daddy Loses his GIasses!
Daddy Pig Wears gIasses.
He needs to Wear gIasses to see cIearIy.
When Daddy Pig Wears his gIasses,
everything Iooks fine.
But When Daddy Pig
takes his gIasses off...
...he can't see things cIearIy.
Everything Iooks a bit soft and fuzzy.
So, it is very important
that Daddy Pig knoWs
Where his gIasses are.
Sometimes, Daddy Pig
Ioses his gIasses.
Peppa, George. Have you seen
Daddy Pig's gIasses?"
13,"anyWhere.
No, Mummy.
Peppa and George do not knoW
Where Daddy Pig's gIasses are.
Oh, dear. Daddy Pig cannot
see a thing Without them
and it makes him very grumpy.
Without his gIasses on,
Daddy Pig cannot read
his neWspaper.
This is ridicuIous!
I can't see anything!
Somebody must have
put my gIasses someWhere.
Do you remember
Where you Iast put them,
Daddy Pig?
When I don't Wear them,
I aIWays put them
in my pocket.
But they aren't there noW.
Daddy! Can We heIp find
your gIasses?
Good idea, Peppa.
If you find them,
Daddy WiII stop
being so grumpy.
I'm not grumpy.
Peppa and George are
Iooking for Daddy's gIasses.
Peppa Iooks under the neWspaper.
But Daddy Pig's gIasses
are not there.
Oh.
George Iooks on
top of the teIevision.
But Daddy Pig's gIasses are not there.
Oh.
Let's Iook upstairs in
Mummy and Daddy's bedroom!
Peppa and George are Iooking in
Mummy and Daddy Pig's bedroom.
George... be carefuI not to
knock anything over.
Argh!
It's not funny.

are not there.
Oh.
George Iooks in
Daddy's sIippers.
But the gIasses
are not there, either.
Let's Iook in the bathroom!
Peppa and George are
Iooking in the bathroom.
The gIasses are not in the bath.
Oh.
The gIasses are not in the toiIet.
Oh.
Hmm ! It's too difficuIt.
Peppa and George cannot find
Daddy Pig's gIasses anyWhere.
We've Iooked everyWhere.
But We can't find Daddy's gIasses.
Oh, dear. NoW, What can We do?
I suppose I'II just have to
Iearn to do Without them...
If I move sIoWIy,
I Won't bump into things.
There they are!
Daddy's gIasses!
Daddy Pig. You Were
sitting on them aII the time!
Oh...
SiIIy Daddy!
I don't knoW hoW they got there.
I Wonder hoW!
WeII, you may have been a bit siIIy,
Daddy Pig, but at Ieast
you're not grumpy anymore!
I Was not grumpy.
I'm Peppa Pig. This
is my IittIe brother, George.
16 Hiccups.
I'm Peppa Pig.
This is my IittIe brother, George.
This is Mummy Pig.
And this is Daddy Pig.
Peppa Pig.
Hiccups!"
14,"are having breakfast.
It is a IoveIy, sunny day,
and Peppa and George can't Wait
to go into the garden to pIay.
Mummy, pIease,
can We go out to pIay?
You can go out to pIay
When you finish your breakfast.
George! Don't drink
your juice too quickIy!
George drank his juice too quickIy,
and noW he has hiccups.
Can We go out to pIay noW,
Mummy?
Not WhiIe George has hiccups.
But George's hiccups
have gone, Mummy.
Haven't they, George?
Oh, aIright, you can
go out and pIay.
But Iook after George.
Peppa and George Iove
pIaying in the garden.
George. I'm going to throW the baII,
and then you have to catch it.
George, pIease stop hiccupping!
George! NoW you
throW the baII to me,
and I have to catch it.
George!
Oh, dear, George's hiccups
are spoiIing the game.
George... I knoW
hoW to cure hiccups!
You have to do What I say.
Rub the top of your head
and rub your tummy!
Good! NoW your hiccups
have gone!
Peppa's cure for hiccups
doesn't seem to have Worked.
George! You have
done it aII Wrong!
I knoW a better Way
to cure hiccups!
First, jump up and doWn

up and doWn
and stick your tongue out!
... And noW...
cIose your eyes,
and turn around quickIy,
three times!
Peppa's neW cure hasn't Worked, either.
George stiII has hiccups.
I knoW!
To cure hiccups, the iII piggy
must be given a shock!
George, I'm going to scare you.
But you must remember,
it's onIy a game and
it WiII stop your hiccups.
Remember, this is
just pretend scaring.
Waaaaaaaaaaaaaaaaah!
Peppa! You mustn't
pIay so roughIy With George!
He's onIy IittIe.
Sorry, Mummy.
I Was just trying to stop
George's hiccups.
George's hiccups have gone!
Here comes Daddy Pig,
With tWo beakers of juice.
George! If you drink too quickIy,
you WiII get hiccups again!
I'm not as IittIe as George.
I can drink juice
as quickIy as I Want to!
I'm Peppa Pig.
This is my IittIe brother, George.
17 Picnic.
I'm Peppa Pig.
This is my IittIe brother, George.
This is Mummy Pig.
And this is Daddy Pig.
Peppa pig.
Picnic!
It is a IoveIy bright, sunny day.
Peppa and her famiIy are
going for a picnic!"
15,"picnic basket.
Picnic-bIanket, bread, cheese,
tomatoes and Iemonade.
Is there anything We've forgotten?
Mummy's straWberry cake!
I Was just teasing!
Mummy's home-made
straWberry cake is there, too.
Is everybody ready?
Ready!
Then Iet's go!
This Iooks Iike just the
spot for our picnic!
Hurray!
It's great to be outdoors!
We shouId run around a bit and get
some exercise!
I Want to eat, then
have a nap.
I certainIy don't Want to run around.
Maybe Daddy shouId run around a bit.
His tummy is quite big.
My tummy is not big.
But Iater, I WiII get some exercise,
even if no one eIse does.
Let's eat!
Good idea, Mummy Pig!
I'm reaIIy hungry!
Hmmm... deIicious!
Ahhhhh! I feeI quite sIeepy!
I thought you Wanted to run
around a bit, Daddy Pig?
Later...
Look! There's a IittIe duck pond!
Mummy, can We feed the ducks?
Yes, you can feed them the
rest of the bread.
Peppa and George Iove
feeding bread to ducks.
Mummy, I think
they Want some more.
That Was the Iast of the bread.
I'm sure they've had enough.
Sorry, Mrs. Duck,
We've no more bread.
The ducks Want more food.

You Iot again!
Peppa toId you;
there's no more bread!
Mummy, We do have
straWberry cake!
WeII, if there's any cake Ieft over,
you can give it to the ducks.
Everyone Iikes Mummy Pig's
home-made straWberry cake!
Eeek! A Wasp!
I hate Wasps! Shooooo!
What a fuss, Mummy Pig!
It's onIy a IittIe Wasp!
Go aWay, Wasp!
Just stay stiII, Mummy Pig.
Then it WiII fIy aWay.
There! You see,
aII you had to do is stay stiII!
Eh! Get aWay!
Scram! Whoa...
HeIp! Whooooaaa!
Shhooo! Get it off me!
Whoooa! Arrgh!
I hope the Wasp
doesn't sting Daddy.
Whooa! Get aWay, you IittIe pest!
No, Daddy is running too fast
for the Wasp to catch him.
Whoooa! Arrgh! Shooo!
Let's eat our cake
before the Wasp comes back.
Oh, no! We forgot to Ieave
any for the ducks!
I think I Iost it!
You said you WouId run around
and get some exercise,
Daddy Pig! But I didn't
beIieve you'd do it!
LuckiIy, I managed to hang on
to my sIice of straWberry cake!
Stop, Daddy!
We promised the rest of the cake
for the ducks!
Oh.
You are very Iucky ducks.
Say ''thank you'' to Daddy Pig."
16,"Say goodbye to the ducks.
Bye bye, ducks.
See you next time!
I'm Peppa Pig.
This is my IittIe brother, George.
18 Mummy Pigs Birthday.
I'm Peppa Pig.
This is my IittIe brother, George.
This is Mummy Pig.
And this is Daddy Pig.
Peppa pig.
Mummy Pig's Birthday!
Today is Mummy Pig's birthday.
Daddy Pig has made Mummy Pig
breakfast in bed.
Happy birthday, Mummy Pig!
Peppa and George have made Mummy Pig
a birthday card.
Happy Birthday, Mummy!
Ooh! What a IoveIy birthday surprise!
And there are more surprises to come!
Enjoy your birthday breakfast!
Take your time.
Mmm! Yummy!
Quick! We have to get
everything eIse ready!
Daddy Pig has made a birthday cake
for Mummy Pig.
We've just got to put
the candIes on!
One.. TWo
Here I come!
Mummy Pig has finished her
birthday breakfast.
Mummy's coming!
Oh, no. We're not ready yet.
Err. Who is it?
It's Mummy. Can I come in?
No! No!
Is there something secret going on?
Er, no, nothing's going on.
But you can't come in.
I see.
Mummy Pig, Why don't you

That sounds nice.
WeII, it is your birthday!
Ok, Peppa, I think I knoW
Where the sitting room is!
Here's a nice magazine.
Thank you, Peppa.
And here's some pretty music.
Thank you, Peppa.
We need the same number of candIes
as Mummy's age.
One... tWo... three...
Oh, dear. We haven't got
nearIy enough candIes.
Daddy? HoW oId is Mummy?
I'II Whisper it in your ear.
WoW! ReaIIy oId!
You knoW, I think
three candIes WiII be fine.
Mummy Pig's birthday cake is ready!
Hurray!
We just have to put up the decorations
in the sitting room.
HeIIo, Mummy!
Ah, there you aII are!
I Was getting a IittIe bored.
Mummy? WouId you Iike to
have a nice WaIk in the garden?
Do I have any choice?
Nope!
Bye bye, Mummy! Have a IoveIy WaIk!
We'II caII you
When it's safe to come back in.
I'd forgotten What hard Work
birthdays Were!
Daddy Pig, Peppa and George
are decorating the sitting room.
This is fun!
Granny and Grandpa Pig have
arrived for Mummy Pig's birthday.
Happy Birthday, Mummy Pig!
Aren't you coming inside?
Oh, I can't come in yet. Daddy Pig,
Peppa and George are doing secret
things for my birthday.
HoW IoveIy! See you Iater!
Bye!"
17,"I'd Iove to.
CIose your eyes!
Keep your eyes cIosed, Mummy!
One... tWo... three...
Open your eyes!
Happy Birthday, Mummy Pig!
What a IoveIy surprise!
BIoW the candIes out
and make a Wish!
Mummy, Mummy, open your present!
Can you guess What it is?
I've no idea!
Open it and see.
It's a beautifuI dress!
You're beautifuI, Mummy!
NoW you just need someWhere
nice to Wear it.
What's this?
TWo tickets to the theater! Tonight!
Thank you!
Mummy Pig Ioves going to the theater.
And Granny Pig and I are
going to baby-sit the IittIe ones.
Hurray!
What a super birthday!
I'm the Iuckiest Mummy
in the WhoIe WorId!
And the most beautifuI!
19 Dressing Up.
I'm Peppa Pig.
This is my IittIe brother, George.
This is Mummy Pig.
And this is Daddy Pig.
Peppa pig.
Dressing Up!
Peppa and George are pIaying in
Mummy and Daddy's bedroom.
What's this?
Peppa has found a box of oId cIothes.
WoW! This is Daddy's hat.
And this is Mummy's dress.
George! Let's dress up and
pretend to be Mummy and Daddy.
Here is Daddy's hat.

HeIIo, Daddy Pig.
NoW it's my turn.
This is Mummy's dress.
This is Mummy's hat.
Daddy Pig! Where are your shoes?
I need some shoes, too.
NoW I need to Iook beautifuI,
just Iike Mummy.
Peppa has found Mummy's make-up box.
Aha!
First, some poWder. LoveIy!
NoW for some Iipstick.
What a pretty Mummy Pig!
Come aIong, Daddy Pig.
It's time to go to Work.
Mummy is Working
on her computer.
HeIIo, Peppa.
HeIIo, George.
I beg your pardon?
Peppa, I Was just saying ''heIIo''.
I'm not Peppa Pig.
I'm Mummy Pig.
Oh, yes! Of course. HeIIo,
Mummy Pig.
HeIIo, and this is Daddy Pig.
George!
And heIIo to you, too, Daddy Pig.
Excuse me;
I've got a Iot of Work to do!
HeIIo? Yes, do this, do that.
No, thank you, goodbye.
Peppa is enjoying
pretending to be Mummy Pig.
But George is getting a bit bored.
Sorry, Daddy Pig, I'm nearIy
finished. There! AII done!
Come on, Daddy Pig, it's time
you did some Work.
Goodbye, Mummy Pig
and Daddy Pig.
Goodbye.
Daddy Pig is digging in the garden.
HeIIo, Peppa.
HeIIo, George.
I'm not Peppa! I'm Mummy Pig"
18,"That's very kind of you,
Daddy Pig.
NoW, be carefuI,
it's a very deep hoIe.
I do hope you are not digging
in your best cIothes, Daddy Pig.
I Want to make big snorts, too.
Ice cream, everyone.
Ice cream!
Peppa! George!
You must take off those
muddy cIothes before you eat.
I'm Mummy Pig and
this is Daddy Pig.
Are you sure?
Yes.
So, Where are Peppa and George?
We don't knoW.
Oh, WeII, that's a shame because I've got
their favorite ice cream here.
But if We can't find them,
then...
Here We are!
Peppa! George! There you are!
Yes, Mummy, We Were just
pretending to be you and Daddy.
You reaIIy had us fooIed!
20 The School Fete.
I'm Peppa Pig.
This is my IittIe brother, George.
This is Mummy Pig.
And this is Daddy Pig.
The SchooI Fete!
Today is the day of the schooI fete.
Peppa Ioves coming to the fete.
Here are Peppa's friends,
Candy Cat, Suzy Sheep,
Danny Dog, Rebecca Rabbit
and Pedro Pony.
HeIIo, everyone!
HeIIo, Peppa!
I Iove the schooI fete!
Me, too! What do you Iike best?
The face painting!

I Iike the bouncy castIe the best!
I Iike everything!
A very good choice, Peppa!
See you Iater, Peppa!
See you Iater!
George, What do you Iike best?
Dine-SaW! Grrr!
Oh, dear, there aren't any dinosaurs
at the fete, George.
Maybe We can get you a dinosaur baIIoon.
Are you sure they have
dinosaur baIIoons,
Daddy Pig?
I'm certain of it.
Can George and I get our
faces painted first?
Of course.
Miss Rabbit has painted
Peppa's friends as tigers!
There you are, Suzy!
NoW you Iook Iike a tiger!
Thank you, Miss Rabbit!
WoW! I Iike your face, Suzy.
Are you a pussycat?
No! I'm a tiger!
Peppa, WouId you Iike
your face painted?
Yes, pIease.
Can I be an eIephant?
Oh, dear, I don't knoW
hoW to do eIephants.
I can do tigers!
Yes, a tiger, pIease!
There you are, Peppa,
noW you're a tiger!
I'm a tiger!
George, What WouId you Iike to be?
Dine-saW! Grr!
A dinosaur?
Er, hoW about a tiger instead?
I'm good at tigers.
I'm a tiger!
So am I! Woof! Woof!
MeoW! Tigers don't say,
''Woof! Woof!''
HoW do you knoW?"
19,"Candy, pIease, can you teach
us hoW to be tigers?
Okay! Tigers creep very, very sIoWIy,
and then, they jump! Grrrr!
Tigers Iike to Iick
themseIves cIean.
But, best of aII, When tigers are happy...
they purr.
HeIIo, chiIdren. My goodness!
You're aII tigers!
And I'm teaching them
to be proper tigers. Grrr!
What do you IittIe tigers
Want to do next?
Dine-SaW!
That's right! We have to find George
a dinosaur baIIoon!
Let's get you aII baIIoons!
Hurray!
HeIIo, Madame GazeIIe!
We'd Iike some baIIoons, pIease.
CertainIy! I've got Iots of different ones.
Can I have an eIephant
baIIoon? PIease!
Here you are, Peppa!
Can I have a kangaroo?
A Iion, pIease!
A monkey, pIease!
A parrot, pIease!
Yes, I've got aII those!
Most important of aII,
We need a dinosaur baIIoon for George.
Oh, dear,
I do not seem to have
any dinosaur baIIoons.
Oh.
Don't Worry, George. I've got an idea.
CouId We have tWo of the
Iong baIIoons, pIease?
Watch this, everybody!
What is Daddy Pig doing
With the baIIoons?
There! Can anyone guess
What it is?
Is it a kangaroo?
No, it's a...

Daddy Pig has made a baIIoon dinosaur.
Grrrrrrrr! Dine-saW!
NoW, the bouncy castIe!
Peppa Ioves bouncing
on the bouncy castIe.
Everyone Ioves bouncing
on the bouncy castIe!
This is the best schooI fete, ever!
21 Musical Instruments.
I'm Peppa Pig.
This is my IittIe brother, George.
This is Mummy Pig.
And this is Daddy Pig.
Peppa pig.
MusicaI Instruments
Mummy Pig and Daddy Pig have
been tidying the house.
Mummy Pig and I
found this oId box in the attic!
Ooo!
Can anyone guess What's inside?
Hmmm, nope!
It's fuII of musicaI instruments!
WoW!
They are a bit oId and dusty.
This is the vioIin I used to pIay
When I Was IittIe!
Mummy? Can you pIay your vioIin?
I haven't pIayed it for a Iong time!
PIease, Mummy!
PIease pIay it!
I hope I haven't forgotten hoW...
Bravo!
Hurray!
Mummy? Can I pIay the vioIin?
HoId it Iike this.
Yes, Mummy.
Oh!
Oh, dear. I do not think it is
meant to sound Iike that.
George Wants to try.
HoId it Iike this, George.
Oh!
That does not sound quite right, either."
20,"Peppa! Maybe you WouId do better
With this tin drum,.
Thank you, Daddy.
That sounds better!
Peppa Ioves pIaying the drum.
LoveIy.
Yes, it sounds very nice.
This is Daddy Pig's oId accordion.
I used to pIay this to Mummy Pig
When We first met...
Oh... Daddy Pig. I remember this tune.
George Wants to pIay
the accordion, too!
Are you sure, George?
The accordion is quite difficuIt.
George. The a-cro-dion is aImost
as difficuIt to pIay as my drum.
Ok, George.
Oh!
Maybe George is a bit too IittIe
to pIay the accordion.
Daddy? What other instruments
are in the box?
Just this horn!
Can I try?
You have to bIoW it very hard!
That does not sound right.
It's impossibIe!
I think I used to be abIe to pIay it...
That reaIIy does not sound right.
Maybe it just needs someone
big and strong Iike me!
That does not sound right, either.
Peppa's right; it is impossibIe to pIay.
Never mind, Daddy Pig.
Just stick to the accordion.
You pIay it beautifuIIy!
WeII, I do pIay it quite niceIy,
even if I say so myseIf.
And I'II pIay my vioIin!
And I WiII pIay my drum!
Mummy Pig pIays the vioIin.
Daddy Pig pIays the accordion.
Peppa pIays the drum.
But What instrument WiII
George pIay?

Daddy couIdn't pIay it.
And even I couIdn't pIay it!
But George can pIay it.
I'm Peppa Pig.
This is my IittIe brother, George.
22 Babysitting.
I'm Peppa Pig.
This is my IittIe brother, George.
This is Mummy Pig.
And this is Daddy Pig.
Peppa pig.
Babysitting!
Mummy Pig and Daddy Pig
are going out for the evening.
Granny Pig and Grandpa Pig
are going to baby-sit.
Granny Pig, Grandpa Pig!
Ganggy Ig! Baba Ig!
HeIIo, my IittIe ones!
HeIIo.
Peppa, George.
Into your beds! Quick!
Goodnight, my IittIe piggies!
Goodnight. SIeep tight!
Goodnight, Mummy.
Goodnight, Daddy!
What IittIe darIings!
NoW go to sIeep quickIy.
Yes, Mummy.
So WeII behaved!
Mummy Pig and Daddy Pig are
Ieaving for their evening out.
Peppa and George are so good.
They just feII asIeep
When Mummy Pig toId them to!
This babysitting is easy!
George? George, are you aWake?
Shhh!
What strange noises.
I Wonder if We shouId
check upstairs...
Peppa, George?
Are you aWake?
WeII, I never, fast asIeep."
21,"George making aII that noise.
I can't hear anything.
I think they reaIIy have faIIen asIeep.
Let's Watch some teIevision.
Gardening. Today We are
taIking about ''Roses''.
Oh, I Iove
gardening programs!
The Gavesgate is a
particuIarIy thorny rose.
To prune it, start by
Iopping off the head
and then snip aWay
the budding shoots.
Granny Pig?
Peppa? George?
You shouId be in bed asIeep!
George and I
are not sIeepy at aII.
Can We Watch TV
With you?
WeII... I suppose Watching a IittIe TV
might make you sIeepy.
Hurray!
IceIandic Roses are a rare treat
for the discerning
horticuIturist.
But they are prone to Iobbing
in temperate habitats.
This program is very boring.
Grandpa Pig?
Can you pIay that game
Where you throW us up
and catch us?
Okay, but just one turn each!
Wheeeee!
PheW... You seem
heavier than before.
NoW it's
George's turn.
Wheeee!
My turn!
Wheee!
Higher! Higher!
Maybe Grandpa Pig
is a bit tired.

You're ''It''!
Catch us if you can!
Can't catch me!
I'm going to catch you!
Mummy Pig and Daddy Pig
are back home.
I hope our IittIe piggies
are asIeep.
HeIIo? Anyone here?
The IittIe piggies
are asIeep!
And so are the big piggies!
23 New Shoes.
I'm Peppa Pig. This is
my IittIe brother, George.
This is Mummy Pig.
And this is Daddy Pig.
Peppa pig.
NeW Shoes!
Peppa and George have been
pIaying in the garden.
Peppa, Where are your shoes?
Oh, I've Iost them.
WeII, I'm sure We can find them.
Maybe We shouId try the garden?
Yes!
Everyone is Iooking for
Peppa's shoes.
Mummy Pig is Iooking
in the fIoWerbed.
Peppa's shoes are not there.
Oh!
Daddy Pig is Iooking
in the WheeIbarroW.
Peppa's shoes are not there.
Oh!
Peppa and George Iook
in the fIoWerpots.
Peppa's shoes are not there, either.
Oh! Oh!
We've Iooked everyWhere,
but We can't find Peppa's shoes!
Peppa's shoes are Iost.
NoW I haven't got any shoes"
22,"Poor Peppa. Your shoes Were
getting a bit oId...
We'II buy you a neW pair!
Can my neW shoes be red, Mummy?
Of course, they can.
George! I'm going to have
neW red shoes!
Mummy Pig and Peppa are
at Miss Rabbit's shoe shop.
HeIIo, Miss Rabbit.
HeIIo, Mummy Pig.
We WouId Iike to buy some neW
shoes for Peppa, pIease.
Red Shoes!
Oh I'm sure We can find you
some IoveIy neW shoes, Peppa!
Red ones, pIease.
Of course, red ones.
WoW! NeW red shoes!
George and Daddy Pig are
pIaying draughts.
Oh, WeII done, George.
Daddy! Daddy!
Look at my neW shoes!
They are red!
I say! They are red.
Mummy, do you Iike
my neW shoes?
Yes, Peppa, they make you
Iook very smart.
George, do you Iike my neW shoes?
Everyone Iikes Peppa's neW shoes.
I Iike my neW shoes so much.
I don't Want to ever take them off.
It is bath time.
Peppa Wants to keep her
neW shoes on,
even for her bath.
Peppa is in her pajamas.
She stiII has her neW shoes on.
Peppa even Wants to Wear
her neW shoes in bed!
Peppa, are you sure
you don't Want to take your shoes off?
I don't Want to ever take
my neW shoes off, Mummy.

Goodnight, Daddy
Goodnight, my IittIe piggies!
It has been raining aII night
and noW the garden is very Wet.
Mummy Pig is Wearing her boots.
Daddy Pig is Wearing his boots.
George is Wearing his boots.
Peppa is stiII Wearing
her neW red shoes.
George is going to pIay
in the Wet grass.
Oh, dear. Peppa Ioves
pIaying in the Wet grass,
but she doesn't Want to get
her neW shoes Wet.
I can't pIay in the
Wet grass, George.
Oh.
George Ioves jumping in
muddy puddIes.
Peppa Ioves jumping in
puddIes,
but she doesn't Want
to get her neW shoes muddy.
Oh.
Mummy and Daddy Iove jumping
up and doWn in muddy puddIes!
Everyone Iikes jumping in muddy puddIes!
Where is Peppa going?
Peppa is putting on her boots!
Wheeeeee!
If you jump in muddy puddIes,
you must Wear your boots!
24 Ballet Lessons
Ballet Lesson!
Peppa is going to her
first ballet lesson.
This is Madame Gazelle,
the ballet teacher.
Ah, ho! You must be young Peppa!
I am Madame Gazelle!
Hello, Madame!
So sweet!
Welcome to your"
23,"I'll pick you up later!
Bye bye!
Enjoy yourself!
Here are Peppa's friends,
Candy Cat, Suzy Sheep, Danny Dog,
Rebecca Rabbit, and Pedro Pony.
Children, today we have
a new pupil, Peppa Pig!
Now Peppa, run and join your friends!
Hello, everyone!
Hello, Peppa!
Children! We begin
with demi-plier!
Demi-Plier. Now a
Little jump, petit jete.
With grace and beauty.
Petit jete!
Grace and beauty!
Petit jete!
Grace and beauty!
The ballet lesson
is a lot of fun!
Raise you arms!
Lmagine that you are
beautiful swans!
And what noise do you
think a swan might make?
Ah, ho.
Grace and beauty!
Peppa loves dancing!
Everyone loves dancing!
Mummy! Mummy!
We all danced as swans!
Peppa did very well!
I had to dance beautifully
and gracefully!
That's lovely!
Can I show you how I did it?
Let's get home first.
Then you can show Daddy Pig,
and George, and me.
Bye bye!
Peppa and Mummy Pig
are home!
Daddy! George!
I'm going to show you

It was easy for me.
But you, George, and Mummy
will find it very hard.
First, we need music.
Good. Now, George, Daddy and Mummy,
you must copy what I do.
Madame Gazelle used funny words.
But really, it's just bending
your knees and jumping.
Ah, the petit jete!
Daddy! You know the funny words!
Mummy Pig and I used
to be quite good at ballet!
Do be careful, Daddy Pig.
Our favorite was
the pas de deux!
Hoop-la!
Ooofff! That wasn't quite
how I remembered it.
Silly Daddy Pig!
Maybe we should
leave the ballet to Peppa!
Yes, I am the best at it!
I am a beautiful swan!
25 The Tooth Fairy
The Tooth Fairy!
Peppa and George are having
their favorite food --- spaghetti!
What a lot of noise!
Finished!
Ah, now we'll have a bit of quiet!
What's that?
It's a tooth!
Where did that come from?
Peppa, maybe you
should look in the mirror!
Oh!
It's my tooth! It's fallen out!
Don't worry, Peppa.
It's just a milk tooth -
They're meant to fall out.
Will I grow a new one, Mummy?
Yes, you will, Peppa.
It also means the Tooth Fairy"
24,"Tooth Fairy?
Yes, the Tooth Fairy.
If you put the tooth under
your pillow tonight,
the Tooth Fairy will come.
The Tooth Fairy will take the tooth.
And in its place,
she will leave a shiny coin!
When I grow up,
I want to be a Tooth Fairy!
And what would you like to be
when you grow up, George?
Dine-Saw!
A dinosaur!
Quick, George, it's bedtime!
We don't want to
miss the Tooth Fairy!
Before going to bed,
Peppa and George brush their teeth.
Peppa, what are you doing?
I'm brushing my tooth
so it is nice and clean
for the Tooth Fairy.
Peppa cannot wait to get into bed.
Peppa is putting her tooth
under the pillow
for the Tooth Fairy.
Goodnight, Peppa and George.
Goodnight, Mummy!
Goodnight, Daddy!
Goodnight, my Little piggies!
George, I'm not going to sleep!
Let's both stay awake all night
and see the Tooth Fairy!
This Tooth Fairy is very late!
The Tooth Fairy is taking
a long time to arrive.
Where is that Tooth Fairy?
What is that noise?
Is it the Tooth Fairy?
George, can you hear something?
Oh, George!
Oh, the noise is George.
He was so tired, he has fallen asleep.
George is not very good
at staying awake, but I am.

I'm not going to sleep...
The Tooth Fairy has arrived.
But Peppa is asleep.
Hello, Peppa.
Would you like this coin
in return for your tooth?
What a nice, clean tooth.
Thank you, Peppa, Goodnight.
Peppa, George, wake up.
It's morning.
What? I wasn't asleep!
Did the Tooth Fairy come?
No!
Let's take a look under your pillow.
Look, Peppa! The Tooth Fairy
has been and she's left you a coin!
Hurray!
You fell asleep, didn't you?
Well, maybe I fell asleep
just for a Little bit...
Next time, I will stay awake,
and I will see
the Tooth Fairy!
26 Treasure Hunt
Treasure Hunt!
Granny Pig and Grandpa Pig are
making a treasure hunt for
Peppa and Geroge.
Granny Pig is drawing the treasure map.
Grandpa Pig is burying the treasure
in a secret place in the garden.
Grandpa Pig! Have you finished?!
Peppa and George will be here soon!
No need to panic, Granny Pig!
Peppa and her family are here!
Quick, Grandpa Pig! They're here!
Almost done!
Grandpa Pig just finished in time!
Granny Pig! We're here!
Ganggy lg!
Hello, my Little ones!
Grandpa Pig!
Baba lg!
Ahoy there, me hearties!"
25,"made you a treasure hunt!
Somewhere in the garden
is buried treasure!
Wow! Treasure! Where is it?
You have to look for it.
Here's a treasure map for Peppa.
And George can wear my pirate hat.
Ahoy there, Captain George!
The map is a bit difficult.
Daddy, can you help?
Of course, Peppa.
I'm very good with maps.
Er. It is a bit difficult.
Daddy Pig,
you're holding the map upside down!
Yes, I thought as much.
It's easy! The red cross shows
where the treasure is!
But where in the garden are
those two apple trees?
Hmmm... I don't know.
Would you like a clue?
Yes, please!
The first clue is in a bottle.
But where is the bottle?
I can see it!
Peppa has found the first clue.
A message in a bottle.
Look, everyone!
Here's the bottle!
Well done, Peppa!
Let's see what the message says.
Oh it's a message from a pirate!
Mummy? Can you read
the pirate's message?
Hmm... This pirate has
very bad handwriting.
The pirate's handwriting is excellent.
No, I can't make it out at all.
The pirate has clearly written,
""Follow the arrows!""
Follow the arrows?
George has found the second clue!
Sticks in the shape of an arrow!
Look! They point this way!
Peppa and George are

Peppa has found the next clue. A key!
Well done, Peppa!
Now you just have to find
the treasure chest that it unlocks.
But there aren't any more clues.
Maybe you should take
another look at the map...
Look, Peppa, the map
has two apple trees on it.
Here's an apple tree!
And here's an apple tree!
So the treasure must be here!
Let's take a look!
Oh, dear. There doesn't
seem to be anything here...
Hang on! There is something here!
Wow! Treasure!
Hurray!
Well done! Well done!
I've got the key to open it!
Wow! I can't believe it!
Gold coins! They must be worth a fortune!
It's better than that!
They are not gold coins,
they are chocolate coins!
And there's a chocolate
coin for everybody.
Hurray!
Peppa and George love chocolate coins.
Everyone loves chocolate coins.
Granny, Grandpa,
this is the best treasure hunt ever!
27 Not Very Well.
I'm Peppa Pig.
This is my IittIe brother, George.
This is Mummy Pig.
And this is Daddy Pig.
Peppa pig.
Not Very WeII!
Mummy and Daddy Pig
have just made breakfast
for Peppa and George.
Breakfast is ready!
Peppa has red spots on her face!"
26,"Oh, dear, Peppa. You don't Iook very WeII.
Don't Worry. I'II ring Dr. BroWn-Bear.
Dr. BroWn-Bear speaking.
Peppa is not very WeII.
Her face is covered in red spots!
Put Peppa to bed and
I'II come straight round.
Dr. BroWn Bear has come to
make Peppa better.
HeIIo, Peppa, hoW are you today?
I am not very WeII.
Stick your tongue out, pIease.
Hmmm... It's not anything serious.
Peppa has just got a rash.
Do I need medicine?!
The rash WiII cIear up quickIy.
But if you Iike, I can give
you just a IittIe medicine.
Yes, pIease.
I'm afraid it doesn't taste very nice.
Open Wide, pIease.
Eeuuurgh! Disgusting!
You are a brave IittIe one
for taking it so WeII.
Peppa must stay in bed.
I'II caII back Iater
to check that she is better.
Can Peppa have visitors?
Oh, yes, she can have visitors.
The rash isn't catching. Goodbye!
Goodbye! Dr. BroWn Bear!
Mummy, can I get up noW?
Dr. BroWn Bear says that
you must stay in bed
for a IittIe bit, Peppa.
But it's so boring!
Dr. BroWn Bear did say
you couId have visitors.
Can Suzy Sheep visit me?
Suzy Sheep is Peppa's best friend.
I'II ring Suzy Sheep's mummy.
HeIIo, Mrs. Pig.
May Peppa taIk With Suzy, pIease?
HeIIo, Suzy!
HeIIo, Peppa.
I'm not very WeII.

Yes, Dr. BroWn Bear Was here!
He said I Was not very WeII
and that I Was very brave.
So are you reaIIy iII?
Yes, yes! It's not pretend!
I have to stay in bed!
Dr. BroWn Bear
gave me medicine that
tasted reaIIy horribIe!
I'm coming to see you!
I'm going to Wear my
nurse's outfit!!!
Suzy Sheep has come to see Peppa.
Suzy is Wearing her nurse's costume.
Danny Dog and Rebecca Rabbit
have come aIong, too.
HeIIo, Peppa!
HeIIo!
HoW do you feeI?
I am not very WeII, Suzy.
I have to stay in bed.
What can We do to make you better?
You couId get me some orange juice.
Ok!
Peppa seems to be quite enjoying herseIf.
Thank you, Suzy.
Do you feeI any better?
A IittIe bit. Danny,
Woof!
Ask my mummy
if I couId have some ice cream.
And Rebecca,
couId you bring me
some fIoWers from the garden?
Dr. BroWn Bear is here,
to see if Peppa is better.
Ah, good, the nurse is aIready here!
HoW is the patient?
Err... I'm not a reaI nurse,
it's just pretend.
I see. WouId you Iike me
to take a Iook myseIf?
Yes, pIease.
I say! No more red spots!
You're compIeteIy better!
Aren't I stiII a bit iII?"
27,"a IittIe bit more.
Hmm.. I fancy a game With this baII
in the garden!!
Who Wants to join me?
Me! Me! Me!
Me, too!
WeII, I never! A compIete
recovery!
I'm Peppa Pig.
This is my IittIe brother, George.
28 Windy Castle.
I'm Peppa Pig.
This is my IittIe brother, George.
This is Mummy Pig.
And this is Daddy Pig.
Peppa pig.
Windy CastIe!
Peppa and her famiIy are
going out for the day.
Peppa, George,
today We are going to
Windy CastIe!
What's Windy CastIe, Daddy?
It's a castIe on a very high hiII!
George Iikes castIes.
Windy CastIe sounds Iike
a boring thing for boys.
No, Peppa, you'II Iove it.
There's a great vieW
from the top of Windy CastIe.
You can even see Granny
and Grandpa's house!
WoW! Let's go!
I'II map-read and
Mummy Pig WiII drive.
Are you sure, Daddy Pig?
When you map-read,
We aIWays get Iost
and you get grumpy.
We WiII not get Iost
and I WiII not get grumpy.
Windy CastIe, here We come!
Are We nearIy there yet?
Not quite.

WouId you Iike
to pIay a game?
Yes, pIease. Let's pIay
''I Spy!''
Okay. I'II go first.
Daddy Pig has to secretIy
Iook at something
and the others have to guess What it is.
I spy With my IittIe eye,
something coIored ''red''.
Red? My dress!
That's red!
No. It's not your dress.
Hmmmm.
The car!
That's right!
Our red car.
My go. I spy With my IittIe eye,
something ''bIue''
Hmmm...
George's bIue shirt!
Nope.
Is it something in the car?
No. Give up?
Yes.
The sky! The bIue sky!
I Win.
Daddy Pig? Do you
knoW Where We are?
I knoW exactIy Where We are.
AIthough... this road
doesn't Iook the same
as it does on the map.
Oh, Daddy Pig!
We're Iost!
We are not Iost.
So hoW do We get to
Windy CastIe from here?
Just give me a moment.
Hmmmm!
I knoW, We can ring
Granny and Grandpa.
There's no need to ring
Granny and Grandpa.
I'II get us to Windy CastIe,
if it takes me aII day."
28,"Grandpa Pig,
We've got a bit Iost
on the Way to Windy CastIe.
Is Daddy Pig doing
the map-reading?
Yes, Daddy Pig is doing
the map-reading.
And he's a bit grumpy
at the moment.
I am not grumpy.
This is the best route:
keep on the main road
untiI you see Windy CastIe
up ahead.
Thank you, Grandpa Pig.
We foIIoW the main road
and Iook out for Windy CastIe.
As I thought.
Look!
Is that a castIe?
Yes! It's Windy CastIe!
Come on, car!
Come on, car! You can make it!
Hurray!
Peppa and her famiIy have
arrived at Windy CastIe.
WoW! It's so taII!
Let's go inside. The vieW
from the top is fantastic!
WoW!
Look at the vieW!
Mummy, is that Granny and
Grandpa's house?
Yes, it is!
It's so far aWay!
Let's take a Iook
through the teIescope.
Can I Iook first, pIease?
Yes, but you must Iet
George Iook next.
WoW!
The teIescope makes
everything Iook bigger.
I can see
Granny and Grandpa!
Look, George!

Granny and Grandpa Pig.
SiIIy George!
Granny and Grandpa are
too far aWay to see you Waving!
I knoW! We can ring them!
HeIIo?
Grandpa Pig! We can see you
from Windy CastIe!
Wave at us!
Granny and Grandpa
are Waving at us!
I Iove Windy CastIe!
I'm Peppa Pig.
This is my IittIe brother, George.
29 Pancakes.
I'm Peppa Pig.
This is my IittIe brother,George.
This is Mummy Pig.
And this is Daddy Pig.
Peppa pig.
Pancakes!
It is teatime.
And Mummy Pig has a
surprise for everyone.
Today is a day for pancakes!
Pancakes! DeIicious!
I Iove pancakes!
Everyone Ioves pancakes!
I'm the expert at
fIipping the pancakes over!
Leave that to me!
Are you sure,Daddy Pig?
Last time you got a bit grumpy
When you dropped the pancake on the fIoor.
I did not get grumpy.
There Was a probIem With the frying pan.
Mummy. Can We heIp make
the pancakes, pIease?
Yes. You can heIp me
make the batter.
First, I put some
fIour in the boWI.
Ooooo!
NoW, I add an egg."
29,"And I give it aII a stir.
Mummy, can I stir?
Yes, of course Peppa.
Peppa Ioves stirring.
George Wants to stir as WeII.
No, George, Iike this!
Ok, that's enough stirring.
You tWo sit at the tabIe
WhiIe I cook the pancakes.
Mummy Pig is going to fIip
the pancake over!
Hurray!
You couId fIip it higher,
Mummy Pig.
You can shoW us hoW,
When you fIip your oWn
pancake, Daddy Pig.
This first pancake is for George.
Mummy Pig pours a IittIe
syrup on George's pancake.
DeIicious!
This pancake is for Peppa.
Hurray!
Hmmm... you couId fIip it
higher, Mummy Pig.
You WiII get a chance
to shoW me
When you fIip you oWn
pancake, Daddy Pig.
Syrup, pIease!
Mmmmmm!
DeIicious!
This pancake is
for Mummy Pig.
Hurray!
You stiII aren't fIipping
them high enough,
Mummy Pig.
The next pancake is
yours, Daddy Pig.
So noW you can shoW us
hoW it shouId be done.
Mmmmmm!
DeIicious!
Is everyone Watching?
The secret of making

One... tWo... three...
hoopIa!
SiIIy Daddy!
Oh...maybe that Was
just a bit too high.
What a shame,
that Was the Iast pancake.
It shouId be a simpIe
matter to get it doWn.
Oh, dear. Daddy Pig cannot
reach his pancake.
Don't Worry, Daddy Pig,
I think I knoW a Way
to get it doWn.
Let's go upstairs, chiIdren.
This Way!
What is Mummy Pig
pIanning to do?
On the count of three,
We aII have to start
jumping up and doWn.
One... tWo... three...
jump!
What are they doing?
It Worked!
NoW Daddy Pig has his pancake.
Daddy has a pancake on his head!
Syrup on your pancake,
Daddy Pig?
Yes, pIease.
One... tWo... three...
hoopIa!
Mmmmmm!
DeIicious!
SiIIy Daddy.
I'm Peppa Pig.
This is my IittIe brother, George.
30 The Museum.
I'm Peppa Pig.
This is my IittIe brother, George.
This is Mummy Pig.
And this is Daddy Pig.
Peppa pig.
The Museum!"
30,"going to the museum.
Daddy, What is a museum?
It's a pIace fuII of interesting
things that are very oId.
OIder than you?
Yes, even oIder than me.
Ooooo!
ReaIIy oId.
There is one room fuII of things
that beIonged to kings and
queens from Iong ago.
I Want to see the king
and queen's room!
And there's another room
With a reaI dinosaur.
WoW! Dine-SaW!
Grrr.
HeIIo, Mummy Pig!
HeIIo, Ms. Rabbit
HoW many tickets, pIease?
TWo aduIts and
tWo chiIdren.
Dine-SaW!
Grrrr.
And a dinosaur!
Peppa Wants to see the
room fuII of things
that beIong to kings and
queens from Iong ago.
WoW!
Dine-SaW?
But George Wants to see
the reaI dinosaur.
Don't Worry, George.
We WiII see the dinosaur next.
Peppa, these are aII the things
that the queen had a Iong time ago.
This is the queen's speciaI chair.
It's caIIed a throne.
It's beautifuI!
This is the queen's dress.
It's so pretty!
Look, Peppa. This is the
queen's goIden croWn.
WoW! What IoveIy things!
Mummy, Where is the

No teIevision!
But they did have computers?
No, they didn't have
computers, either.
What did they do aII day?
Mummy, if I Was the queen,
I WouId eat as
much cake as I Wanted.
Peppa imagines being a queen.
Mmmmm... deIicious!
Is there anything eIse you
WouId care for, Queen Peppa?
Yes! More cake, pIease!
Of course.
Come on, everyone.
Coming, Daddy!
Daddy! I'm Queen Peppa!
You must boW When
you speak to me.
Oh! I'm most terribIy sorry,
your royaI highness.
And What do you do?
I'm your daddy.
Hmmm, that must be
very interesting.
Yes! It's very interesting!
And What room is this?
This is the dinosaur room.
The dinosaur room?
George! This is the
dinosaur room!
Dine-saW!
Where is the dinosaur?
He's someWhere in the room.
I can't see him.
He must be very smaII.
ActuaIIy, Peppa, he's very big!
WoW.
These are the bones of
a reaI dinosaur.
Dine-SaW!
ROOOAAARRR!
George imagines being
a big dinosaur.
It's a dinosaur!
HeIp! HeIp!"
31,"George's favorite room!
My favorite room is
the king and queen's room.
And it Iooks as if Daddy Pig
is aIready in his favorite room.
Which room is that,
Mummy?
The room With the cakes in.
Daddy Pig's favorite room
is the museum cafe.
Come on, tuck in!
Oh, yes! This is a very nice room!
I'm Peppa Pig.
This is my IittIe brother, George.
This is Mummy Pig.
And this is Daddy Pig.
Peppa pig.
Very Hot Day!
The sun is shining.
It is a very hot day.
What a IoveIy, hot day!
Peppa and George are
Wearing their boots!
They are going to jump
in muddy puddIes!
I Iove muddy puddIes.
31 Secrets.
I'm Peppa Pig.
This is my IittIe brother, George.
This is Mummy Pig.
And this is Daddy Pig.
Peppa pig.
Secrets.
Mummy Pig has made
a speciaI box for Peppa.
Peppa, this box is just for you!
Thank you, Mummy!
It's a secret box for you
to keep secret things in.
What things can I put in it,
Mummy?
OnIy you can
decide that, Peppa!
It's your secret box!

can put in it!
Good.
But don't teII me.
I Won't teII you
or George or Daddy!
It's a secret!!
George,
this is my secret box!
It's empty. I have to find
some things to put inside.
George Wants to
heIp Peppa.
No, George, onIy I must knoW
What's in the box.
You have to Wait outside
WhiIe I choose.
Peppa is going to choose some
secret things to put in the box.
NoW, my secret box is fuII!
George, you must not Iook inside!
George WouId Iike to knoW
What is inside
Peppa's secret box.
If you Iike,
you can try to guess.
Dine-SaW!
George thinks Peppa has
put a dinosaur in the box!
Oh, George!
You aIWays say ''dinosaur''
for everything!
AnyWay, a dinosaur
is too big to fit in the box.
George cannot guess What is
in Peppa's secret box.
Daddy Pig is
cIeaning a picture.
Daddy! This is my
secret box!
Mummy made it for me!
It's very nice, Peppa!
What's inside?
It's a secret!
George tried to guess,
but he didn't get it right.
Can I have a try?"
32,"No!!! Your gIasses are
on your head!
So they are!
SiIIy Daddy! You must
have a proper guess.
Ok. Have you put
Mummy's shoes in the box?
Nope! And that's aII your
guesses. Used up!
Peppa Iikes secrets!
Mummy! No one knoWs
What is in my box!
Oh. What has George got?
I made a box for George, too!
And he's fiIIed it
With secret things!
And onIy George knoWs
What's inside.
Oh.
Peppa WouId Iike to knoW
What is inside George's box.
It's George's toy dinosaur, of course!
No!
George's toy dinosaur
is not in George's box.
It's too difficuIt!
I'II never guess!
Peppa does not Iike secrets
as much as she used to.
Maybe, if you shoWed George
one thing from your box,
then he couId shoW you
one thing from his.
Ok. But We must do it
at the same time.
That's a good idea.
On the count of three,
you each shoW What's
in your boxes.
Ready?
Yes.
One... tWo... THREE!
George has a drum
and Peppa has a trumpet.
LoveIy!
Yes, it sounds very nice.

George has a custard doughnut!
Oh.
But Peppa's box
is empty.
I've got nothing eIse!
LuckiIy, I have!
Come on. Tuck in.
George, Peppa,
Mummy Pig and Daddy Pig
aII Iike custard doughnuts!
I don't have a speciaI box.
But I knoW a very good pIace
to hide my custard doughnut!
Can you guess Where?
Um. Are you going to
hide it in the fridge?
No! SomeWhere much more speciaI!
My tummy!
Mmmmmm! DeIicious!
I'm going to hide mine
in my tummy!
Me, too!
I'm Peppa Pig.
This is my IittIe brother, George.
32 Thunderstorm.
I'm Peppa Pig.
This is my IittIe brother, George.
This is Mummy Pig.
And this is Daddy Pig.
Peppa pig.
Thunderstorm
It is a IoveIy, sunny day.
Peppa and George are
having a picnic.
Here's some orange
juice for you, Teddy.
What do you say?
Thank you very much, Peppa!
You are very WeIcome, Teddy.
Here's some
orange juice for you,
Mr. Dinosaur.
And What do you say?
Grrrrrrrrrrr!"
33,"Mr. Dinosaur.
WouId Teddy or Mr. Dinosaur
Iike a cookie?
We're not very hungry.
So Peppa and George can
eat aII the cookies.
Thank you, Teddy.
What Was that strange noise?
Peppa, George! Quick,
come inside the house!
Mummy! There Was
a Ioud ''bang'' sound!
It's thunder, Peppa.
It means there WiII be
a thunderstorm With Iots of rain.
Quick! Into the house
before the rain starts!
No need to panic,
the rain is stiII a Iong Way off.
The sky is getting darker and darker.
There is going to be a thunderstorm.
Peppa, George,
did you bring aII your
toys in from the garden?
Dine-SaW.
Good, Mr. Dinosaur is safe.
Teddy! I Ieft Teddy in the garden!
He'II get Wet!
Don't Worry, Peppa.
Daddy Pig WiII rescue Teddy!
You'd better hurry,
Daddy Pig. It's
just about to rain!
I knoW aII about thunderstorms.
It Won't rain for ages.
As I thought,
pIenty of time
before it rains.
Poor Teddy!
He's soaking Wet!
Yes, poor Teddy!
Let's get him dry!
Poor Teddy!
There you are,
Teddy! AII dry!
What about poor Daddy?

Let's get you dry!
There you are,
Daddy Pig!
Nice and dry!
Oh!?
The rain is
coming in the house!
The fIoor is getting Wet!
Oh, dear! What can We do,
Daddy Pig?
Don't Worry.
Daddy Pig is using a bucket
to catch the drips.
WeII-done, Daddy Pig!
Easy as pie!
Er? What?
Quick! Find something eIse
to catch the Water!
WeII-done, Peppa!
Easy as pie!
Mummy! The thunder
bangs are very Ioud!
It's okay, chiIdren;
don't be frightened.
Let's count betWeen
each fIash and bang.
The higher We can count,
the further aWay
the thunderstorm is.
One... tWo...
three...
That's three.
One... tWo... three...
four... five...
That's five!
The thunderstorm is going aWay!
The thunderstorm is over!
Hurray!
The thunderstorm
has fiIIed the garden
With muddy puddIes!
Peppa Ioves jumping up
and doWn in muddy puddIes.
Everyone Ioves jumping up
and doWn in muddy puddIes.
I Iove thunderstorms,"
34,"33 Piggy in the Middle.
I'm Peppa Pig. This
is my IittIe brother, George.
This is Mummy Pig.
And this is Daddy Pig.
Peppa pig.
Piggy in the MiddIe!
George is pIaying With his
baII in the garden.
Peppa Wants to pIay, too.
George, you're doing it
aII Wrong!
This is hoW to catch a baII.
Not Iike this.
That's What you do.
What a cheeky
IittIe one, pig Peppa is.
George! Come back!
You IittIe piggy!
Maybe Peppa is teasing George
just a bit too much.
Peppa, have you
been teasing George?
Not reaIIy, Mummy, I Was
teaching him hoW to catch.
ReaIIy?
Oh, WeII, I knoW a game
that WiII teach George
hoW to catch.
It's caIIed ''Piggy-in-the-MiddIe''.
Peppa, you take the baII
and stand over there
and George,
you stand over there.
Good! You have to
throW the baII to each other
and I have to try and catch it.
I'm the piggy in the middIe.
Mummy is
the piggy in the middIe.
Catch, George!
Oh! Missed it!
George has caught the baII.
Hurray!
WeII done, George.

Oop! Try again.
Oh! Try again.
George can't throW the baII
past Mummy Pig.
Come on, George.
Give the baII to me.
Oop!
SiIIy George.
I can do that, too.
Oh!
Peppa Wants to copy George
but she's too big and
has got stuck.
I've got the baII. Peppa,
noW it's your turn to be piggy.
George! Catch!
Hurray!
Caught it! George,
you're the piggy!
George! Catch.
Catch the baII, George.
Catch, George.
George, catch.
Here's the baII
George.
Weeeeeeeeeee
Waaaaaaaaaaaaaa!
Oh, dear! Peppa, you shouIdn't
tease George Iike that.
Sorry, George!
What's aII the noise?
Daddy, George is too IittIe
to pIay ''Piggy in the middIe''.
Oh, I'm sure he's big enough.
No, he isn't, Daddy, Watch.
Catch it, George.
Hurray!
That's not fair!
Yes, it is. I just gave George
a heIping hand.
Mummy, can I have
a heIping hand?
Of course you can, Peppa.
To me! George!
Catch, George.
Peppa Ioves"
35,"catching the baII.
Everyone Ioves
catching the baII.
I'm Peppa Pig
This is my IittIe brother, George.
34 Fancy Dress Party
Fancy Dress Party!
Peppa and George are having
a fancy dress party.
All their friends
are invited.
Peppa is dressed as
a fairy princess.
And George is
dressed as a dinosaur.
Grrrr
Dine-saw!
Here are Peppa's friends,
Candy Cat, Suzy Sheep,
Danny Dog,
Rebecca Rabbit and Pedro Pony.
Suzy is wearing her
nurse's costume.
Hello, Suzy!
Hello, Mr. Pig!
I'm glad the nurse has arrived!
Have you just come from
the hospital?
Er, I'm not a real nurse.
It's just pretend.
Very good. My, my!
Who have we here?
Woof! Woof! I'm a pirate!
Shiver me timbers!
Meow! I'm a witch! I can
turn you into a frog.
Neigh! I'm a clown!
That's funny!
And what are you,
Rebecca Rabbit?
I'm a carrot.
Fantastic! Come in.
There's a fairy princess and a
dinosaur waiting to meet you.

Hello, Peppa!
Baa! Meow! Woof! Neigh!
Hello, Suzy,
I'm Princess Peppa.
You must bow
when you speak to me.
Hello, your majesty.
Baaa!
I'm Nurse Suzy!
Open wide and say ""ahhh"".
""Ahhh""!
Neigh... I'm a clown.
Do something funny!
Woof! Rebecca, why are you
dressed as a carrot?
I like carrots.
Grrrrrrr!
Dine saw!
A scary dinosaur!
Peppa is admiring herself
in the mirror.
Mirror, mirror on the wall,
who is the fairest
of them all?
You are, Peppa.
Meow!
Hello, Peppa.
Hello, I'm a
little fairy princess.
I'm a witch. Meow!
And I've got a magic wand!
I've got a magic wand, too!
I can turn you into a frog.
And I'll turn you into a frog.
Dine saw
Grrrrrrrrr!
Waaaaaaaaaaaa!!!
Oh, dear, George is scared
of his own reflection.
Silly George, look, it's
you in the mirror.
Grrrrr!
Children,
it's time to decide who has
the best fancy dress costume.
We need a judge."
36,"As it's Peppa's party,
maybe she should be the judge.
I'm the judge!
I'm the judge!
Daddy,
what is a ""judge""?
The ""judge"" decides who
has the best costume.
Oh, goody!
Peppa is going to choose
who has the best costume.
Suzy, can I see your
costume, please?
Baaa! I'm Nurse Suzy.
I make people better.
Very good, Nurse Suzy.
Now, Danny!
Woof! I'm a pirate!
Shiver me timbers!
Now, Candy.
Meow. I'm a witch.
I can turn you into a frog!
Well, I'm a fairy princess
and I can turn you into a frog!
Children!
Children!
Sorry, Mummy.
Who's next?
I'm a clown!
That's funny!
And Rebecca?
I'm a carrot.
Lovely.
And my little brother, George,
is a scary dinosaur.
Grrrrrrrrrrrrrr!
Everyone's costume is very good.
Hurray!
Baa! Meow! Woof! Neigh!
Now you say who the winner is.
Oh, yes! Uh hum!
And the winner is...
Me!
Peppa you can't pick yourself!
You're the judge!
Oh! Can't I?

Hurray!
Thank you.
Peppa loves fancy dress parties!
Everyone loves fancy dress parties!
35 Very Hot Day.
I'm Peppa Pig.
This is my IittIe brother, George.
This is Mummy Pig.
And this is Daddy Pig.
Peppa pig.
Very Hot Day!
The sun is shining.
It is a very hot day.
What a IoveIy, hot day!
Peppa and George are
Wearing their boots!
They are going to jump
in muddy puddIes!
I Iove muddy puddIes.
Oh!
Oh, dear! The sun is so hot
that the puddIes have dried up!
Mummy! Daddy!
The puddIes are aII dry and
We can't jump in them!
Never mind, Peppa.
It's so sunny,
you can pIay in the
paddIing pooI instead!
Yes! The paddIing pooI!
First, you have to change into
your sWimming costumes.
Yes, Mummy.
Peppa and George are Wearing
their sWimming costumes!
Mummy Pig is Wearing her
sWimming costume.
And Daddy Pig is Wearing his
sWimming costume!
Because it's so hot,
you need sun cream.
It's aII
oiIy and yucky!
Yuck!"
37,"Yes, We aII need
sun cream today.
Oh!
Come on, George.
Let's get some air into
this paddIing pooI!
Daddy Pig is pumping up
the paddIing pooI!
Easy as pie!
Peppa hoIds the hose
and Mummy Pig turns on the Water.
Where's the Water?
Wahhh!
Peppa and George Iove
their paddIing pooI.
Ice cream!
Ice cream!
Ms. Rabbit, the ice cream Iady!
Ice cream!
On very hot days,
Ms. Rabbit seIIs ice cream.
Mummy, Daddy!
Can George and I have
an ice cream, pIease?
Oh, WeII, I suppose it is
an especiaIIy hot day.
Hurray!
PIease, can I have one as WeII?
Everyone Iikes ice cream!
HeIIo, Mummy Pig,
Peppa and George.
HeIIo, Ms. Rabbit.
What ice creams
WouId you Iike?
Can I have a cone, pIease,
Ms. Rabbit?
Of course you may, Peppa!
Thank you.
The same for me and
one for Daddy Pig, pIease.
And What WouId young
Mr. George Iike?
Dine-SaW!
A dinosaur?
SiIIy George!
He aIWays says

that I do have a
dinosaur shaped ice-IoIIy!
Dine-SaW! Grrrr!
George,
you shouId eat your
ice-IoIIy before it meIts.
Dine-SaW.
George Ioves his dinosaur
ice-IoIIy so much,
he doesn't Want to eat it.
Thank you, Ms. Rabbit!
Enjoy the Weather!
George, I reaIIy think you
shouId eat your ice-IoIIy
before it meIts and...
faIIs on the ground.
Oh, dear, George's dinosaur
ice-IoIIy has meIted
and faIIen on the ground.
Come on, George.
You can share Daddy's ice cream.
I'm sure he Won't mind.
It is so Warm,
Daddy Pig has faIIen asIeep!
Daddy Pig does Iook hot!
Let's tip Water on Daddy
to cooI him doWn!
Good idea, Peppa!
What happened?!!!
You Were aII red
and hot, Daddy Pig!
So We tipped Water on you!
Oh, I see. Thank you, Peppa.
Look! The puddIes are back!
Quick, George, Iet's get out boots!
Peppa and George are
Wearing their boots!
Peppa and George Iove the hot day.
But most of aII,
they Iove jumping up
and doWn in puddIes!
I'm Peppa Pig.
This is my IittIe brother, George.
This is Mummy Pig.
And this is Daddy Pig.
Peppa pig."
38,"UncIe Pig and Aunty Pig
and Cousin ChIoe.
I expect UncIe Pig WiII
faII asIeep after Iunch,
Iike he aIWays does.
Daddy Pig!
You shouIdn't say such things
about your oWn brother!
EspeciaIIy in front of
the chiIdren.
But it's true!
36 Mister Skinnylegs.
I'm Peppa Pig.
This is my IittIe brother, George.
This is Mummy Pig.
And this is Daddy Pig.
Peppa pig.
Mister SkinnyIegs!
Peppa is pIaying With her doII's house.
George is pIaying, too.
Peppa is making a tea party
for the doII famiIy.
Here, George! I'm the Mummy and Daddy.
You can be the chiIdren.
ChiIdren! It's nearIy tea time,
so you must Wash your hands.
George's putting the doIIs to bed.
Night night!
George, Why are you putting
the chiIdren to bed?
They're having a tea party.
George Iikes putting
the doIIs to bed.
ChiIdren, come doWn stairs
right noW
or you Won't
get any cake!
George isn't Iistening.
He's too busy putting
the doIIs to bed.
George! If you Want to pIay
With my doII's house,
you have to heIp
With the tea party.

the teapot With Water.
ChiIdren, come doWnstairs
right noW.
Mummy! We're coming!
George is going to fiII
the teapot With Water.
George has found
a spider in the sink.
George Wants the
spider to be his friend.
Oh!
George Iikes the spider.
The spider Iikes George.
Peppa Ioves
pIaying tea parties.
Where are aII the
chocoIate biscuits, Daddy?
We had Iots yesterday!
Oh, err, I'm sorry,
Mummy,
I must have eaten them aII.
Naughty Daddy.
George is putting
the spider to bed.
Night night.
George, What is it you're doing?
You have to heIp me
With the tea party.
HeIp, heIp!
Daddy! There's a spider
in my bedroom!!
Don't Worry, Peppa.
PIease, Daddy, take it aWay.
No need to panic.
HeIIo, George, have you
seen the spider?
It's too scary. Take it aWay.
There's no need
to be afraid, Peppa.
Spiders are very, very smaII
and they can't hurt you...
..But don't Worry,
Daddy WiII take it out of the bedroom.
Woah! He's quite big,
isn't he?
Umm...I'II just fetch Mummy Pig."
39,"Peppa feeIs
a IittIe bit braver.
He Iikes being in my doII's house.
HeIIo, chiIdren,
I hear you've found
a IittIe spider.
I'II take him out of the
bedroom so you tWo can pIay.
Mummy, his name
is Mr. SkinnyIegs.
Oh! Mr. SkinnyIegs is big,
isn't he?
Peppa and George Iike the spider.
Night night.
George is putting the
spider to bed.
No, George!
He Wants some tea.
He doesn't Want to be in bed.
Are you hungry,
Mr. SkinnyIegs?
WouId you Iike some cake?
Peppa isn't afraid of
the spider anymore.
Mummy, Daddy. Sit doWn.
We're aII going to have tea
With Mr. SkinnyIegs.
Who Wants tea?
Me, pIease! Me, pIease!
DeIicious!
Peppa Ioves pIaying tea parties.
Here's your tea, Mr. SkinnyIegs.
What's that?
You Want to say ''heIIo'' to my daddy?
HeIIo, Mr. Daddy Pig!
Heh, err, that's aII right,
Peppa.
Let Mr. SkinnyIegs
drink his tea..
You're not scared, are you, Daddy?
Oh, no, of course not...
Not so cIose.
Oooh!
Ooofff!
Peppa Iikes Mr. SkinnyIegs,
Everyone Iikes Mr. SkinnyIegs.

This is Mummy Pig.
And this is Daddy Pig.
Peppa pig.
Grandpa Pig's Boat
Granny Pig and Grandpa Pig
are taking Peppa and George
out for a day on the river.
WeIcome aboard, me hearties!
Peppa, George, Iet's put
your Iife-jackets on.
When Peppa and George are
on Grandpa Pig's boat,
they must Wear Iife-jackets.
On this boat,
I'm the captain.
37 Lunch
Lunch!
Peppa and George have come to
Granny and Grandpa Pig's
house for lunch.
Granny Pig!
Ganggy lg!
Hello, my little ones!
Would you like to pick some vegetables
from the garden for lunch?
Yes, please!
Grandpa Pig!
Baba lg!
Hello, Peppa, George.
This is Grandpa Pig's vegetable garden.
He has grown all these
vegetables himself!
What's this?
Dinesaw!
A dinosaur!
Let's choose some vegetables for lunch.
Peppa, do you like tomatoes?
Yes, Grandpa Pig!
George, do you like tomatoes?
No.
George does not like tomatoes.
Oh, dear.
Do you both like lettuce?
Yes, Grandpa Pig!"
40,"George does not like lettuce.
Oh, dear! I must have something
that George likes.
Do you like cucumber?
Yuck!
George does not like cucumbers,
and he does not like lettuce,
and he does not like tomatoes.
Well, George, what vegetable
do you like?
Chocolate cake!
Silly George! Chocolate cake
isn't a vegetable!
Maybe George will like
the vegetables
when they're made into
a lovely salad.
Ooh! Lovely fresh tomatoes,
lettuce and cucumber!
First, we have to wash them!
Peppa and George help Granny Pig
wash the vegetables.
Maybe that's enough washing.
Granny Pig has made
the tomatoes, lettuce
and cucumber into a salad.
Grandpa Pig, can you call
everyone to lunch?
Lunch!!!
Granny Pig has made
pizza for lunch.
And here's some salad
made with Grandpa's tomatoes,
lettuce and cucumber!
Chuck in, everyone!
George has eaten his pizza.
But George does not like the tomatoes
or the lettuce or the cucumber.
Oh, dear, George.
Don't you like the salad?
No.
George, just try a little bit
of this lovely tomato.
Yuck!
George. This is cucumber.
Grandpa Pig grew it in his garden!

George. It's yummy!
Now, now, George.
Look what I'm doing.
Now, it's a dinosaur!
Dinesaw!
George loves dinosaurs!
George is eating the tomatoes,
lettuce and cucumber!
Well done, George!
Would you like
some more, George?
Full.
George, are you too full
to eat any more tomatoes,
lettuce or cucumber?
George is too full to eat any more.
George, are you too full
to eat anything more?
George is too full
to eat anything more.
Oh, well, then you won't want
any of this CHOCOLATE CAKE!
Chocolate cake!
My word!
George seems to have
got his appetite back!
38 Sleepy Princess.
The SIeepy Princess!
It is night time.
Peppa and George are going to bed.
Goodnight, Peppa and George!
Mummy, Daddy?
Yes, Peppa?
I am not sIeepy.
Can I have a story?
But maybe George is sIeepy
and doesn't Want a story.
George, do you Want a story?
Say ''yes''!!
AIright! I WiII
teII you just one story!
If Daddy Pig teIIs
you a story,
you must both promise"
41,"We promise!
Hmmm. I think I'II teII you
the story of ''The SIeepy Princess''.
Is it a good story?
It sounds a bit boring.
It's not boring!
It's very good!
Is there a IittIe princess in it?
Peppa! If you keep taIking,
Daddy Pig can't start the story!
Sorry, Mummy!
Is there a IittIe princess
in the story, Daddy?
Yes, there is a
IittIe princess in it.
Hmmm... ''The SIeepy Princess.''
Once upon a time... in a castIe,
there Iived a IittIe princess.
And she Was caIIed
the SIeepy Princess.
Daddy, Why Was she
caIIed that?
I'II get to that Iater.
Was the SIeepy Princess pretty?
Yes, she Was very pretty!
She Ioved Iooking at
herseIf in the mirror.
I am so pretty!
Who eIse Was Iiving
in the castIe?
Er. WeII...
The others in the castIe Were...
the smaII Prince,
Queen Mummy and King Daddy!
That's right! They Were aII
Iiving there as WeII.
Did King Daddy
have a big tummy?
Of course not! He Was very
handsome, Iike me.
AnyWay, there Was
aIso a dragon!
Dine-SaW?
A dinosaur? Oh, yes,
it Wasn't a dragon.
It Was a dinosaur!

Rooooaaaarr!
Rooooaaarr!
Whaaaaaaaaaaaaa!
Oh, dear!
Maybe the dinosaur Wasn't
quite that fierce, Daddy Pig?
Sorry, George. No, the dinosaur
Was very gentIe.
It ate Iots of grass.
Daddy Pig!
Oh, sorry. I Was
being the dinosaur.
Daddy, Why is the princess
caIIed ''The SIeepy Princess''?
I'm coming to that.
You see, the sun set.
Then the stars and moon came out.
And everyone got very sIeepy.
But the most sIeepy of aII
Was the SIeepy Princess!
Peppa? Are you sIeepy?
No, Daddy! I am not sIeepy at aII.
But somebody is.
George! Wake up!
You'II miss the end of the story!
WeII, Peppa might not be sIeepy,
but the SIeepy Princess certainIy Was.
Looking at herseIf aII day in the mirror
had compIeteIy Worn her out.
Let's carry you to bed. Goodnight!
The SIeepy Princess Was so sIeepy,
she had faIIen fast asIeep.
Thank you for that story,
King Daddy!
You're WeIcome,
Queen Mummy.
And our IittIe prince and
princess enjoyed it, too!
39 The Tree House.
The Tree House!
Peppa and George are visiting
Granny Pig and Grandpa Pig.
Granny Pig!
Ganggy Ig!"
42,"Before you come in the house,
you must take off
your muddy boots.
Yes, Granny.
Peppa, George,
Iook What I've made!
LittIe curtains!
Ooooo!
What are the IittIe
curtains for, Granny?
It's a surprise!
Do you Want to see
What Grandpa Pig
has made for you, in the garden?
Yes, pIease,
Grandpa Pig!
Baba ig!
HeIIo, Peppa, George!
Look What I've made for you.
A tree house!
A tree house! For
George and me?
And the IittIe curtains are
for your tree house!
Hurray!
Peppa and George Iove
their tree house!
Thank you, Granny Pig!
Thank you, Grandpa Pig!
Who Wants
to go inside first?
Me! Me!
In you go then!
Before I go in my tree house,
I must take off my muddy boots!
I'm in my tree house!
I'm in my tree house!
George? WouId you Iike
to go in the tree house, too?
Yes? Who is it?
A young pig named ''George''
WouId Iike to pay a visit.
Can he come in?
As Iong as he takes off
his muddy boots.
George, take your boots off,

Who is it?
George?
Yes? Who is it?
It's Mummy Pig.
Have you room for any
more visitors?
Hmmmm. You have to say
the secret Words.
Then you can come into our house.
I see. And What are
the secret Words?
I have to Whisper them to you.
The secret Words are
''Daddy's Big Tummy!''
I see!
Say the secret Words!
''Daddy's Big Tummy.''
That's right!
''Daddy's Big Tummy!!''
I think those are siIIy
secret Words.
Mummy, before you come in our house,
you must take off your boots.
Of course.
There's room for Daddy, too!
Say the secret Words, Daddy!
Can I have different
secret Words, pIease?
No!
Oh, aII right.
''Daddy's Big Tummy.''
That's right!
You can come in noW, Daddy!
Take your boots off!
Er. I don't think I can
fit through the door.
That's because your tummy
is too big!
I knoW! Daddy Pig can
cIimb in through the top!
Peppa, George, Mummy Pig
and Daddy Pig
are aII in the tree house!
Granny, I Iove our tree house!
I don't Want to ever come out!
That's nice, Peppa."
43,"No, thank you, Granny.
In that case,
Grandpa Pig and I WiII
just have to eat my homemade
cookies aII by ourseIves.
Coookies!
Granny Pig!
Here are my home-made cookies!
But, if you Want to come in,
you have to say the secret Words.
That's easy!
''Daddy's Big Tummy!''
That's right!
WeII, I stiII think that those are
very siIIy secret Words.
40 Daddy Gets Fit.
I'm Peppa Pig.
This is my IittIe brother, George.
This is Mummy Pig.
And this is Daddy Pig.
Peppa pig.
Daddy Gets Fit!
Mummy Pig is Watching
a keep fit program
on teIevision.
Come on, noW, that's right.
bend it, stretch it,
bend it, stretch it.
Ahhh!
and one and tWo
I Iove Watching teIevision.
and three and four
What's this, Mummy Pig?
and one and tWo
It's a program about
doing exercises to keep fit.
Thank goodness!
I don't have to exercise!
I'm naturaIIy fit.
You don't Iook very fit, Daddy;
your tummy is a bit big!
I'm very fit! I'II shoW you!
What shaII I do first?
Touch your toes. Like this!

Daddy! Stop pretending that
you can't touch your toes.
Err... I'm not
pretending, Peppa.
Daddy Pig reaIIy cannot
touch his toes.
Oh, dear, Daddy!
That's not very good!
Hmmm... Maybe I shouId
do a bit of exercise.
Yes, Daddy.
And I WiII start...
tomorroW!
Daddy Pig! You have to
start exercising noW!
Oh!
Don't Worry, Daddy,
I WiII heIp you.
Oh, aIright! Peppa, you're
in charge of getting me fit.
What shouId I do first?
First, you must do
some press-ups!
Easy!
One, tWo.
There.
Very good, Daddy.
NoW, I Want you to do...
One hundred!
One hundred?!
Yes.
Come on, chiIdren,
heIp me make Iunch.
I'II heIp as WeII.
No, Daddy! You've got one
hundred press-ups to do.
Oh. One...
TWo...Three...
Mummy Pig, Peppa and George
Four...
are in the kitchen making Iunch.
Six...
Daddy Pig is stiII doing his press-ups.
Seven!...
Daddy is doing
Eight!"
44,"Yes,
Ten!...
I do hope he's not overdoing it.
EIeven!...TWeIve!...
I'II go and see.
Thirteen!... Fourteen!...
Fifteen!...Sixteen!...
Seventeen!..
Daddy Pig! You're cheating!
You shouId be doing press-ups!
Oh! Err...
There Was something
interesting on the TV.
Naughty Daddy!
Maybe Daddy WiII
have more success
With my oId exercise bike.
Aha! This Iooks Iike fun!
I'II be abIe to cycIe and
Watch TV at the same time.
It's impossibIe!
This bike is too noisy.
I can't hear the TV!
You've got to get fit somehoW.
I knoW!
You can use my bicycIe.
Yes, and then you'II get some
fresh air as WeII.
Daddy Pig is going to ride on
Peppa's IittIe bicycIe.
Daddy, these are the pedaIs.
These are the brakes...
And this is the beII.
Yes! Yes! Thank you, Peppa,
I knoW. Bye bye.
Easy as pie!
Getting fit is quite hard Work.
Aha! NoW I can get fit
Without having to pedaI!
Daddy Pig is going very fast.
Oh! Maybe I'd better sIoW doWn.
Arrgh! The brakes aren't strong enough!
HeIp!
Daddy Pig has been
gone for a Iong time.
Mummy, Where can Daddy be?

enjoying himseIf
to be aWay for so Iong.
Daddy! Where have you been?
I Whizzed aII the Way doWn the hiII,
and then I had to push the bike
aII the Way back up again.
Oh! Poor Daddy Pig!
WeII, at Ieast I've done my exercise.
Yes. For today.
What do you mean?
You'II have to do some
more exercise tomorroW.
What?
Daddy, to get fit, you have
to exercise every day.
Oh, no.
But don't Worry, Daddy,
I'II make sure you do it.
Yes! I knoW you WiII.
I'm Peppa Pig.
This is my IittIe brother, George.
This is Mummy Pig.
And this is Daddy Pig.
Peppa pig.
Tidying Up!
Peppa and George are in their
bedroom pIaying With their toys.
George, Iet's pIay doIIies
and dinosaurs.
Grrrrr...
What is that? It Iooks Iike
a horribIe monster!
41 Shopping.
I'm Peppa Pig.
This is my IittIe brother, George.
This is Mummy Pig.
And this is Daddy Pig.
Peppa pig.
Shopping!
Peppa and George are
going shopping!
Peppa and George Iike shopping.
George Ioves
sitting in the troIIey."
45,"Daddy, can I sit
in the troIIey, too?
You're too big
for the troIIey, Peppa.
Oh!
But you can heIp
With the shopping.
Oh, goody!
We've got four things on the Iist.
Tomatoes, spaghetti,
onions and fruit.
I'II find it aII!
This Way!
Peppa and George Iove shopping.
Peppa, first, We need tomatoes.
Hmmmm! I can see them!
I can see them!
Here are the tomatoes, Mummy.
WeII done, Peppa!
One, tWo, three, four.
NoW, put them in the troIIey.
I found the tomatoes!
WeII done, Peppa. Tomatoes,
that's one thing off the Iist.
What's next on the Iist?
Spaghetti!
Pi-getty!
That's right, George,
but it's caIIed spa-ghe-tti.
Pi-getty!
Spaghetti is Peppa and
George's favorite food.
I Wonder Where the spaghetti is?
I can see it! This Way!
Spaghetti! Look, Mummy!
Here's the spaghetti.
WeII done, Peppa.
Let's put this spaghetti in the troIIey.
Yes, Mummy.
Pi-getty!
George, it's caIIed
spa-ghe-tti.
Pi-getty!
What's next on the Iist, Peppa?
Crisps!
Crisps are not on the Iist.

Have another guess.
Hmmm. I just can't remember.
Can you remember, George?
Dine-SaW!
Dinosaur?
George, there aren't any
dinosaurs in the supermarket!
No, George. The next thing
on the Iist is onions.
Onions! I remember noW!
Here they are!
WeII done.
One, tWo, three, four!
Onions.
Very good.That's nearIy
everything on our Iist.
There's one Iast thing on the Iist.
A pIant? Is that on the Iist?
Oh, no, George. The Iast thing
on the Iist is fruit.
Oh.
Never mind, George.
You can choose the fruit.
Where is the fruit?
Over there!
There are appIes and
oranges and bananas
and a very big meIon.
What fruit shaII We have, George?
AppIes?
Oranges?
Bananas?
A meIon!
This is the checkout Where
aII the food is paid for.
Tomatoes, spaghetti, onions, meIon,
chocoIate cake...
ChocoIate cake?
ChocoIate cake? Is that on the Iist?
Peppa? Did you put the chocoIate
cake in the troIIey?
No, Mummy.
George? Did you put the chocoIate
cake in the troIIey?
No.
WeII, I didn't put it in."
46,"nice for pudding.
Daddy Pig!
Naughty Daddy!
Sorry! It just Iooked so deIicious.
It does Iook rather yummy.
Oh, Iet's pretend it Was on the Iist.
ChocoIate cake.
Hurray!
I'm Peppa Pig.
This is my IittIe brother, George.
This is Mummy Pig.
And this is Daddy Pig.
Peppa pig.
My Birthday Party!
It is Peppa's Birthday.
It is very earIy in the morning.
It's my birthday!
George! Wake up! It's my birthday!
I'm going to have a party!
42 Chloes puppet show.
I'm Peppa Pig.
This is my IittIe brother, George.
This is Mummy Pig.
And this is Daddy Pig.
Peppa pig.
ChIoe's Puppet ShoW!
Peppa and her famiIy are visiting
UncIe Pig and Aunty Pig
and Cousin ChIoe.
I expect UncIe Pig WiII
faII asIeep after Iunch,
Iike he aIWays does.
Daddy Pig!
You shouIdn't say such things
about your oWn brother!
EspeciaIIy in front of
the chiIdren.
But it's true!
UncIe Pig aIWays eats too much
Iunch and faIIs asIeep,
snoring IoudIy!
Like this.
Err... Peppa, George,
forget What I just said

Okay, Daddy!
Peppa and her famiIy
have arrived at
UncIe Pig and Aunty Pig's house.
HeIIo, Aunty Pig and
UncIe Pig!
HeIIo!
HeIIo, everyone!
HeIIo, big brother!
UncIe Pig is
Daddy Pig's brother.
ChIoe Pig is Peppa
and George's cousin.
HeIIo, ChIoe!
HeIIo, Peppa! HeIIo, George!
I Want to shoW you something!
Wait for us!
This is my neW puppet theater!
My daddy made it for me.
WoW!
Ooo!
I've made tWo puppets aIready!
This one is caIIed ChIoe!
HeIIo! I am ChIoe Pig.
And this one is my daddy.
UncIe Pig!
HeIIo, Peppa!
I am UncIe Pig.
ChIoe? Can me and George
make puppets, too?
Yes.
ChIoe paints
the puppet's eyes.
Can I do the mouth?
Ok.
My name is Peppa!
George? What puppet WouId
you Iike to make?
Dine-SaW!
A dinosaur?
George aIWays says
''dinosaur'' for everything.
Ok, a scary dinosaur puppet.
ChIoe is making George
a dinosaur puppet.
It needs pointy teeth."
47,"Lunch time, everyone!
Coming!
After Iunch, We'II
do a puppet shoW!!
Hurray.
Aunty Pig has made
spaghetti for Iunch!
This spaghetti is deIicious!
Best spaghetti ever!
You can teII you tWo
are brothers!
AIike in everyWay.
What do you mean?
We are compIeteIy different!
Peppa, George and I are going
to do a puppet shoW!
Fantastic! CaII us
When you're ready.
See you Iater
A puppet shoW!
That sounds fun.
Have I got time for
some more spaghetti?
CouId I have some more, too?
The puppet shoW is about to begin!
HeIIo! My name is ChIoe.
And I am Peppa!
Grrrrrrrr!
Ahhhh! It's a dinosaur!
A scary dinosaur! Eeek!
Grrrrrrrr!
I say! That's very good!
Bravo!
I am UncIe Pig
HeIIo, UncIe Pig!
HeIIo, Peppa!
It Iooks just Iike you!
I think they've made
my tummy a bit big.
I did enjoy my Iunch!
UncIe Pig? Are you going to faII asIeep
and snore Iike you aIWays do?
What do you mean?
Daddy says you aIWays faII asIeep
and snore IoudIy, Iike this.
Your daddy's right.

You shouIdn't have said those
things about UncIe Pig!
I don't think Daddy Pig
or UncIe Pig can hear you!
Daddy Pig and UncIe Pig
have faIIen asIeep.
You can teII they are brothers!
Eh?! What happened?
Ugh? Has the puppet
shoW started yet?
I'm Peppa Pig.
This is my IittIe brother, George.
This is Mummy Pig.
And this is Daddy Pig.
Peppa pig.
Daddy Gets Fit!
Mummy Pig is Watching
a keep fit program
on teIevision.
Come on, noW, that's right.
bend it, stretch it,
bend it, stretch it.
Ahhh!
and one and tWo
I Iove Watching teIevision.
and three and four
What's this, Mummy Pig?
and one and tWo
43 My Birthday Party.
I'm Peppa Pig.
This is my IittIe brother, George.
This is Mummy Pig.
And this is Daddy Pig.
Peppa pig.
My Birthday Party!
It is Peppa's Birthday.
It is very earIy in the morning.
It's my birthday!
George! Wake up! It's my birthday!
I'm going to have a party!
And Daddy is doing
a magic shoW!
Quick, George! Let's Wake
Mummy and Daddy up!"
48,"are stiII fast asIeep.
Wake up, it's my birthday!
Wake up!
Oof! Eh?
What time is it?
It's very Iate.
It's five o'cIock in the morning.
Yes! The WhoIe day is going!
Ok, Iet's get your birthday started!
Yippee!
Mummy Pig, Daddy Pig, and George
are giving Peppa her birthday present.
Happy birthday, Peppa!
What is it?
A doII's dress!
I can put it on Teddy!
Thank you, everyone!
You're WeIcome, Peppa.
I didn't knoW
Teddy Was a girI teddy.
Oh, Daddy, of course
Teddy's a girI.
I Iove my neW dress.
Thank you, everyone.
You're WeIcome, Teddy.
Don't get it dirty.
Do you knoW What's
happening next, Peppa?
Yes, my friends are coming
for my birthday party,
and Daddy is doing
a magic shoW!
No one WiII knoW
the magician is your daddy.
You WiII introduce me as,
''The Amazing Mysterio!''
''The Mazy Misty-O.''
Yes, ''The Amazing Mysterio!''
Daddy's been practicing
his magic tricks aII Week!
My friends are here!
Yippee!
Here are Peppa's friends,
Candy Cat, Suzy Sheep, Danny Dog,
Rebecca Rabbit and Pedro Pony.
HeIIo, everyone!

The party is starting!
Hurray!
Daddy Pig is going
to do a magic shoW!
Peppa, remember What
you have to say,
''Ladies and gentIemen, introducing
the Amazing Mysterio!!''
Okay, Daddy!
Ladies and gentIemen.
Um. It's Magic Daddy!!!
Hurray!
For my first trick!
Abracadabra!
WoW! It's Teddy!
For my next trick, I need a
heIper from the audience.
Me! Me! Me! Me!
I just need one!
Young Iady, you put
your hand up first.
Can you teII the
audience your name?
Baaa! Suzy Sheep.
Okay, Suzy. Here are three baIIs.
A red one, a bIue one
and a yeIIoW one.
Okay.
You have to secretIy choose one
WhiIe my back is turned.
Okay.
Have you chosen one?
Yes.
Abracadabra! You chose... YeIIoW!
No.
Er. Abracadabra!... BIue!
No.
Abracadabra!... Red!
Yes! It is red!
Hurray!
SiIIy Magic Daddy,
you said aII three coIors!
Shush... Peppa! Don't teII anyone!
WouId you Iike one more trick?
Yes, pIease!
Whoooo!"
49,"''Abracadabra!''
Ab-Ra-Ca-Dabra!
Open your eyes!
Ooo!
Hurray! My banana birthday cake!!
BIoW the candIes out, Peppa.
Hurray! Happy birthday, Peppa!
Thank you, everyone!
This is my best birthday ever!
I'm Peppa Pig.
This is my IittIe brother, George.
This is Mummy Pig.
And this is Daddy Pig.
Peppa pig.
Daddy's Movie Camera!
Mr. Zebra, the postman, is
deIivering a parceI
to Peppa's house.
ParceI for you, Mr. Pig!
Thank you, Mr. Zebra.
Goodbye!
Look! I just got a parceI in the post!
44 The Playground.
I'm Peppa Pig.
This is my IittIe brother, George.
This is Mummy Pig.
And this is Daddy Pig.
Peppa pig.
The PIayground!
Peppa and George are at the
pIayground With their friends.
Candy Cat and Pedro Pony
are on the cIimbing frame.
Suzy Sheep, Danny Dog,
and Rebecca Rabbit
are pIaying on the sIide.
Weeee!
Weeee!
Weeee!
Peppa is pIaying
on the sWing.
Mummy, Mummy!
Push me! PIease!
Are you ready?

reaIIy high.
Weeee!
Higher, Mummy!
Weeee!
George Wants to pIay
on the sWing.
NoW, it's your turn, George.
HoId tight!
I Want to push George.
Push George gentIy, Peppa.
Yes, Mummy.
HoId tight, George!
Weeee!
Waaaaa!
Oh, dear! Peppa has pushed
George too high!
George dose not Iike being up high.
Peppa! You knoW George is
a bit scared of heights!
Sorry, George!
Let's pIay on the cIimbing frame!
HeIIo, Suzy!
HeIIo, Danny!
HeIIo, Peppa!
Wheeeee!
Wheee.
You are doing it aII Wrong!
This is the proper Way
to sWing across!
Stand back!
Ready, steady, go!
Wheee! Look at me!
I'm fIying Iike a bird!
Oh! I can't get out!
Peppa is stuck in the tire!
It's not funny!
WeII, it does Iook a bit funny.
We'II have to puII you out.
Peppa's friends are
heIping to free her.
Hurray!
Thank you, everyone.
George, do you Want to pIay
on the cIimbing frame?
The cIimbing frame is quite high.
George does not Iike being up high."
50,"Let's pIay on the sIide.
Yes! The sIide!
Peppa Ioves the sIide.
Everyone Ioves the sIide.
Mummy! Daddy! Look at me!
Ready, steady, go!
Wheeee!
Wheeee!
Wheeee!
Wheeee!
Whee!
Wheeee!
George Wants to pIay on the sIide.
Are you sure, George?
It is a bit high.
AIright, I'II heIp you
up the steps.
Oh, dear! It is a bit
too high for George.
Waaaa!
Don't cry, George;
I'II sIide doWn With you.
Daddy, you're too big
to go doWn the sIide!
Don't be siIIy, Peppa,
I'm not too big.
Stand back! Ready,
steady, go!
Daddy Pig is stuck!
It's not funny!
It Iooks very funny, Daddy.
I suppose it is a bit funny.
We'II have to push you doWn.
Oooof!
Wheee!
Daddy's tummy is just
Iike a bouncy castIe!
George Ioves bouncing
on Daddy's tummy.
George isn't afraid of
heights anymore!
I'm Peppa Pig.
This is my IittIe brother, George.
This is Mummy Pig.
And this is Daddy Pig.
Peppa pig.

have a neW picture of
Peppa and George.
We shouId put this IoveIy,
neW picture on the WaII.
Leave it to me.
I am the DIY expert of the house.
45 Tidying Up.
I'm Peppa Pig.
This is my IittIe brother, George.
This is Mummy Pig.
And this is Daddy Pig.
Peppa pig.
Tidying Up!
Peppa and George are in their
bedroom pIaying With their toys.
George, Iet's pIay doIIies
and dinosaurs.
Grrrrr...
What is that? It Iooks Iike
a horribIe monster!
Dine-saW!
Grrr!
Arrrgh! It's a dinosaur!
HeIp! HeIp!
Raarrr!
Arrrgh!
HeIp! HeIp!
Raarrr!
Daddy Pig is in the sitting room,
reading his neWspaper.
Mummy Pig is reading her book.
Raarrr!
Arrrgh! HeIp! HeIp!
What are they doing?
Arrrgh! HeIp! HeIp!
Grrr!
Peppa, George,
What's going on?
Raaaaa...
Arrgh...
What's aII this noise?
Wooooah! HeeeIp!
What on earth is going on?
What a Iot of noise!"
51,"mess on the fIoor!
Someone couId trip over
and hurt themseIves.
Someone did trip over
and hurt themseIves!
Oh, dear! Poor Daddy Pig.
Come on, chiIdren,
Iet's do a bit of tidying up.
But Mummy,
We're pIaying doIIies
and dinosaurs.
You can pIay again
When you've tidied up.
But it's aII George's mess.
Is it reaIIy?
So this must be one of
George's IoveIy dresses?
No.
WeII, maybe some of the messes is mine.
Right! I'II heIp George tidy
and Mummy Pig can heIp Peppa.
We can have a race.
GirIs against boys!
Good idea! Let's see
Who can tidy up first.
Ready, steady, go!
We're Winning!
No, you're not!
There! Oh! What's this?
Teddy! I've been
Iooking for you.
Quick, Peppa! Put Teddy
in your toy basket.
There! NoW these books.
LoveIy!
What do We have here?
Dine-saW!
That's right!
It's a dinosaur book.
It's George's pop-up
dinosaur book.
Oh!
This is a
tyrannosaurus rex.
Tyrannosaurus rex.
That's right!

Brontosaurus.
Yes.
And this is a triceratops.
Try-cy-tops.
WeII done, George.
George Ioves dinosaurs.
Daddy, George, you've
stopped tidying up!
You'II Iose the race!
Oh, yes, the race!
Come on, George, put this
back on the booksheIf.
Daddy, you're very sIoW
at tidying up.
Mummy and I
are going to Win.
No! We're going to Win!
We Win!
No! We Win!
We aII Win. Look
hoW tidy the room is.
Hurray!
What a tidy room!
WeII done, everyone.
Mummy, noW that We've
tidied our room,
can We pIay doIIies and
dinosaurs again?
Yes, you can carry on
With your game noW.
Yippee!
Where are my doIIs?
Where is Mr. Dinosaur?
Here they are!
Grrr! Dine-saW!
Arrgh! It's a dinosaur!
HeIp! HeIp!
Oh, dear,
Grrr!
the room
is untidy again.
Oh!
Oh!
WeII, at Ieast
it Was tidy for a bit.
I'm Peppa Pig."
52,"And this is Daddy Pig.
Peppa pig.
The PIayground!
Peppa and George are at the
pIayground With their friends.
Candy Cat and Pedro Pony
are on the cIimbing frame.
Suzy Sheep, Danny Dog,
and Rebecca Rabbit
46 Frogs and Worms and
Butterflies.
I'm Peppa Pig.
This is my IittIe brother, George.
This is Mummy Pig.
And this is Daddy Pig.
Peppa pig.
Frogs and Worms and ButterfIies!
Peppa and George are heIping
Grandpa Pig in his Garden.
What a beautifuI butterfIy.
Grandpa, Why do
butterfIies Iike fIoWers?
They get their food from fIoWers.
HoW?
They have very Iong tongues.
Longer than mine?
Oh, yes, the butterfIy's tongue
is even Ionger than yours.
She uses it to drink from
the fIoWer.
SIurrrrp!
Burp!
WoW!
Peppa, the
butterfIy thinks you're a fIoWer.
I'm not a fIoWer!
I'm Peppa Pig!
She is so pretty.
I Want to be a butterfIy.
Peppa is pIaying at being a butterfIy.
I'm a IittIe butterfIy.
George Wants to pIay, too.
George! I'm the butterfIy!

I knoW! You can be
a WriggIy Worm!
Look! Look! I'm a butterfIy.
Oh, dear!
George does not Want to be a Worm.
He Wants to be a butterfIy.
George, When I Was a IittIe piggy,
I used to Iike pIaying at being a Worm.
It's very easy to be a Worm.
I'II shoW you hoW.
First, you have to Iie doWn on the ground.
Then, you WriggIe around.
I'm a WriggIy Worm!
George and Grandpa Pig
are having such fun
being WriggIy Worms.
I'm a IittIe butterfIy,
I'm a IittIe butterfIy.
Look! Grandpa! I'm a butterfIy!
Yes, Peppa, you're
a beautifuI butterfIy.
Grandpa! George!
What are you doing?
We are WriggIy Worms.
I Want to be a WriggIy Worm, too!
I'm a WriggIy Worm!
I'm a WriggIy Worm!
I'm a WriggIy Worm, I'm a WriggIy Worm.
HoW do you do? I Iove you!
I'm a WriggIy Worm.
That Was fun. What animaI
do you Want to be noW?
Hmmm! I don't knoW.
Look, Grandpa! There's a IittIe frog!
Why don't you pIay at being frogs?
Hmmm, frogs are not
as pretty as butterfIies
or as WriggIy as Worms.
But frogs do pIay a game you Iike.
Hmmm... do frogs pIay doIIs' houses?
SiIIy Peppa.
What's your favorite game?
Jumping in muddy puddIes!
Yes! Frogs Iove jumping in
muddy puddIes.
Yes, George! Let's pIay frogs!"
53,"The froggies have found a nice
big muddy puddIe to pIay in.
Peppa and George Iove jumping
up and doWn in muddy puddIes.
Everyone Ioves jumping up and doWn
in muddy puddIes.
ButterfIies and Worms are
very nice!
But I Iike frogs the best!
I'm Peppa Pig.
This is my IittIe brother, George.
47 Daddy Puts up a Picture.
I'm Peppa Pig.
This is my IittIe brother, George.
This is Mummy Pig.
And this is Daddy Pig.
Peppa pig.
Daddy Puts up a Picture!
Mummy Pig and Daddy Pig
have a neW picture of
Peppa and George.
We shouId put this IoveIy,
neW picture on the WaII.
Leave it to me.
I am the DIY expert of the house.
Are you sure you can do it?
Of course! I'II just put
a naiI in the WaII
and hang the picture on it.
Very good. I'm just off
to visit Granny and Grandpa Pig.
I'II see you Iater.
And pIease, don't make a mess.
Mess?
Goodbye. Goodbye.
Daddy, can We heIp
put up the picture?
You can Watch
and then you'II Iearn
hoW to do it properIy.
First, I need a tape measure.
And a penciI.
That is Where I'm
going to put the naiI.

NoW I need a hammer and a naiI.
Stand back, chiIdren,
and Watch a craftsman at Work.
Daddy Pig is going to knock
the naiI into the WaII.
Don't break the WaII, Daddy.
Don't be siIIy, Peppa.
Easy as pie.
Oh, it's not meant to do that.
Daddy Pig has made
a big crack in the WaII.
Oh, Daddy! You've
broken the WaII.
It's just a tiny crack. The
picture WiII hide it.
There!
I can stiII see the crack, Daddy.
Yes, I'II just take the naiI out
and fiII in the crack.
Don't make a mess, Daddy.
Don't be siIIy, Peppa.
It's coming out.
WOOAH!
Oh, Daddy!
NoW you reaIIy have
broken the WaII.
Do you think Mummy
WiII notice?
Er... Yes, I think she might.
Quick, George!
What are they doing?
Daddy, We can see you.
Hmmmm.
Daddy Pig has to mend the WaII
before Mummy Pig comes home.
Brick, pIease.
First, Daddy Pig fiIIs
the hoIe With bricks.
There.
Next, Daddy Pig puts
pIaster over the bricks.
Easy as pie!
Then Daddy Pig paints the WaII.
Good as neW!
The WaII is mended.
Hurray!"
54,"Goodness me!
We had better cIean up
before Mummy comes back.
First, Daddy Pig quickIy
Washes Peppa and George.
Then peppa vacuums the fIoor.
And Daddy Pig tidies up the tooIs.
Mummy!
Mummy Pig is home.
Mummy!
Mummy's here!
Quick! Pretend nothing has happened.
HeIIo.
HeIIo.
What have you been doing?
Oh, nothing.
Yes. I can see you've
been doing nothing.
I thought you Were going
to put the picture up.
In aII the excitement, Daddy Pig
has forgotten to put the picture up.
Oh!
WeII, I'm no expert, but
I'm sure it's quite easy.
There!
Hmmm... yes, that did Iook quite easy.
But When you did it, Daddy,
it Iooked reaIIy hard.
Shhhhh! Peppa, don't teII anyone!
48 At the Beach.
I'm Peppa Pig.
This is my IittIe brother, George.
This is Mummy Pig.
And this is Daddy Pig.
Peppa pig.
At the Beach!
Peppa and her famiIy
are going to the beach.
Peppa and George Iove
going to the beach.
What a Iot of stuff!
We must be carefuI not to
forget anything When We go.

toWeIs,
buckets and spades,
and a spotty baII.
Good. NoW,
before you start pIaying,
you need some sun cream on.
The sun is very hot,
so Peppa and George have
to have sun cream on.
Let's try out this spotty baII!
It seems to Work.
What a great spotty baII!
George, you throW the baII
and I WiII catch it!
George! Catch!
Oh, dear. George is too IittIe
to catch the baII.
Never mind, George.
WouId you and Peppa Iike to
have a paddIe in the sea?
Yes, pIease, Daddy!
Let's put your
Water-Wings on.
There We go. You Iook very smart
in your Water-Wings, George.
My turn! My turn!
Good.
NoW We can pIay in the Water.
Hurray!
Is the Water coId?
It's IoveIy and Warm!
Aaaah!
Whaaoo!
Steady on!
You started it, Daddy Pig!
Woah! Maybe that's
enough spIashing.
Wheee! Daddy,
I Iove being at the beach.
Peppa and George Iove the beach.
Everyone Ioves the beach.
Peppa, George,
WouId you Iike to pIay With
your buckets and spades?
Yes, pIease, Mummy!
Daddy! Daddy!"
55,"PIease, Daddy!
Oh, aIright!
Yippee!
Peppa and George are
burying Daddy Pig in the sand!
Steady on!
There!
NoW you can't escape!
My head is getting a bit hot.
Can I have my straW hat?
WeII... if you say ''pIease''.
PIease, can I have
my straW hat?
Yes, you may, Daddy.
That's nice. Maybe I'II
just have a IittIe sIeep...
George, Iet's make sand castIes!
Peppa and George
are making sand castIes!
First, We put sand in the buckets.
Like this.
We turn the buckets upside doWn
and tap them...
And Iift the bucket up!
Hey, presto!
A sandcastIe!
Hey, presto!
Another sand castIe!
Peppa, George, home time!
Don't Ieave any stuff behind.
Let's check that We haven't
forgotten anything...
ToWeIs, beach-bag, sunshade,
and the spotty baII.
That's everything!
I'm sure We've
forgotten something...
Of course!
We forgot the hat!
Daddy! We forgot Daddy!
Yes, We forgot Daddy Pig!
Eh? What?
Daddy, We aImost Ieft you behind!
But George remembered you.
WeII, I'm gIad
George remembered me!

This is Mummy Pig.
And this is Daddy Pig.
Peppa pig.
Mister SkinnyIegs!
Peppa is pIaying With her doII's house.
George is pIaying, too.
Peppa is making a tea party
for the doII famiIy.
Here, George! I'm the Mummy and Daddy.
You can be the chiIdren.
49 Cleaning the Car.
I'm Peppa Pig.This
is my IittIe brother, George.
This is Mummy Pig.
And this is Daddy Pig.
Peppa pig.
CIeaning the Car!
Daddy Pig is taking the famiIy
for a drive in the country.
Come on!
Is everyone ready?
Ready!
Yes, Daddy Pig, We're ready.
But the car isn't ready!
Look hoW messy it is!
Oh, it's not too bad.
You shouId see hoW
messy it is inside!
Oh!
Naughty, messy Daddy!
Naughty, messy Daddy!
Look at aII this rubbish!
NeWspapers!
They're mine.
SWeets!
They're mine!
Mr. Dinosaur!
Dine-saW! Grrrr!
We must cIean the car
before We go for a drive.
Oh, right you are, Mummy Pig.
Mummy, can We heIp to cIean the car?
Yes, if you Want to.
Hurray!"
56,"soapy Water to Wash the car.
Daddy pig
is Washing the roof.
Mummy Pig is
Washing the bonnet.
Peppa is Washing the doors.
George Wants to Wash the WindoWs.
But he is too IittIe.
Poor George. Let me heIp you.
Oh, dear! George has
dropped his sponge
in a muddy puddIe.
George, you're making the
car aII muddy again!
I WiII Wash the mud off.
Peppa, don't use the...muddy Water.
Oh, dear! Peppa has throWn
the muddy Water
aII over the car.
Oh.
Never mind.
We can use the garden
hose to cIean it off.
Yes! Yes!
Can I hoId the hose?
Peppa hoIds the hose and
Daddy Pig turns on the Water.
Where's the Water?
Wahhh!
Arrgh! Peppa! Stop!
Sorry, Mummy.
Oh.
Argh! Daddy Pig! PIease
turn off the Water!
Oh! No need to panic.
Oh, dear, everyone is Wet.
At Ieast the
car has been Washed.
We've aII been Washed.
You go and dry yourseIves
WhiIe I poIish the car.
See you Iater.
See you Iater.
Daddy Pig is poIishing
the car so WeII,
he can see his face in it.

It's Peppa and George!
And Mummy Pig.
What a IoveIy, shiny car.
Yes, I am a bit of an
expert at these things.
Come on, I'II drive today.
Is everybody ready?
Ready!
Then Iets go!
I hope you WiII aII keep
this car cIean today.
Yes, Mummy Pig.
Yes, Mummy Pig.
Arrgh!
Mummy, noW you've made
the car aII muddy again.
Naughty Mummy.
Naughty, messy Mummy.
50 Grandpa Pigs Boat.
I'm Peppa Pig.
This is my IittIe brother, George.
This is Mummy Pig.
And this is Daddy Pig.
Peppa pig.
Grandpa Pig's Boat
Granny Pig and Grandpa Pig
are taking Peppa and George
out for a day on the river.
WeIcome aboard, me hearties!
Peppa, George, Iet's put
your Iife-jackets on.
When Peppa and George are
on Grandpa Pig's boat,
they must Wear Iife-jackets.
On this boat,
I'm the captain.
Aye-aye, Captain!
Aye-aye, Captain!
When Captain Grandpa teIIs
you aII to do something,
you must do it.
UnIess it's something siIIy.
Captain Grandpa never says
anything siIIy."
57,"George! Raise the fIag!
Peppa! Ring the beII!
Aye-aye, Captain!
Granny Pig! Take the WheeI!
Aye-aye, Captain!
FuII saiI!
FuII saiI!
Maybe you shouId go
a IittIe sIoWer, Grandpa Pig.
Good idea, Granny Pig.
I don't Want to
use up aII my petroI.
Grandpa, I Iiked it
When We Went fast.
Don't Worry, Peppa,
We'II go fast Iater!
Look! There's another boat!
Here's Granddad Dog.
He's taking Danny Dog
out for a day on the river.
Ahoy there, Granddad Dog!
Ahoy there, Grandpa Pig!
HeIIo, Danny!!
HeIIo, Peppa!
Granddad Dog is Grandpa Pig's
very best friend.
I'm surprised
your boat is stiII afIoat,
Granddad Dog. It must be
aImost as oId as you are!
Woof! This oId boat can go
faster than your
rusty bucket any day,
Grandpa Pig.
AIright, you oId sea-dog,
race you!
Prepare to Iose, Water-hog!
You tWo are acting
Iike IittIe chiIdren!
Granddad Dog caIIed me a Water-hog.
You caIIed him a sea-dog first, Grandpa.
You shouId say ''sorry''.
OnIy if he says ''sorry'' first.
Granddad, say ''sorry'' to Grandpa Pig.
He is your best friend.
No. He's a Water-hog and

to the next bridge!
On the count of three.
One... TWo...
GO!!!
You started too soon!
Catch me if you can,
Water-hog!
Woof! Woof!
Sea-dog!
Is that as fast as you can go?
Can't catch me!
I Win!
Oh, dear. Grandpa Pig's boat
has run out of petroI.
Very cIever, Captain Grandpa.
Maybe I did go a bit too fast.
HoW WiII We get home?
Look, there's Granddad Dog!
Granddad Dog can toW us home!
I'm not being toWed
by that sea-dog.
I haven't offered to toW
the Water-hog.
WiII you tWo ever groW up?
Grandpa, say ''sorry'' to Granddad Dog.
I'm sorry I caIIed you a sea-dog.
Granddad, say ''sorry'' to Grandpa Pig.
I'm sorry I caIIed you a Water-hog.
That's nice. Granddad Dog,
WouId you be so kind as to toW us home?
It WouId be my pIeasure, madam!
Catch this, Captain!
Aye-Aye, Skipper!
Granddad Dog is Grandpa Pig's
very best friend!
Woof Woof!
Granddad Dog is toWing
Grandpa Pig's boat home.
The main thing is
I Won the race.
Grandpa Pig!
Naughty Grandpa Pig!
Peppa! Ring the beII!
Aye-Aye, Captain Grandpa!
I'm Peppa Pig.
This is my IittIe brother, George."
58,"Peppa pig.
Shopping!
Peppa and George are
going shopping!
Peppa and George Iike shopping.
George Ioves
sitting in the troIIey.
51 Daddys Movie Camera.
I'm Peppa Pig.
This is my IittIe brother, George.
This is Mummy Pig.
And this is Daddy Pig.
Peppa pig.
Daddy's Movie Camera!
Mr. Zebra, the postman, is
deIivering a parceI
to Peppa's house.
ParceI for you, Mr. Pig!
Thank you, Mr. Zebra.
Goodbye!
Look! I just got a parceI in the post!
Can anyone guess What's inside?
Dine-SaW!
Oh, George! You aIWays say
''dinosaur'' for everything!
The parceI
is far too smaII
to have a dinosaur inside!
Hmmm... I think it's
a... a neW toy!
You're very cIose.
I knoW What it is!
Your neW camera!
A neW toy for Daddy Pig!
That's right!
It's a movie camera!
We can make movies With it
and Watch them on our teIevision!
Can I use it first, Daddy?
It's a bit too
difficuIt for chiIdren to use.
Even I need to read the instructions!
Hmmm. It's a bit harder than I thought...
Suzy Sheep's mummy has

She sWitches it on Iike this.
Oh. WeII done, Peppa.
Beep! Beep! Thank you for purchasing
the movie 3000!
Beep! Beep! I am eager and ready
to shoot your first movie. Beep Beep!
Is there a Way to turn that voice off ?
Err. I'm not sure.
Beep! Beep!
Thank you for purchasing
the movie 3000!
Beep! Beep!
On Suzy's camera,
you just press this button
to stop it taIking.
Beep! Beep!
Thank you for purchasing ....
NoW it Won't taIk anymore.
WeII done, Peppa.
What shaII I fiIm first?
FiIm me!
Ok, Peppa!
HeIIo! I'm Peppa Pig!
Come on, everyone.
HeIIo! I'm Peppa Pig!
Again! Again!
Ok!
HeIIo! I'm Peppa Pig!
Again! Again!
HeIIo! I'm Peppa Pig!
Again! Again!
Maybe We shouId
fiIm something neW!
I knoW! Daddy Pig
must Ieave the room
and We'II make a movie
to shoW him!
This Way.
Daddy Pig has to Wait
in the kitchen,
WhiIe Mummy Pig, Peppa and George
make a secret movie!
No peeking ,Daddy Pig!
We must aII have to do something.
George? Do you Want to go first?
Are you ready?"
59,"Finished! You can come in noW!
George has made a movie
and so has Peppa!
Let's see George's movie first!
Dine-saW.
Grrrrr!
George is pretending
to be a dinosaur.
Grrrrr!
That's a very scary dinosaur.
GRRrrrrrrRRRRRR!
Oh, dear, George is frightened!
Don't be frightened, George,
that's not a reaI dinosaur on TV,
it's you!
Grrrrrrrrrr!
Dine-SaW!
NoW, Iet's see Peppa's movie.
Who is that meant to be?
I am Daddy Pig!
I see.
My tummy is very big
because I eat a Iot of cookies!
My tummy is not big!
But it is true that I Iike cookies.
And the more you eat,
the bigger your tummy gets!
Ok, What's next?
This is my sWeet IittIe brother, George.
This is Mummy Pig.
This is me.
And this is the reaI Daddy Pig.
52 School Play
School Play!
Peppa's playgroup are
going to put on a play.
The Little Red Riding Hood.
Hurray.
All the children have
parts in the play.
They have to practice at home.
Peppa is going to be the
Little Red Riding Hood.
Mummy Pig has

Daddy Pig is helping
Peppa practice.
Okay, Peppa, what do you say?
I'm Little Red Riding Hood.
Very good. Then what?
Um.
I'm going to visit my grandma!""
I'm going to visit my grandma!
Bravo, Peppa.
Danny Dog is going to play
the Big Bad Wolf.
Woof Woof!
Granddad Dog and Mummy Dog
are helping him practice.
I'm the Big Bad Wolf.
Try not to laugh, Danny.
You should be a bit scarier.
Try it like this, Danny.
I'm the Big Bad Wolf!
I'm going to eat you all up!
GRRRRRRR!
You see?
Yes! That was really scary!
Pedro Pony is going to play the Hunter.
He will rescue Peppa
from the Big Bad Wolf.
Um. I'm the Hunter...
and...
Pedro is a bit shy.
Neigh, you say,
""I'm going to chase you away,
you Big Bad Wolf!""
Um. Go away, naughty wolf.
Very good, Pedro.
Rebecca Rabbit is going
to be the Grandma.
What do I say, Mummy?
Lets' see.
At the start of the play,
you get locked in a
cupboard by the Big Bad Wolf.
Then, right at the end of the play,
you are rescued by the Hunter.
And you say, ""Thank you.""
Thank you.
Very good, Rebecca."
60,"Ladies and gentlemen,
welcome to our play,
""The Little Red Riding Hood"".
First, let us meet the actors!
Please, please!
For the sake of the actors,
no photography, please!
And now our play begins!
Grandma is at home.
But who is this visitor?
Woof woof! I'm the Big Bad Wolf.
Well done, Danny!
Um.
Oh, dear. Danny has forgotten
what he says next.
Grandma, you must
go in the cupboard.
Woof!
Go in the cupboard!
The Big Bad Wolf is
pretending to be Grandma!
Ooooh!
I am Little Red Riding Hood.
I'm going to visit my grandma.
Bravo, Peppa!
Daddy! You must not take photos!
Oops! Sorry, Peppa!
Carry on.
I'm going to visit my grandma.
Oh. You don't look like my grandma.
What big eyes you have.
What big teeth you have.
Grrr!
You are not Grandma!
You are the Big Bad Wolf!
Ooo...
Help! Oh, help!
But look who is here!
Just in time! Pedro the Hunter!
Help! Oh, help!
Just in time! Pedro the Hunter!
Pedro is a bit shy.
Pedro, would you like me
to come on with you?
Yes, please.
You are a very naughty wolf.

Thank you.
Bravo!
Bravo! Bravo!
Bravo!
Pedro, you were very good.
You were almost
as good as me."
